2026-05-02 07:17:05,746 | INFO     | execution.paper_trading | [PAPER] État chargé — cash=537.57$ trades=273 positions=2
2026-05-02 07:17:05,754 | INFO     | execution.executor | [EXECUTOR] Mode PAPER activé — capital=1000.00$ slippage=5.0bps fees=4.0bps
2026-05-02 07:17:06,042 | INFO     | vision.ollama_vision | [VISION] Ollama disponible sur http://localhost:11434
2026-05-02 07:17:06,050 | INFO     | assistant.titan_core | [TITAN] Démarrage de l'assistant Titan…
2026-05-02 07:17:06,053 | WARNING  | assistant.avatar_renderer | [AVATAR] PyWebView non installé : pip install pywebview
2026-05-02 07:17:06,054 | INFO     | assistant.titan_core | [TITAN] Fenêtre avatar initialisée
2026-05-02 07:17:06,061 | INFO     | assistant.voice_engine | [VOICE] Thread d'écoute démarré
2026-05-02 07:17:06,062 | INFO     | assistant.titan_core | [TITAN] Écoute vocale démarrée — wake words: ['titan', 'hey titan', 'jarvis', 'hey jarvis']
2026-05-02 07:17:06,062 | WARNING  | assistant.voice_engine | [VOICE] webrtcvad non dispo → VAD amplitude (fallback)
2026-05-02 07:17:06,064 | INFO     | assistant.titan_core | [TITAN] Raccourci Ctrl+Alt actif
2026-05-02 07:17:06,067 | INFO     | assistant.titan_core | [TITAN] Assistant opérationnel
2026-05-02 07:17:06,067 | INFO     | api.api_server | [APP] Titanium v12 démarré — 9 tâches actives
2026-05-02 07:17:06,072 | INFO     | core.signal_engine | [SCAN] Démarrage boucle de scan — 2 actifs, interval=3s
2026-05-02 07:17:06,073 | INFO     | assistant.daily_report | [REPORT] Rapport quotidien programmé à 20:00
2026-05-02 07:17:06,073 | INFO     | assistant.daily_report | [REPORT] Prochain rapport dans 45774 secondes (20:00)
2026-05-02 07:17:06,075 | INFO     | core.signal_engine | [SCAN] BTC/USDT — df30 insuffisant (0 barres, min=10) — en attente de données WS
2026-05-02 07:17:06,076 | INFO     | core.signal_engine | [SCAN] PAXG/USDT — df30 insuffisant (0 barres, min=10) — en attente de données WS
2026-05-02 07:17:06,124 | INFO     | assistant.hotkey_manager | [HOTKEY] Ctrl+Alt actif (pynput)
2026-05-02 07:17:06,290 | INFO     | assistant.voice_engine | [VOICE] Chargement Whisper small (int8)…
2026-05-02 07:17:06,899 | INFO     | data.gold_provider | [GOLD/TD] XAU/USD/4h → 500 bougies
2026-05-02 07:17:06,924 | INFO     | api.websocket | [WS] Client connecté BTC/USDT (total: 1)
2026-05-02 07:17:06,949 | INFO     | api.websocket | [WS] Client connecté PAXG/USDT (total: 1)
2026-05-02 07:17:06,978 | INFO     | api.websocket | [WS] Client connecté BTC/USDT (total: 2)
2026-05-02 07:17:07,014 | INFO     | api.websocket | [WS] Client connecté PAXG/USDT (total: 2)
2026-05-02 07:17:07,044 | INFO     | api.websocket | [WS] Client connecté BTC/USDT (total: 3)
2026-05-02 07:17:07,104 | INFO     | api.websocket | [WS] Client connecté PAXG/USDT (total: 3)
2026-05-02 07:17:07,134 | INFO     | api.websocket | [WS] Client connecté BTC/USDT (total: 4)
2026-05-02 07:17:07,150 | INFO     | api.websocket | [WS] Client connecté PAXG/USDT (total: 4)
2026-05-02 07:17:07,166 | INFO     | api.websocket | [WS] Client connecté BTC/USDT (total: 5)
2026-05-02 07:17:07,182 | INFO     | api.websocket | [WS] Client connecté PAXG/USDT (total: 5)
2026-05-02 07:17:07,196 | INFO     | api.websocket | [WS] Client connecté BTC/USDT (total: 6)
2026-05-02 07:17:07,212 | INFO     | api.websocket | [WS] Client connecté PAXG/USDT (total: 6)
2026-05-02 07:17:07,228 | INFO     | api.websocket | [WS] Client connecté BTC/USDT (total: 7)
2026-05-02 07:17:07,243 | INFO     | api.websocket | [WS] Client connecté PAXG/USDT (total: 7)
2026-05-02 07:17:07,247 | INFO     | data.binance_ws | [WS] Connecté PAXG/USDT @ wss://stream.binance.com:9443
2026-05-02 07:17:07,250 | INFO     | data.binance_ws | [WS] Connecté BTC/USDT @ wss://stream.binance.com:9443
2026-05-02 07:17:07,674 | INFO     | api.websocket | [WS] Client connecté BTC/USDT (total: 8)
2026-05-02 07:17:07,745 | INFO     | api.websocket | [WS] Client connecté PAXG/USDT (total: 8)
2026-05-02 07:17:07,760 | INFO     | api.websocket | [WS] Client connecté BTC/USDT (total: 9)
2026-05-02 07:17:07,777 | INFO     | api.websocket | [WS] Client connecté BTC/USDT (total: 10)
2026-05-02 07:17:07,792 | INFO     | api.websocket | [WS] Client connecté PAXG/USDT (total: 9)
2026-05-02 07:17:07,809 | INFO     | api.websocket | [WS] Client connecté PAXG/USDT (total: 10)
2026-05-02 07:17:07,839 | INFO     | api.websocket | [WS] Client connecté BTC/USDT (total: 11)
2026-05-02 07:17:07,855 | INFO     | api.websocket | [WS] Client connecté PAXG/USDT (total: 11)
2026-05-02 07:17:07,871 | INFO     | api.websocket | [WS] Client connecté BTC/USDT (total: 12)
2026-05-02 07:17:07,891 | INFO     | api.websocket | [WS] Client connecté BTC/USDT (total: 13)
2026-05-02 07:17:07,918 | INFO     | api.websocket | [WS] Client connecté BTC/USDT (total: 14)
2026-05-02 07:17:07,934 | INFO     | api.websocket | [WS] Client connecté PAXG/USDT (total: 12)
2026-05-02 07:17:07,949 | INFO     | api.websocket | [WS] Client connecté PAXG/USDT (total: 13)
2026-05-02 07:17:07,963 | INFO     | api.websocket | [WS] Client connecté BTC/USDT (total: 15)
2026-05-02 07:17:07,979 | INFO     | api.websocket | [WS] Client connecté BTC/USDT (total: 16)
2026-05-02 07:17:07,995 | INFO     | api.websocket | [WS] Client connecté PAXG/USDT (total: 14)
2026-05-02 07:17:08,011 | INFO     | api.websocket | [WS] Client connecté PAXG/USDT (total: 15)
2026-05-02 07:17:08,027 | INFO     | api.websocket | [WS] Client connecté PAXG/USDT (total: 16)
2026-05-02 07:17:08,041 | INFO     | api.websocket | [WS] Client connecté PAXG/USDT (total: 17)
2026-05-02 07:17:08,056 | INFO     | api.websocket | [WS] Client connecté PAXG/USDT (total: 18)
2026-05-02 07:17:08,074 | INFO     | api.websocket | [WS] Client connecté PAXG/USDT (total: 19)
2026-05-02 07:17:08,088 | INFO     | api.websocket | [WS] Client connecté PAXG/USDT (total: 20)
2026-05-02 07:17:08,104 | INFO     | api.websocket | [WS] Client connecté PAXG/USDT (total: 21)
2026-05-02 07:17:08,109 | INFO     | httpx | HTTP Request: GET https://huggingface.co/api/models/Systran/faster-whisper-small/revision/main "HTTP/1.1 200 OK"
2026-05-02 07:17:08,121 | INFO     | api.websocket | [WS] Client connecté BTC/USDT (total: 17)
2026-05-02 07:17:08,136 | INFO     | api.websocket | [WS] Client connecté PAXG/USDT (total: 22)
2026-05-02 07:17:08,152 | INFO     | api.websocket | [WS] Client connecté BTC/USDT (total: 18)
2026-05-02 07:17:08,182 | INFO     | api.websocket | [WS] Client connecté BTC/USDT (total: 19)
2026-05-02 07:17:08,198 | INFO     | api.websocket | [WS] Client connecté BTC/USDT (total: 20)
2026-05-02 07:17:08,214 | INFO     | api.websocket | [WS] Client connecté BTC/USDT (total: 21)
2026-05-02 07:17:08,229 | INFO     | api.websocket | [WS] Client connecté BTC/USDT (total: 22)
2026-05-02 07:17:08,617 | INFO     | data.gold_provider | [GOLD/TD] XAU/USD/2h → 500 bougies
2026-05-02 07:17:08,626 | INFO     | api.websocket | [WS] Client connecté PAXG/USDT (total: 23)
2026-05-02 07:17:08,641 | INFO     | api.websocket | [WS] Client connecté BTC/USDT (total: 23)
2026-05-02 07:17:08,657 | INFO     | api.websocket | [WS] Client connecté PAXG/USDT (total: 24)
2026-05-02 07:17:08,757 | INFO     | api.websocket | [WS] Client connecté BTC/USDT (total: 24)
2026-05-02 07:17:08,784 | INFO     | api.websocket | [WS] Client connecté BTC/USDT (total: 25)
2026-05-02 07:17:08,799 | INFO     | api.websocket | [WS] Client connecté BTC/USDT (total: 26)
2026-05-02 07:17:08,815 | INFO     | api.websocket | [WS] Client connecté BTC/USDT (total: 27)
2026-05-02 07:17:08,830 | INFO     | api.websocket | [WS] Client connecté PAXG/USDT (total: 25)
2026-05-02 07:17:08,847 | INFO     | api.websocket | [WS] Client connecté PAXG/USDT (total: 26)
2026-05-02 07:17:08,870 | INFO     | api.websocket | [WS] Client connecté BTC/USDT (total: 28)
2026-05-02 07:17:08,893 | INFO     | api.websocket | [WS] Client connecté PAXG/USDT (total: 27)
2026-05-02 07:17:08,909 | INFO     | api.websocket | [WS] Client connecté PAXG/USDT (total: 28)
2026-05-02 07:17:08,934 | INFO     | api.websocket | [WS] Client connecté PAXG/USDT (total: 29)
2026-05-02 07:17:08,950 | INFO     | api.websocket | [WS] Client connecté PAXG/USDT (total: 30)
2026-05-02 07:17:08,975 | INFO     | api.websocket | [WS] Client connecté PAXG/USDT (total: 31)
2026-05-02 07:17:08,994 | INFO     | api.websocket | [WS] Client connecté PAXG/USDT (total: 32)
2026-05-02 07:17:09,009 | INFO     | api.websocket | [WS] Client connecté PAXG/USDT (total: 33)
2026-05-02 07:17:09,023 | INFO     | api.websocket | [WS] Client connecté BTC/USDT (total: 29)
2026-05-02 07:17:09,039 | INFO     | api.websocket | [WS] Client connecté PAXG/USDT (total: 34)
2026-05-02 07:17:09,055 | INFO     | api.websocket | [WS] Client connecté PAXG/USDT (total: 35)
2026-05-02 07:17:09,070 | INFO     | assistant.tts_engine | [TTS] Piper prêt — modèle: fr_FR-upmc-medium.onnx
2026-05-02 07:17:09,070 | INFO     | core.signal_engine | [SCAN] BTC/USDT — df30 insuffisant (0 barres, min=10) — en attente de données WS
2026-05-02 07:17:09,070 | INFO     | core.signal_engine | [SCAN] PAXG/USDT — df30 insuffisant (0 barres, min=10) — en attente de données WS
2026-05-02 07:17:09,070 | INFO     | api.websocket | [WS] Client connecté PAXG/USDT (total: 36)
2026-05-02 07:17:09,102 | INFO     | api.websocket | [WS] Client connecté BTC/USDT (total: 30)
2026-05-02 07:17:09,119 | INFO     | api.websocket | [WS] Client connecté BTC/USDT (total: 31)
2026-05-02 07:17:09,135 | INFO     | api.websocket | [WS] Client connecté BTC/USDT (total: 32)
2026-05-02 07:17:09,161 | INFO     | api.websocket | [WS] Client connecté BTC/USDT (total: 33)
2026-05-02 07:17:09,179 | INFO     | api.websocket | [WS] Client connecté PAXG/USDT (total: 37)
2026-05-02 07:17:09,210 | INFO     | api.websocket | [WS] Client connecté BTC/USDT (total: 34)
2026-05-02 07:17:09,225 | INFO     | api.websocket | [WS] Client connecté BTC/USDT (total: 35)
2026-05-02 07:17:09,245 | INFO     | api.websocket | [WS] Client connecté BTC/USDT (total: 36)
2026-05-02 07:17:09,264 | INFO     | api.websocket | [WS] Client connecté PAXG/USDT (total: 38)
2026-05-02 07:17:09,278 | INFO     | api.websocket | [WS] Client connecté PAXG/USDT (total: 39)
2026-05-02 07:17:09,301 | INFO     | api.websocket | [WS] Client connecté BTC/USDT (total: 37)
2026-05-02 07:17:09,320 | INFO     | api.websocket | [WS] Client connecté PAXG/USDT (total: 40)
2026-05-02 07:17:09,339 | INFO     | api.websocket | [WS] Client connecté PAXG/USDT (total: 41)
2026-05-02 07:17:09,354 | INFO     | api.websocket | [WS] Client connecté BTC/USDT (total: 38)
2026-05-02 07:17:09,378 | INFO     | api.websocket | [WS] Client connecté BTC/USDT (total: 39)
2026-05-02 07:17:09,409 | INFO     | api.websocket | [WS] Client connecté BTC/USDT (total: 40)
2026-05-02 07:17:09,426 | INFO     | api.websocket | [WS] Client connecté BTC/USDT (total: 41)
2026-05-02 07:17:09,443 | INFO     | api.websocket | [WS] Client connecté PAXG/USDT (total: 42)
2026-05-02 07:17:09,460 | INFO     | api.websocket | [WS] Client connecté BTC/USDT (total: 42)
2026-05-02 07:17:09,485 | INFO     | api.websocket | [WS] Client connecté PAXG/USDT (total: 43)
2026-05-02 07:17:09,501 | INFO     | api.websocket | [WS] Client connecté BTC/USDT (total: 43)
2026-05-02 07:17:09,527 | INFO     | api.websocket | [WS] Client connecté PAXG/USDT (total: 44)
2026-05-02 07:17:09,539 | INFO     | api.websocket | [WS] Client connecté BTC/USDT (total: 44)
2026-05-02 07:17:09,559 | INFO     | api.websocket | [WS] Client connecté BTC/USDT (total: 45)
2026-05-02 07:17:09,575 | INFO     | api.websocket | [WS] Client connecté BTC/USDT (total: 46)
2026-05-02 07:17:09,590 | INFO     | api.websocket | [WS] Client connecté BTC/USDT (total: 47)
2026-05-02 07:17:09,605 | INFO     | api.websocket | [WS] Client connecté BTC/USDT (total: 48)
2026-05-02 07:17:09,627 | INFO     | api.websocket | [WS] Client connecté BTC/USDT (total: 49)
2026-05-02 07:17:09,649 | INFO     | api.websocket | [WS] Client connecté BTC/USDT (total: 50)
2026-05-02 07:17:09,670 | INFO     | api.websocket | [WS] Client connecté PAXG/USDT (total: 45)
2026-05-02 07:17:09,687 | INFO     | api.websocket | [WS] Client connecté PAXG/USDT (total: 46)
2026-05-02 07:17:09,703 | INFO     | api.websocket | [WS] Client connecté BTC/USDT (total: 51)
2026-05-02 07:17:09,729 | INFO     | api.websocket | [WS] Client connecté BTC/USDT (total: 52)
2026-05-02 07:17:09,743 | INFO     | api.websocket | [WS] Client connecté PAXG/USDT (total: 47)
2026-05-02 07:17:09,760 | INFO     | api.websocket | [WS] Client connecté BTC/USDT (total: 53)
2026-05-02 07:17:09,775 | INFO     | api.websocket | [WS] Client connecté BTC/USDT (total: 54)
2026-05-02 07:17:09,790 | INFO     | api.websocket | [WS] Client connecté BTC/USDT (total: 55)
2026-05-02 07:17:09,809 | INFO     | api.websocket | [WS] Client connecté BTC/USDT (total: 56)
2026-05-02 07:17:09,823 | INFO     | api.websocket | [WS] Client connecté BTC/USDT (total: 57)
2026-05-02 07:17:09,847 | INFO     | api.websocket | [WS] Client connecté PAXG/USDT (total: 48)
2026-05-02 07:17:09,865 | INFO     | api.websocket | [WS] Client connecté PAXG/USDT (total: 49)
2026-05-02 07:17:09,888 | INFO     | api.websocket | [WS] Client connecté BTC/USDT (total: 58)
2026-05-02 07:17:09,903 | INFO     | api.websocket | [WS] Client connecté PAXG/USDT (total: 50)
2026-05-02 07:17:09,923 | INFO     | api.websocket | [WS] Client connecté PAXG/USDT (total: 51)
2026-05-02 07:17:09,939 | INFO     | api.websocket | [WS] Client connecté PAXG/USDT (total: 52)
2026-05-02 07:17:10,609 | INFO     | data.gold_provider | [GOLD/TD] XAU/USD/1h → 500 bougies
2026-05-02 07:17:10,615 | INFO     | assistant.voice_engine | [VOICE] Whisper prêt
2026-05-02 07:17:10,619 | INFO     | api.websocket | [WS] Client connecté PAXG/USDT (total: 53)
2026-05-02 07:17:10,645 | INFO     | api.websocket | [WS] Client connecté BTC/USDT (total: 59)
2026-05-02 07:17:10,668 | INFO     | api.websocket | [WS] Client connecté BTC/USDT (total: 60)
2026-05-02 07:17:10,693 | INFO     | api.websocket | [WS] Client connecté BTC/USDT (total: 61)
2026-05-02 07:17:10,706 | INFO     | api.websocket | [WS] Client connecté PAXG/USDT (total: 54)
2026-05-02 07:17:10,733 | INFO     | api.websocket | [WS] Client connecté PAXG/USDT (total: 55)
2026-05-02 07:17:10,756 | INFO     | api.websocket | [WS] Client connecté PAXG/USDT (total: 56)
2026-05-02 07:17:10,781 | INFO     | api.websocket | [WS] Client connecté PAXG/USDT (total: 57)
2026-05-02 07:17:10,793 | INFO     | api.websocket | [WS] Client connecté PAXG/USDT (total: 58)
2026-05-02 07:17:10,806 | INFO     | api.websocket | [WS] Client connecté PAXG/USDT (total: 59)
2026-05-02 07:17:10,826 | INFO     | api.websocket | [WS] Client connecté PAXG/USDT (total: 60)
2026-05-02 07:17:10,839 | INFO     | api.websocket | [WS] Client connecté PAXG/USDT (total: 61)
2026-05-02 07:17:10,862 | INFO     | api.websocket | [WS] Client connecté PAXG/USDT (total: 62)
2026-05-02 07:17:10,877 | INFO     | api.websocket | [WS] Client connecté PAXG/USDT (total: 63)
2026-05-02 07:17:10,894 | INFO     | api.websocket | [WS] Client connecté PAXG/USDT (total: 64)
2026-05-02 07:17:10,909 | INFO     | api.websocket | [WS] Client connecté BTC/USDT (total: 62)
2026-05-02 07:17:10,923 | INFO     | api.websocket | [WS] Client connecté BTC/USDT (total: 63)
2026-05-02 07:17:10,946 | INFO     | api.websocket | [WS] Client connecté BTC/USDT (total: 64)
2026-05-02 07:17:10,961 | INFO     | api.websocket | [WS] Client connecté BTC/USDT (total: 65)
2026-05-02 07:17:10,976 | INFO     | api.websocket | [WS] Client connecté PAXG/USDT (total: 65)
2026-05-02 07:17:10,996 | INFO     | api.websocket | [WS] Client connecté BTC/USDT (total: 66)
2026-05-02 07:17:11,009 | INFO     | api.websocket | [WS] Client connecté PAXG/USDT (total: 66)
2026-05-02 07:17:11,026 | INFO     | api.websocket | [WS] Client connecté BTC/USDT (total: 67)
2026-05-02 07:17:11,043 | INFO     | api.websocket | [WS] Client connecté PAXG/USDT (total: 67)
2026-05-02 07:17:11,043 | INFO     | assistant.voice_engine | [VOICE] Écoute active — wake words: ['titan', 'hey titan', 'jarvis', 'hey jarvis']
2026-05-02 07:17:11,063 | INFO     | api.websocket | [WS] Client connecté BTC/USDT (total: 68)
2026-05-02 07:17:11,076 | INFO     | api.websocket | [WS] Client connecté PAXG/USDT (total: 68)
2026-05-02 07:17:11,095 | INFO     | api.websocket | [WS] Client connecté BTC/USDT (total: 69)
2026-05-02 07:17:11,111 | INFO     | api.websocket | [WS] Client connecté PAXG/USDT (total: 69)
2026-05-02 07:17:11,130 | INFO     | api.websocket | [WS] Client connecté BTC/USDT (total: 70)
2026-05-02 07:17:11,153 | INFO     | api.websocket | [WS] Client connecté PAXG/USDT (total: 70)
2026-05-02 07:17:11,168 | INFO     | api.websocket | [WS] Client connecté BTC/USDT (total: 71)
2026-05-02 07:17:11,186 | INFO     | api.websocket | [WS] Client connecté BTC/USDT (total: 72)
2026-05-02 07:17:11,204 | INFO     | api.websocket | [WS] Client connecté PAXG/USDT (total: 71)
2026-05-02 07:17:11,230 | INFO     | api.websocket | [WS] Client connecté BTC/USDT (total: 73)
2026-05-02 07:17:11,245 | INFO     | api.websocket | [WS] Client connecté PAXG/USDT (total: 72)
2026-05-02 07:17:11,262 | INFO     | api.websocket | [WS] Client connecté BTC/USDT (total: 74)
2026-05-02 07:17:11,277 | INFO     | api.websocket | [WS] Client connecté BTC/USDT (total: 75)
2026-05-02 07:17:11,296 | INFO     | api.websocket | [WS] Client connecté BTC/USDT (total: 76)
2026-05-02 07:17:11,309 | INFO     | api.websocket | [WS] Client connecté BTC/USDT (total: 77)
2026-05-02 07:17:11,328 | INFO     | api.websocket | [WS] Client connecté BTC/USDT (total: 78)
2026-05-02 07:17:11,344 | INFO     | api.websocket | [WS] Client connecté BTC/USDT (total: 79)
2026-05-02 07:17:11,359 | INFO     | api.websocket | [WS] Client connecté PAXG/USDT (total: 73)
2026-05-02 07:17:11,381 | INFO     | api.websocket | [WS] Client connecté PAXG/USDT (total: 74)
2026-05-02 07:17:11,424 | INFO     | api.websocket | [WS] Client connecté PAXG/USDT (total: 75)
2026-05-02 07:17:11,441 | INFO     | api.websocket | [WS] Client connecté BTC/USDT (total: 80)
2026-05-02 07:17:11,457 | INFO     | api.websocket | [WS] Client connecté PAXG/USDT (total: 76)
2026-05-02 07:17:11,474 | INFO     | api.websocket | [WS] Client connecté PAXG/USDT (total: 77)
2026-05-02 07:17:11,491 | INFO     | api.websocket | [WS] Client connecté BTC/USDT (total: 81)
2026-05-02 07:17:11,512 | INFO     | api.websocket | [WS] Client connecté BTC/USDT (total: 82)
2026-05-02 07:17:11,534 | INFO     | api.websocket | [WS] Client connecté PAXG/USDT (total: 78)
2026-05-02 07:17:11,559 | INFO     | api.websocket | [WS] Client connecté BTC/USDT (total: 83)
2026-05-02 07:17:11,579 | INFO     | api.websocket | [WS] Client connecté PAXG/USDT (total: 79)
2026-05-02 07:17:11,594 | INFO     | api.websocket | [WS] Client connecté PAXG/USDT (total: 80)
2026-05-02 07:17:11,624 | INFO     | api.websocket | [WS] Client connecté PAXG/USDT (total: 81)
2026-05-02 07:17:11,640 | INFO     | api.websocket | [WS] Client connecté PAXG/USDT (total: 82)
2026-05-02 07:17:11,661 | INFO     | api.websocket | [WS] Client connecté BTC/USDT (total: 84)
2026-05-02 07:17:11,677 | INFO     | api.websocket | [WS] Client connecté PAXG/USDT (total: 83)
2026-05-02 07:17:11,699 | INFO     | api.websocket | [WS] Client connecté PAXG/USDT (total: 84)
2026-05-02 07:17:11,716 | INFO     | api.websocket | [WS] Client connecté PAXG/USDT (total: 85)
2026-05-02 07:17:11,741 | INFO     | api.websocket | [WS] Client connecté BTC/USDT (total: 85)
2026-05-02 07:17:11,758 | INFO     | api.websocket | [WS] Client connecté BTC/USDT (total: 86)
2026-05-02 07:17:11,775 | INFO     | api.websocket | [WS] Client connecté PAXG/USDT (total: 86)
2026-05-02 07:17:11,790 | INFO     | api.websocket | [WS] Client connecté PAXG/USDT (total: 87)
2026-05-02 07:17:11,815 | INFO     | api.websocket | [WS] Client connecté PAXG/USDT (total: 88)
2026-05-02 07:17:11,831 | INFO     | api.websocket | [WS] Client connecté BTC/USDT (total: 87)
2026-05-02 07:17:11,846 | INFO     | api.websocket | [WS] Client connecté BTC/USDT (total: 88)
2026-05-02 07:17:11,861 | INFO     | api.websocket | [WS] Client connecté BTC/USDT (total: 89)
2026-05-02 07:17:11,878 | INFO     | api.websocket | [WS] Client connecté BTC/USDT (total: 90)
2026-05-02 07:17:11,896 | INFO     | api.websocket | [WS] Client connecté PAXG/USDT (total: 89)
2026-05-02 07:17:11,911 | INFO     | api.websocket | [WS] Client connecté BTC/USDT (total: 91)
2026-05-02 07:17:12,295 | INFO     | data.gold_provider | [GOLD/TD] XAU/USD/30m → 500 bougies
2026-05-02 07:17:12,316 | INFO     | core.signal_engine | [SCAN] BTC/USDT — df30 insuffisant (1 barres, min=10) — en attente de données WS
2026-05-02 07:17:12,316 | INFO     | core.signal_engine | [SCAN] PAXG/USDT — df30 insuffisant (0 barres, min=10) — en attente de données WS
2026-05-02 07:17:12,320 | INFO     | api.websocket | [WS] Client connecté BTC/USDT (total: 92)
2026-05-02 07:17:12,343 | INFO     | api.websocket | [WS] Client connecté BTC/USDT (total: 93)
2026-05-02 07:17:12,366 | INFO     | api.websocket | [WS] Client connecté BTC/USDT (total: 94)
2026-05-02 07:17:12,382 | INFO     | api.websocket | [WS] Client connecté PAXG/USDT (total: 90)
2026-05-02 07:17:12,405 | INFO     | api.websocket | [WS] Client connecté PAXG/USDT (total: 91)
2026-05-02 07:17:12,420 | INFO     | api.websocket | [WS] Client connecté BTC/USDT (total: 95)
2026-05-02 07:17:12,446 | INFO     | api.websocket | [WS] Client connecté BTC/USDT (total: 96)
2026-05-02 07:17:12,464 | INFO     | api.websocket | [WS] Client connecté BTC/USDT (total: 97)
2026-05-02 07:17:12,491 | INFO     | api.websocket | [WS] Client connecté BTC/USDT (total: 98)
2026-05-02 07:17:12,504 | INFO     | api.websocket | [WS] Client connecté PAXG/USDT (total: 92)
2026-05-02 07:17:12,530 | INFO     | api.websocket | [WS] Client connecté BTC/USDT (total: 99)
2026-05-02 07:17:12,547 | INFO     | api.websocket | [WS] Client connecté BTC/USDT (total: 100)
2026-05-02 07:17:12,562 | INFO     | api.websocket | [WS] Client connecté BTC/USDT (total: 101)
2026-05-02 07:17:12,587 | INFO     | api.websocket | [WS] Client connecté PAXG/USDT (total: 93)
2026-05-02 07:17:12,603 | INFO     | api.websocket | [WS] Client connecté BTC/USDT (total: 102)
2026-05-02 07:17:12,628 | INFO     | api.websocket | [WS] Client connecté PAXG/USDT (total: 94)
2026-05-02 07:17:12,648 | INFO     | api.websocket | [WS] Client connecté PAXG/USDT (total: 95)
2026-05-02 07:17:12,672 | INFO     | api.websocket | [WS] Client connecté PAXG/USDT (total: 96)
2026-05-02 07:17:12,693 | INFO     | api.websocket | [WS] Client connecté BTC/USDT (total: 103)
2026-05-02 07:17:12,713 | INFO     | api.websocket | [WS] Client connecté BTC/USDT (total: 104)
2026-05-02 07:17:12,729 | INFO     | api.websocket | [WS] Client connecté BTC/USDT (total: 105)
2026-05-02 07:17:12,753 | INFO     | api.websocket | [WS] Client connecté PAXG/USDT (total: 97)
2026-05-02 07:17:12,771 | INFO     | api.websocket | [WS] Client connecté BTC/USDT (total: 106)
2026-05-02 07:17:12,793 | INFO     | api.websocket | [WS] Client connecté PAXG/USDT (total: 98)
2026-05-02 07:17:12,819 | INFO     | api.websocket | [WS] Client connecté BTC/USDT (total: 107)
2026-05-02 07:17:12,836 | INFO     | api.websocket | [WS] Client connecté BTC/USDT (total: 108)
2026-05-02 07:17:12,851 | INFO     | api.websocket | [WS] Client connecté BTC/USDT (total: 109)
2026-05-02 07:17:12,868 | INFO     | api.websocket | [WS] Client connecté PAXG/USDT (total: 99)
2026-05-02 07:17:12,883 | INFO     | api.websocket | [WS] Client connecté BTC/USDT (total: 110)
2026-05-02 07:17:12,900 | INFO     | api.websocket | [WS] Client connecté PAXG/USDT (total: 100)
2026-05-02 07:17:12,914 | INFO     | api.websocket | [WS] Client connecté BTC/USDT (total: 111)
2026-05-02 07:17:12,931 | INFO     | api.websocket | [WS] Client connecté PAXG/USDT (total: 101)
2026-05-02 07:17:12,947 | INFO     | api.websocket | [WS] Client connecté BTC/USDT (total: 112)
2026-05-02 07:17:12,961 | INFO     | api.websocket | [WS] Client connecté PAXG/USDT (total: 102)
2026-05-02 07:17:12,978 | INFO     | api.websocket | [WS] Client connecté PAXG/USDT (total: 103)
2026-05-02 07:17:12,994 | INFO     | api.websocket | [WS] Client connecté PAXG/USDT (total: 104)
2026-05-02 07:17:13,023 | INFO     | api.websocket | [WS] Client connecté PAXG/USDT (total: 105)
2026-05-02 07:17:13,039 | INFO     | api.websocket | [WS] Client connecté BTC/USDT (total: 113)
2026-05-02 07:17:13,055 | INFO     | api.websocket | [WS] Client connecté PAXG/USDT (total: 106)
2026-05-02 07:17:13,071 | INFO     | api.websocket | [WS] Client connecté PAXG/USDT (total: 107)
2026-05-02 07:17:13,085 | INFO     | api.websocket | [WS] Client connecté BTC/USDT (total: 114)
2026-05-02 07:17:13,104 | INFO     | api.websocket | [WS] Client connecté PAXG/USDT (total: 108)
2026-05-02 07:17:13,132 | INFO     | api.websocket | [WS] Client connecté BTC/USDT (total: 115)
2026-05-02 07:17:13,148 | INFO     | api.websocket | [WS] Client connecté PAXG/USDT (total: 109)
2026-05-02 07:17:13,164 | INFO     | api.websocket | [WS] Client connecté PAXG/USDT (total: 110)
2026-05-02 07:17:13,179 | INFO     | api.websocket | [WS] Client connecté PAXG/USDT (total: 111)
2026-05-02 07:17:13,195 | INFO     | api.websocket | [WS] Client connecté PAXG/USDT (total: 112)
2026-05-02 07:17:13,211 | INFO     | api.websocket | [WS] Client connecté PAXG/USDT (total: 113)
2026-05-02 07:17:13,227 | INFO     | api.websocket | [WS] Client connecté PAXG/USDT (total: 114)
2026-05-02 07:17:13,242 | INFO     | api.websocket | [WS] Client connecté PAXG/USDT (total: 115)
2026-05-02 07:17:13,257 | INFO     | api.websocket | [WS] Client connecté PAXG/USDT (total: 116)
2026-05-02 07:17:13,273 | INFO     | api.websocket | [WS] Client connecté BTC/USDT (total: 116)
2026-05-02 07:17:13,289 | INFO     | api.websocket | [WS] Client connecté PAXG/USDT (total: 117)
2026-05-02 07:17:13,305 | INFO     | api.websocket | [WS] Client connecté BTC/USDT (total: 117)
2026-05-02 07:17:13,335 | INFO     | api.websocket | [WS] Client connecté PAXG/USDT (total: 118)
2026-05-02 07:17:13,351 | INFO     | api.websocket | [WS] Client connecté BTC/USDT (total: 118)
2026-05-02 07:17:13,365 | INFO     | api.websocket | [WS] Client connecté BTC/USDT (total: 119)
2026-05-02 07:17:13,380 | INFO     | api.websocket | [WS] Client connecté BTC/USDT (total: 120)
2026-05-02 07:17:13,396 | INFO     | api.websocket | [WS] Client connecté PAXG/USDT (total: 119)
2026-05-02 07:17:13,411 | INFO     | api.websocket | [WS] Client connecté PAXG/USDT (total: 120)
2026-05-02 07:17:13,608 | INFO     | assistant.voice_engine | [VOICE] Parole RMS=0.0235 — Whisper lancé
2026-05-02 07:17:13,614 | INFO     | faster_whisper | Processing audio with duration 00:01.980
2026-05-02 07:17:14,142 | INFO     | data.gold_provider | [GOLD/TD] XAU/USD/15m → 500 bougies
2026-05-02 07:17:14,155 | INFO     | faster_whisper | VAD filter removed 00:01.040 of audio
2026-05-02 07:17:15,299 | INFO     | core.signal_engine | [SCAN] BTC/USDT — df30 insuffisant (1 barres, min=10) — en attente de données WS
2026-05-02 07:17:15,307 | INFO     | core.signal_engine | [SCAN] PAXG/USDT — df30 insuffisant (0 barres, min=10) — en attente de données WS
2026-05-02 07:17:16,050 | INFO     | data.gold_provider | [GOLD/TD] XAU/USD/5m → 500 bougies
2026-05-02 07:17:17,885 | INFO     | data.gold_provider | [GOLD/TD] XAU/USD/1m → 500 bougies
2026-05-02 07:17:18,312 | INFO     | core.signal_engine | [SCAN] BTC/USDT — df30 insuffisant (1 barres, min=10) — en attente de données WS
2026-05-02 07:17:18,317 | INFO     | core.signal_engine | [SCAN] PAXG/USDT — df30 insuffisant (0 barres, min=10) — en attente de données WS
2026-05-02 07:17:19,593 | INFO     | data.gold_provider | [GOLD/TD] XAU/USD/1d → 500 bougies
2026-05-02 07:17:19,802 | INFO     | assistant.voice_engine | [VOICE] Transcription: 's'il te plait.'
2026-05-02 07:17:19,808 | INFO     | assistant.voice_engine | [VOICE] Parole RMS=0.0267 — Whisper lancé
2026-05-02 07:17:19,809 | INFO     | faster_whisper | Processing audio with duration 00:01.980
2026-05-02 07:17:19,817 | INFO     | faster_whisper | VAD filter removed 00:00.924 of audio
2026-05-02 07:17:21,310 | INFO     | core.signal_engine | [SCAN] BTC/USDT — df30 insuffisant (1 barres, min=10) — en attente de données WS
2026-05-02 07:17:21,316 | INFO     | core.signal_engine | [SCAN] PAXG/USDT — df30 insuffisant (0 barres, min=10) — en attente de données WS
2026-05-02 07:17:24,323 | INFO     | core.signal_engine | [SCAN] BTC/USDT — df30 insuffisant (1 barres, min=10) — en attente de données WS
2026-05-02 07:17:24,325 | INFO     | core.signal_engine | [SCAN] PAXG/USDT — df30 insuffisant (0 barres, min=10) — en attente de données WS
INFO:     127.0.0.1:63352 - "GET /api/state HTTP/1.1" 200 OK
INFO:     127.0.0.1:58882 - "GET /services/github/status HTTP/1.1" 500 Internal Server Error
2026-05-02 07:17:27,328 | INFO     | core.signal_engine | [SCAN] BTC/USDT — df30 insuffisant (1 barres, min=10) — en attente de données WS
2026-05-02 07:17:27,334 | INFO     | core.signal_engine | [SCAN] PAXG/USDT — df30 insuffisant (0 barres, min=10) — en attente de données WS
2026-05-02 07:17:30,336 | INFO     | core.signal_engine | [SCAN] BTC/USDT — df30 insuffisant (1 barres, min=10) — en attente de données WS
2026-05-02 07:17:30,342 | INFO     | core.signal_engine | [SCAN] PAXG/USDT — df30 insuffisant (0 barres, min=10) — en attente de données WS
2026-05-02 07:17:30,874 | INFO     | assistant.voice_engine | [VOICE] Transcription: 'et toi ?'
2026-05-02 07:17:30,963 | INFO     | assistant.voice_engine | [VOICE] Parole RMS=0.0072 — Whisper lancé
2026-05-02 07:17:30,964 | INFO     | faster_whisper | Processing audio with duration 00:01.980
2026-05-02 07:17:30,982 | INFO     | faster_whisper | VAD filter removed 00:01.552 of audio
INFO:     127.0.0.1:61330 - "GET /services/status HTTP/1.1" 200 OK
2026-05-02 07:17:33,351 | INFO     | core.signal_engine | [SCAN] BTC/USDT — df30 insuffisant (2 barres, min=10) — en attente de données WS
2026-05-02 07:17:33,357 | INFO     | core.signal_engine | [SCAN] PAXG/USDT — df30 insuffisant (0 barres, min=10) — en attente de données WS
2026-05-02 07:17:34,982 | INFO     | assistant.voice_engine | [VOICE] Transcription: 'sous-titres réalisés par la communauté d'amara.org'
2026-05-02 07:17:34,990 | INFO     | assistant.voice_engine | [VOICE] Parole RMS=0.0133 — Whisper lancé
2026-05-02 07:17:34,991 | INFO     | faster_whisper | Processing audio with duration 00:01.980
2026-05-02 07:17:35,000 | INFO     | faster_whisper | VAD filter removed 00:00.656 of audio
2026-05-02 07:17:36,084 | INFO     | engine.optimizer | [OPT] Démarrage optimisation SL/TP — 2 actifs
2026-05-02 07:17:36,368 | INFO     | core.signal_engine | [SCAN] BTC/USDT — df30 insuffisant (2 barres, min=10) — en attente de données WS
2026-05-02 07:17:36,374 | INFO     | core.signal_engine | [SCAN] PAXG/USDT — df30 insuffisant (0 barres, min=10) — en attente de données WS
2026-05-02 07:17:38,744 | INFO     | assistant.voice_engine | [VOICE] Transcription: 'ouh. ah.'
2026-05-02 07:17:38,773 | INFO     | assistant.voice_engine | [VOICE] Parole RMS=0.0039 — Whisper lancé
2026-05-02 07:17:38,780 | INFO     | faster_whisper | Processing audio with duration 00:01.980
2026-05-02 07:17:38,805 | INFO     | engine.optimizer | [OPT] BTC/USDT → sharpe_oos=-10.00 winrate=29% atr=1.5 oos_valid=True gap=0.00
2026-05-02 07:17:38,805 | INFO     | faster_whisper | VAD filter removed 00:00.000 of audio
2026-05-02 07:17:39,387 | INFO     | core.signal_engine | [SCAN] BTC/USDT — df30 insuffisant (2 barres, min=10) — en attente de données WS
2026-05-02 07:17:39,394 | INFO     | core.signal_engine | [SCAN] PAXG/USDT — df30 insuffisant (0 barres, min=10) — en attente de données WS
2026-05-02 07:17:42,404 | INFO     | core.signal_engine | [SCAN] BTC/USDT — df30 insuffisant (2 barres, min=10) — en attente de données WS
2026-05-02 07:17:42,410 | INFO     | core.signal_engine | [SCAN] PAXG/USDT — df30 insuffisant (0 barres, min=10) — en attente de données WS
2026-05-02 07:17:42,516 | INFO     | assistant.voice_engine | [VOICE] Transcription: 'c'est sympa de me rappeler...'
2026-05-02 07:17:43,434 | INFO     | engine.optimizer | [OPT] PAXG/USDT → sharpe_oos=-10.00 winrate=7% atr=1.5 oos_valid=True gap=0.00
2026-05-02 07:17:45,415 | INFO     | core.signal_engine | [SCAN] BTC/USDT — df30 insuffisant (2 barres, min=10) — en attente de données WS
2026-05-02 07:17:45,422 | INFO     | core.signal_engine | [SCAN] PAXG/USDT — df30 insuffisant (0 barres, min=10) — en attente de données WS
2026-05-02 07:17:46,387 | INFO     | assistant.voice_engine | [VOICE] Parole RMS=0.0021 — Whisper lancé
2026-05-02 07:17:46,389 | INFO     | faster_whisper | Processing audio with duration 00:01.980
2026-05-02 07:17:46,396 | INFO     | faster_whisper | VAD filter removed 00:01.456 of audio
2026-05-02 07:17:48,449 | INFO     | core.signal_engine | [SCAN] BTC/USDT — df30 insuffisant (2 barres, min=10) — en attente de données WS
2026-05-02 07:17:48,452 | INFO     | core.signal_engine | [SCAN] PAXG/USDT — df30 insuffisant (0 barres, min=10) — en attente de données WS
2026-05-02 07:17:51,470 | INFO     | core.signal_engine | [SCAN] BTC/USDT — df30 insuffisant (2 barres, min=10) — en attente de données WS
2026-05-02 07:17:51,477 | INFO     | core.signal_engine | [SCAN] PAXG/USDT — df30 insuffisant (0 barres, min=10) — en attente de données WS
2026-05-02 07:17:54,484 | INFO     | core.signal_engine | [SCAN] BTC/USDT — df30 insuffisant (2 barres, min=10) — en attente de données WS
2026-05-02 07:17:54,490 | INFO     | core.signal_engine | [SCAN] PAXG/USDT — df30 insuffisant (0 barres, min=10) — en attente de données WS
2026-05-02 07:17:54,697 | INFO     | assistant.voice_engine | [VOICE] Transcription: 'merci.'
2026-05-02 07:17:57,475 | INFO     | core.signal_engine | [SCAN] BTC/USDT — df30 insuffisant (2 barres, min=10) — en attente de données WS
2026-05-02 07:17:57,482 | INFO     | core.signal_engine | [SCAN] PAXG/USDT — df30 insuffisant (0 barres, min=10) — en attente de données WS
2026-05-02 07:18:00,478 | INFO     | core.signal_engine | [SCAN] BTC/USDT — df30 insuffisant (2 barres, min=10) — en attente de données WS
2026-05-02 07:18:00,484 | INFO     | core.signal_engine | [SCAN] PAXG/USDT — df30 insuffisant (0 barres, min=10) — en attente de données WS
2026-05-02 07:18:03,491 | INFO     | core.signal_engine | [SCAN] BTC/USDT — df30 insuffisant (3 barres, min=10) — en attente de données WS
2026-05-02 07:18:03,498 | INFO     | core.signal_engine | [SCAN] PAXG/USDT — df30 insuffisant (2 barres, min=10) — en attente de données WS
2026-05-02 07:18:06,098 | INFO     | engine.strict_engine | [STRICT] Démarrage recalibration TRIX
2026-05-02 07:18:06,508 | INFO     | core.signal_engine | [SCAN] BTC/USDT — df30 insuffisant (3 barres, min=10) — en attente de données WS
2026-05-02 07:18:06,516 | INFO     | core.signal_engine | [SCAN] PAXG/USDT — df30 insuffisant (2 barres, min=10) — en attente de données WS
2026-05-02 07:18:10,317 | INFO     | engine.strict_engine | [STRICT] BTC/USDT → length=12 signal=22 sharpe=5.81 valid=True
2026-05-02 07:18:10,363 | INFO     | core.signal_engine | [SCAN] BTC/USDT — df30 insuffisant (3 barres, min=10) — en attente de données WS
2026-05-02 07:18:10,363 | INFO     | core.signal_engine | [SCAN] PAXG/USDT — df30 insuffisant (3 barres, min=10) — en attente de données WS
2026-05-02 07:18:13,390 | INFO     | core.signal_engine | [SCAN] BTC/USDT — df30 insuffisant (3 barres, min=10) — en attente de données WS
2026-05-02 07:18:13,391 | INFO     | core.signal_engine | [SCAN] PAXG/USDT — df30 insuffisant (3 barres, min=10) — en attente de données WS
2026-05-02 07:18:16,388 | INFO     | core.signal_engine | [SCAN] BTC/USDT — df30 insuffisant (3 barres, min=10) — en attente de données WS
2026-05-02 07:18:16,390 | INFO     | core.signal_engine | [SCAN] PAXG/USDT — df30 insuffisant (3 barres, min=10) — en attente de données WS
2026-05-02 07:18:19,496 | INFO     | engine.strict_engine | [STRICT] PAXG/USDT → length=18 signal=27 sharpe=1.88 valid=True
2026-05-02 07:18:19,522 | INFO     | core.signal_engine | [SCAN] BTC/USDT — df30 insuffisant (3 barres, min=10) — en attente de données WS
2026-05-02 07:18:19,527 | INFO     | core.signal_engine | [SCAN] PAXG/USDT — df30 insuffisant (3 barres, min=10) — en attente de données WS
INFO:     127.0.0.1:57909 - "GET /api/state HTTP/1.1" 200 OK
INFO:     127.0.0.1:50789 - "GET /api/state HTTP/1.1" 200 OK
INFO:     127.0.0.1:61025 - "GET /services/github/status HTTP/1.1" 500 Internal Server Error
INFO:     127.0.0.1:61025 - "GET /services/github/status HTTP/1.1" 500 Internal Server Error
INFO:     127.0.0.1:61025 - "GET / HTTP/1.1" 200 OK
2026-05-02 07:18:21,830 | INFO     | api.websocket | [WS] Client déconnecté PAXG/USDT (total: 119)
2026-05-02 07:18:21,832 | INFO     | api.websocket | [WS] Client déconnecté PAXG/USDT (total: 118)
2026-05-02 07:18:21,834 | INFO     | api.websocket | [WS] Client déconnecté PAXG/USDT (total: 117)
2026-05-02 07:18:21,840 | INFO     | api.websocket | [WS] Client déconnecté PAXG/USDT (total: 116)
2026-05-02 07:18:21,842 | INFO     | api.websocket | [WS] Client déconnecté PAXG/USDT (total: 115)
2026-05-02 07:18:21,847 | INFO     | api.websocket | [WS] Client déconnecté PAXG/USDT (total: 114)
2026-05-02 07:18:21,849 | INFO     | api.websocket | [WS] Client déconnecté PAXG/USDT (total: 113)
2026-05-02 07:18:21,849 | INFO     | api.websocket | [WS] Client déconnecté PAXG/USDT (total: 112)
2026-05-02 07:18:21,849 | INFO     | api.websocket | [WS] Client déconnecté PAXG/USDT (total: 111)
2026-05-02 07:18:21,851 | INFO     | api.websocket | [WS] Client déconnecté PAXG/USDT (total: 110)
2026-05-02 07:18:21,851 | INFO     | api.websocket | [WS] Client déconnecté PAXG/USDT (total: 109)
2026-05-02 07:18:21,857 | INFO     | api.websocket | [WS] Client déconnecté PAXG/USDT (total: 108)
2026-05-02 07:18:21,857 | INFO     | api.websocket | [WS] Client déconnecté PAXG/USDT (total: 107)
2026-05-02 07:18:21,861 | INFO     | api.websocket | [WS] Client déconnecté PAXG/USDT (total: 106)
2026-05-02 07:18:21,864 | INFO     | api.websocket | [WS] Client déconnecté PAXG/USDT (total: 105)
2026-05-02 07:18:21,866 | INFO     | api.websocket | [WS] Client déconnecté PAXG/USDT (total: 104)
2026-05-02 07:18:21,866 | INFO     | api.websocket | [WS] Client déconnecté PAXG/USDT (total: 103)
2026-05-02 07:18:21,868 | INFO     | api.websocket | [WS] Client déconnecté PAXG/USDT (total: 102)
2026-05-02 07:18:21,868 | INFO     | api.websocket | [WS] Client déconnecté PAXG/USDT (total: 101)
2026-05-02 07:18:21,868 | INFO     | api.websocket | [WS] Client déconnecté PAXG/USDT (total: 100)
2026-05-02 07:18:21,868 | INFO     | api.websocket | [WS] Client déconnecté PAXG/USDT (total: 99)
2026-05-02 07:18:21,872 | INFO     | api.websocket | [WS] Client déconnecté PAXG/USDT (total: 98)
2026-05-02 07:18:21,881 | INFO     | api.websocket | [WS] Client déconnecté PAXG/USDT (total: 97)
2026-05-02 07:18:21,881 | INFO     | api.websocket | [WS] Client déconnecté PAXG/USDT (total: 96)
2026-05-02 07:18:21,883 | INFO     | api.websocket | [WS] Client déconnecté PAXG/USDT (total: 95)
2026-05-02 07:18:21,898 | INFO     | api.websocket | [WS] Client déconnecté PAXG/USDT (total: 94)
2026-05-02 07:18:21,898 | INFO     | api.websocket | [WS] Client déconnecté PAXG/USDT (total: 93)
2026-05-02 07:18:21,898 | INFO     | api.websocket | [WS] Client déconnecté PAXG/USDT (total: 92)
2026-05-02 07:18:21,900 | INFO     | api.websocket | [WS] Client déconnecté PAXG/USDT (total: 91)
2026-05-02 07:18:21,900 | INFO     | api.websocket | [WS] Client déconnecté PAXG/USDT (total: 90)
2026-05-02 07:18:21,900 | INFO     | api.websocket | [WS] Client déconnecté PAXG/USDT (total: 89)
2026-05-02 07:18:21,902 | INFO     | api.websocket | [WS] Client déconnecté PAXG/USDT (total: 88)
2026-05-02 07:18:21,902 | INFO     | api.websocket | [WS] Client déconnecté PAXG/USDT (total: 87)
2026-05-02 07:18:21,902 | INFO     | api.websocket | [WS] Client déconnecté PAXG/USDT (total: 86)
2026-05-02 07:18:21,902 | INFO     | api.websocket | [WS] Client déconnecté PAXG/USDT (total: 85)
2026-05-02 07:18:21,905 | INFO     | api.websocket | [WS] Client déconnecté PAXG/USDT (total: 84)
2026-05-02 07:18:21,905 | INFO     | api.websocket | [WS] Client déconnecté PAXG/USDT (total: 83)
2026-05-02 07:18:21,906 | INFO     | api.websocket | [WS] Client déconnecté PAXG/USDT (total: 82)
2026-05-02 07:18:21,906 | INFO     | api.websocket | [WS] Client déconnecté PAXG/USDT (total: 81)
2026-05-02 07:18:21,906 | INFO     | api.websocket | [WS] Client déconnecté PAXG/USDT (total: 80)
2026-05-02 07:18:21,909 | INFO     | api.websocket | [WS] Client déconnecté PAXG/USDT (total: 79)
2026-05-02 07:18:21,909 | INFO     | api.websocket | [WS] Client déconnecté PAXG/USDT (total: 78)
2026-05-02 07:18:21,911 | INFO     | api.websocket | [WS] Client déconnecté PAXG/USDT (total: 77)
2026-05-02 07:18:21,911 | INFO     | api.websocket | [WS] Client déconnecté PAXG/USDT (total: 76)
2026-05-02 07:18:21,911 | INFO     | api.websocket | [WS] Client déconnecté PAXG/USDT (total: 75)
2026-05-02 07:18:21,911 | INFO     | api.websocket | [WS] Client déconnecté PAXG/USDT (total: 74)
2026-05-02 07:18:21,911 | INFO     | api.websocket | [WS] Client déconnecté PAXG/USDT (total: 73)
2026-05-02 07:18:21,913 | INFO     | api.websocket | [WS] Client déconnecté PAXG/USDT (total: 72)
2026-05-02 07:18:21,913 | INFO     | api.websocket | [WS] Client déconnecté PAXG/USDT (total: 71)
2026-05-02 07:18:21,913 | INFO     | api.websocket | [WS] Client déconnecté PAXG/USDT (total: 70)
2026-05-02 07:18:21,926 | INFO     | api.websocket | [WS] Client déconnecté PAXG/USDT (total: 69)
2026-05-02 07:18:21,928 | INFO     | api.websocket | [WS] Client déconnecté PAXG/USDT (total: 68)
2026-05-02 07:18:21,928 | INFO     | api.websocket | [WS] Client déconnecté PAXG/USDT (total: 67)
2026-05-02 07:18:21,928 | INFO     | api.websocket | [WS] Client déconnecté PAXG/USDT (total: 66)
2026-05-02 07:18:21,930 | INFO     | api.websocket | [WS] Client déconnecté PAXG/USDT (total: 65)
2026-05-02 07:18:21,930 | INFO     | api.websocket | [WS] Client déconnecté PAXG/USDT (total: 64)
2026-05-02 07:18:21,930 | INFO     | api.websocket | [WS] Client déconnecté PAXG/USDT (total: 63)
2026-05-02 07:18:21,930 | INFO     | api.websocket | [WS] Client déconnecté PAXG/USDT (total: 62)
2026-05-02 07:18:21,932 | INFO     | api.websocket | [WS] Client déconnecté PAXG/USDT (total: 61)
2026-05-02 07:18:21,932 | INFO     | api.websocket | [WS] Client déconnecté PAXG/USDT (total: 60)
2026-05-02 07:18:21,932 | INFO     | api.websocket | [WS] Client déconnecté PAXG/USDT (total: 59)
2026-05-02 07:18:21,950 | INFO     | api.websocket | [WS] Client déconnecté PAXG/USDT (total: 58)
2026-05-02 07:18:21,950 | INFO     | api.websocket | [WS] Client déconnecté PAXG/USDT (total: 57)
2026-05-02 07:18:21,952 | INFO     | api.websocket | [WS] Client déconnecté PAXG/USDT (total: 56)
2026-05-02 07:18:21,952 | INFO     | api.websocket | [WS] Client déconnecté PAXG/USDT (total: 55)
2026-05-02 07:18:21,954 | INFO     | api.websocket | [WS] Client déconnecté PAXG/USDT (total: 54)
2026-05-02 07:18:21,954 | INFO     | api.websocket | [WS] Client déconnecté PAXG/USDT (total: 53)
2026-05-02 07:18:21,954 | INFO     | api.websocket | [WS] Client déconnecté PAXG/USDT (total: 52)
2026-05-02 07:18:21,954 | INFO     | api.websocket | [WS] Client déconnecté PAXG/USDT (total: 51)
2026-05-02 07:18:21,954 | INFO     | api.websocket | [WS] Client déconnecté PAXG/USDT (total: 50)
2026-05-02 07:18:21,954 | INFO     | api.websocket | [WS] Client déconnecté PAXG/USDT (total: 49)
2026-05-02 07:18:21,954 | INFO     | api.websocket | [WS] Client déconnecté PAXG/USDT (total: 48)
2026-05-02 07:18:21,954 | INFO     | api.websocket | [WS] Client déconnecté PAXG/USDT (total: 47)
2026-05-02 07:18:21,954 | INFO     | api.websocket | [WS] Client déconnecté PAXG/USDT (total: 46)
2026-05-02 07:18:21,959 | INFO     | api.websocket | [WS] Client déconnecté PAXG/USDT (total: 45)
2026-05-02 07:18:21,959 | INFO     | api.websocket | [WS] Client déconnecté PAXG/USDT (total: 44)
2026-05-02 07:18:21,959 | INFO     | api.websocket | [WS] Client déconnecté PAXG/USDT (total: 43)
2026-05-02 07:18:21,961 | INFO     | api.websocket | [WS] Client déconnecté PAXG/USDT (total: 42)
2026-05-02 07:18:21,961 | INFO     | api.websocket | [WS] Client déconnecté PAXG/USDT (total: 41)
2026-05-02 07:18:21,961 | INFO     | api.websocket | [WS] Client déconnecté PAXG/USDT (total: 40)
2026-05-02 07:18:21,964 | INFO     | api.websocket | [WS] Client déconnecté PAXG/USDT (total: 39)
2026-05-02 07:18:21,964 | INFO     | api.websocket | [WS] Client déconnecté PAXG/USDT (total: 38)
2026-05-02 07:18:21,964 | INFO     | api.websocket | [WS] Client déconnecté PAXG/USDT (total: 37)
2026-05-02 07:18:21,964 | INFO     | api.websocket | [WS] Client déconnecté PAXG/USDT (total: 36)
2026-05-02 07:18:21,964 | INFO     | api.websocket | [WS] Client déconnecté PAXG/USDT (total: 35)
2026-05-02 07:18:21,964 | INFO     | api.websocket | [WS] Client déconnecté PAXG/USDT (total: 34)
2026-05-02 07:18:21,964 | INFO     | api.websocket | [WS] Client déconnecté PAXG/USDT (total: 33)
2026-05-02 07:18:21,964 | INFO     | api.websocket | [WS] Client déconnecté PAXG/USDT (total: 32)
2026-05-02 07:18:21,964 | INFO     | api.websocket | [WS] Client déconnecté PAXG/USDT (total: 31)
2026-05-02 07:18:21,964 | INFO     | api.websocket | [WS] Client déconnecté PAXG/USDT (total: 30)
2026-05-02 07:18:21,964 | INFO     | api.websocket | [WS] Client déconnecté PAXG/USDT (total: 29)
2026-05-02 07:18:21,964 | INFO     | api.websocket | [WS] Client déconnecté PAXG/USDT (total: 28)
2026-05-02 07:18:21,970 | INFO     | api.websocket | [WS] Client déconnecté PAXG/USDT (total: 27)
2026-05-02 07:18:21,970 | INFO     | api.websocket | [WS] Client déconnecté PAXG/USDT (total: 26)
2026-05-02 07:18:21,970 | INFO     | api.websocket | [WS] Client déconnecté PAXG/USDT (total: 25)
2026-05-02 07:18:21,970 | INFO     | api.websocket | [WS] Client déconnecté PAXG/USDT (total: 24)
2026-05-02 07:18:21,973 | INFO     | api.websocket | [WS] Client déconnecté PAXG/USDT (total: 23)
2026-05-02 07:18:21,973 | INFO     | api.websocket | [WS] Client déconnecté PAXG/USDT (total: 22)
2026-05-02 07:18:21,974 | INFO     | api.websocket | [WS] Client déconnecté PAXG/USDT (total: 21)
2026-05-02 07:18:21,974 | INFO     | api.websocket | [WS] Client déconnecté PAXG/USDT (total: 20)
2026-05-02 07:18:21,975 | INFO     | api.websocket | [WS] Client déconnecté PAXG/USDT (total: 19)
2026-05-02 07:18:21,975 | INFO     | api.websocket | [WS] Client déconnecté PAXG/USDT (total: 18)
2026-05-02 07:18:21,992 | INFO     | api.websocket | [WS] Client déconnecté PAXG/USDT (total: 17)
2026-05-02 07:18:21,995 | INFO     | api.websocket | [WS] Client déconnecté PAXG/USDT (total: 16)
2026-05-02 07:18:21,995 | INFO     | api.websocket | [WS] Client déconnecté PAXG/USDT (total: 15)
2026-05-02 07:18:21,995 | INFO     | api.websocket | [WS] Client déconnecté PAXG/USDT (total: 14)
2026-05-02 07:18:21,995 | INFO     | api.websocket | [WS] Client déconnecté PAXG/USDT (total: 13)
2026-05-02 07:18:21,995 | INFO     | api.websocket | [WS] Client déconnecté PAXG/USDT (total: 12)
2026-05-02 07:18:21,998 | INFO     | api.websocket | [WS] Client déconnecté PAXG/USDT (total: 11)
2026-05-02 07:18:21,998 | INFO     | api.websocket | [WS] Client déconnecté PAXG/USDT (total: 10)
2026-05-02 07:18:21,998 | INFO     | api.websocket | [WS] Client déconnecté PAXG/USDT (total: 9)
2026-05-02 07:18:22,000 | INFO     | api.websocket | [WS] Client déconnecté PAXG/USDT (total: 8)
2026-05-02 07:18:22,000 | INFO     | api.websocket | [WS] Client déconnecté PAXG/USDT (total: 7)
2026-05-02 07:18:22,000 | INFO     | api.websocket | [WS] Client déconnecté PAXG/USDT (total: 6)
2026-05-02 07:18:22,002 | INFO     | api.websocket | [WS] Client déconnecté PAXG/USDT (total: 5)
2026-05-02 07:18:22,002 | INFO     | api.websocket | [WS] Client déconnecté PAXG/USDT (total: 4)
2026-05-02 07:18:22,004 | INFO     | api.websocket | [WS] Client déconnecté PAXG/USDT (total: 3)
2026-05-02 07:18:22,004 | INFO     | api.websocket | [WS] Client déconnecté PAXG/USDT (total: 2)
2026-05-02 07:18:22,004 | INFO     | api.websocket | [WS] Client déconnecté PAXG/USDT (total: 1)
2026-05-02 07:18:22,028 | INFO     | api.websocket | [WS] Client déconnecté PAXG/USDT (total: 0)
2026-05-02 07:18:22,030 | INFO     | api.websocket | [WS] Client déconnecté BTC/USDT (total: 119)
2026-05-02 07:18:22,030 | INFO     | api.websocket | [WS] Client déconnecté BTC/USDT (total: 118)
2026-05-02 07:18:22,030 | INFO     | api.websocket | [WS] Client déconnecté BTC/USDT (total: 117)
2026-05-02 07:18:22,032 | INFO     | api.websocket | [WS] Client déconnecté BTC/USDT (total: 116)
2026-05-02 07:18:22,032 | INFO     | api.websocket | [WS] Client déconnecté BTC/USDT (total: 115)
2026-05-02 07:18:22,032 | INFO     | api.websocket | [WS] Client déconnecté BTC/USDT (total: 114)
2026-05-02 07:18:22,034 | INFO     | api.websocket | [WS] Client déconnecté BTC/USDT (total: 113)
2026-05-02 07:18:22,034 | INFO     | api.websocket | [WS] Client déconnecté BTC/USDT (total: 112)
2026-05-02 07:18:22,034 | INFO     | api.websocket | [WS] Client déconnecté BTC/USDT (total: 111)
2026-05-02 07:18:22,034 | INFO     | api.websocket | [WS] Client déconnecté BTC/USDT (total: 110)
2026-05-02 07:18:22,036 | INFO     | api.websocket | [WS] Client déconnecté BTC/USDT (total: 109)
2026-05-02 07:18:22,036 | INFO     | api.websocket | [WS] Client déconnecté BTC/USDT (total: 108)
2026-05-02 07:18:22,036 | INFO     | api.websocket | [WS] Client déconnecté BTC/USDT (total: 107)
2026-05-02 07:18:22,038 | INFO     | api.websocket | [WS] Client déconnecté BTC/USDT (total: 106)
2026-05-02 07:18:22,038 | INFO     | api.websocket | [WS] Client déconnecté BTC/USDT (total: 105)
2026-05-02 07:18:22,038 | INFO     | api.websocket | [WS] Client déconnecté BTC/USDT (total: 104)
2026-05-02 07:18:22,040 | INFO     | api.websocket | [WS] Client déconnecté BTC/USDT (total: 103)
2026-05-02 07:18:22,040 | INFO     | api.websocket | [WS] Client déconnecté BTC/USDT (total: 102)
2026-05-02 07:18:22,040 | INFO     | api.websocket | [WS] Client déconnecté BTC/USDT (total: 101)
2026-05-02 07:18:22,040 | INFO     | api.websocket | [WS] Client déconnecté BTC/USDT (total: 100)
2026-05-02 07:18:22,042 | INFO     | api.websocket | [WS] Client déconnecté BTC/USDT (total: 99)
2026-05-02 07:18:22,042 | INFO     | api.websocket | [WS] Client déconnecté BTC/USDT (total: 98)
2026-05-02 07:18:22,042 | INFO     | api.websocket | [WS] Client déconnecté BTC/USDT (total: 97)
2026-05-02 07:18:22,044 | INFO     | api.websocket | [WS] Client déconnecté BTC/USDT (total: 96)
2026-05-02 07:18:22,044 | INFO     | api.websocket | [WS] Client déconnecté BTC/USDT (total: 95)
2026-05-02 07:18:22,044 | INFO     | api.websocket | [WS] Client déconnecté BTC/USDT (total: 94)
2026-05-02 07:18:22,046 | INFO     | api.websocket | [WS] Client déconnecté BTC/USDT (total: 93)
2026-05-02 07:18:22,046 | INFO     | api.websocket | [WS] Client déconnecté BTC/USDT (total: 92)
2026-05-02 07:18:22,046 | INFO     | api.websocket | [WS] Client déconnecté BTC/USDT (total: 91)
2026-05-02 07:18:22,048 | INFO     | api.websocket | [WS] Client déconnecté BTC/USDT (total: 90)
2026-05-02 07:18:22,048 | INFO     | api.websocket | [WS] Client déconnecté BTC/USDT (total: 89)
2026-05-02 07:18:22,048 | INFO     | api.websocket | [WS] Client déconnecté BTC/USDT (total: 88)
2026-05-02 07:18:22,050 | INFO     | api.websocket | [WS] Client déconnecté BTC/USDT (total: 87)
2026-05-02 07:18:22,050 | INFO     | api.websocket | [WS] Client déconnecté BTC/USDT (total: 86)
2026-05-02 07:18:22,050 | INFO     | api.websocket | [WS] Client déconnecté BTC/USDT (total: 85)
2026-05-02 07:18:22,052 | INFO     | api.websocket | [WS] Client déconnecté BTC/USDT (total: 84)
2026-05-02 07:18:22,052 | INFO     | api.websocket | [WS] Client déconnecté BTC/USDT (total: 83)
2026-05-02 07:18:22,052 | INFO     | api.websocket | [WS] Client déconnecté BTC/USDT (total: 82)
2026-05-02 07:18:22,052 | INFO     | api.websocket | [WS] Client déconnecté BTC/USDT (total: 81)
2026-05-02 07:18:22,054 | INFO     | api.websocket | [WS] Client déconnecté BTC/USDT (total: 80)
2026-05-02 07:18:22,054 | INFO     | api.websocket | [WS] Client déconnecté BTC/USDT (total: 79)
2026-05-02 07:18:22,056 | INFO     | api.websocket | [WS] Client déconnecté BTC/USDT (total: 78)
2026-05-02 07:18:22,056 | INFO     | api.websocket | [WS] Client déconnecté BTC/USDT (total: 77)
2026-05-02 07:18:22,056 | INFO     | api.websocket | [WS] Client déconnecté BTC/USDT (total: 76)
2026-05-02 07:18:22,057 | INFO     | api.websocket | [WS] Client déconnecté BTC/USDT (total: 75)
2026-05-02 07:18:22,057 | INFO     | api.websocket | [WS] Client déconnecté BTC/USDT (total: 74)
2026-05-02 07:18:22,057 | INFO     | api.websocket | [WS] Client déconnecté BTC/USDT (total: 73)
2026-05-02 07:18:22,059 | INFO     | api.websocket | [WS] Client déconnecté BTC/USDT (total: 72)
2026-05-02 07:18:22,059 | INFO     | api.websocket | [WS] Client déconnecté BTC/USDT (total: 71)
2026-05-02 07:18:22,059 | INFO     | api.websocket | [WS] Client déconnecté BTC/USDT (total: 70)
2026-05-02 07:18:22,062 | INFO     | api.websocket | [WS] Client déconnecté BTC/USDT (total: 69)
2026-05-02 07:18:22,062 | INFO     | api.websocket | [WS] Client déconnecté BTC/USDT (total: 68)
2026-05-02 07:18:22,062 | INFO     | api.websocket | [WS] Client déconnecté BTC/USDT (total: 67)
2026-05-02 07:18:22,062 | INFO     | api.websocket | [WS] Client déconnecté BTC/USDT (total: 66)
2026-05-02 07:18:22,062 | INFO     | api.websocket | [WS] Client déconnecté BTC/USDT (total: 65)
2026-05-02 07:18:22,062 | INFO     | api.websocket | [WS] Client déconnecté BTC/USDT (total: 64)
2026-05-02 07:18:22,062 | INFO     | api.websocket | [WS] Client déconnecté BTC/USDT (total: 63)
2026-05-02 07:18:22,066 | INFO     | api.websocket | [WS] Client déconnecté BTC/USDT (total: 62)
2026-05-02 07:18:22,066 | INFO     | api.websocket | [WS] Client déconnecté BTC/USDT (total: 61)
2026-05-02 07:18:22,066 | INFO     | api.websocket | [WS] Client déconnecté BTC/USDT (total: 60)
2026-05-02 07:18:22,066 | INFO     | api.websocket | [WS] Client déconnecté BTC/USDT (total: 59)
2026-05-02 07:18:22,068 | INFO     | api.websocket | [WS] Client déconnecté BTC/USDT (total: 58)
2026-05-02 07:18:22,068 | INFO     | api.websocket | [WS] Client déconnecté BTC/USDT (total: 57)
2026-05-02 07:18:22,068 | INFO     | api.websocket | [WS] Client déconnecté BTC/USDT (total: 56)
2026-05-02 07:18:22,068 | INFO     | api.websocket | [WS] Client déconnecté BTC/USDT (total: 55)
2026-05-02 07:18:22,070 | INFO     | api.websocket | [WS] Client déconnecté BTC/USDT (total: 54)
2026-05-02 07:18:22,070 | INFO     | api.websocket | [WS] Client déconnecté BTC/USDT (total: 53)
2026-05-02 07:18:22,070 | INFO     | api.websocket | [WS] Client déconnecté BTC/USDT (total: 52)
2026-05-02 07:18:22,070 | INFO     | api.websocket | [WS] Client déconnecté BTC/USDT (total: 51)
2026-05-02 07:18:22,070 | INFO     | api.websocket | [WS] Client déconnecté BTC/USDT (total: 50)
2026-05-02 07:18:22,070 | INFO     | api.websocket | [WS] Client déconnecté BTC/USDT (total: 49)
2026-05-02 07:18:22,070 | INFO     | api.websocket | [WS] Client déconnecté BTC/USDT (total: 48)
2026-05-02 07:18:22,070 | INFO     | api.websocket | [WS] Client déconnecté BTC/USDT (total: 47)
2026-05-02 07:18:22,075 | INFO     | api.websocket | [WS] Client déconnecté BTC/USDT (total: 46)
2026-05-02 07:18:22,075 | INFO     | api.websocket | [WS] Client déconnecté BTC/USDT (total: 45)
2026-05-02 07:18:22,075 | INFO     | api.websocket | [WS] Client déconnecté BTC/USDT (total: 44)
2026-05-02 07:18:22,077 | INFO     | api.websocket | [WS] Client déconnecté BTC/USDT (total: 43)
2026-05-02 07:18:22,077 | INFO     | api.websocket | [WS] Client déconnecté BTC/USDT (total: 42)
2026-05-02 07:18:22,078 | INFO     | api.websocket | [WS] Client déconnecté BTC/USDT (total: 41)
2026-05-02 07:18:22,078 | INFO     | api.websocket | [WS] Client déconnecté BTC/USDT (total: 40)
2026-05-02 07:18:22,079 | INFO     | api.websocket | [WS] Client déconnecté BTC/USDT (total: 39)
2026-05-02 07:18:22,079 | INFO     | api.websocket | [WS] Client déconnecté BTC/USDT (total: 38)
2026-05-02 07:18:22,081 | INFO     | api.websocket | [WS] Client déconnecté BTC/USDT (total: 37)
2026-05-02 07:18:22,089 | INFO     | api.websocket | [WS] Client déconnecté BTC/USDT (total: 36)
2026-05-02 07:18:22,089 | INFO     | api.websocket | [WS] Client déconnecté BTC/USDT (total: 35)
2026-05-02 07:18:22,091 | INFO     | api.websocket | [WS] Client déconnecté BTC/USDT (total: 34)
2026-05-02 07:18:22,091 | INFO     | api.websocket | [WS] Client déconnecté BTC/USDT (total: 33)
2026-05-02 07:18:22,091 | INFO     | api.websocket | [WS] Client déconnecté BTC/USDT (total: 32)
2026-05-02 07:18:22,091 | INFO     | api.websocket | [WS] Client déconnecté BTC/USDT (total: 31)
2026-05-02 07:18:22,091 | INFO     | api.websocket | [WS] Client déconnecté BTC/USDT (total: 30)
2026-05-02 07:18:22,091 | INFO     | api.websocket | [WS] Client déconnecté BTC/USDT (total: 29)
2026-05-02 07:18:22,091 | INFO     | api.websocket | [WS] Client déconnecté BTC/USDT (total: 28)
2026-05-02 07:18:22,091 | INFO     | api.websocket | [WS] Client déconnecté BTC/USDT (total: 27)
2026-05-02 07:18:22,091 | INFO     | api.websocket | [WS] Client déconnecté BTC/USDT (total: 26)
2026-05-02 07:18:22,091 | INFO     | api.websocket | [WS] Client déconnecté BTC/USDT (total: 25)
2026-05-02 07:18:22,097 | INFO     | api.websocket | [WS] Client déconnecté BTC/USDT (total: 24)
2026-05-02 07:18:22,098 | INFO     | api.websocket | [WS] Client déconnecté BTC/USDT (total: 23)
2026-05-02 07:18:22,098 | INFO     | api.websocket | [WS] Client déconnecté BTC/USDT (total: 22)
2026-05-02 07:18:22,098 | INFO     | api.websocket | [WS] Client déconnecté BTC/USDT (total: 21)
2026-05-02 07:18:22,101 | INFO     | api.websocket | [WS] Client déconnecté BTC/USDT (total: 20)
2026-05-02 07:18:22,101 | INFO     | api.websocket | [WS] Client déconnecté BTC/USDT (total: 19)
2026-05-02 07:18:22,101 | INFO     | api.websocket | [WS] Client déconnecté BTC/USDT (total: 18)
2026-05-02 07:18:22,101 | INFO     | api.websocket | [WS] Client déconnecté BTC/USDT (total: 17)
2026-05-02 07:18:22,103 | INFO     | api.websocket | [WS] Client déconnecté BTC/USDT (total: 16)
2026-05-02 07:18:22,103 | INFO     | api.websocket | [WS] Client déconnecté BTC/USDT (total: 15)
2026-05-02 07:18:22,104 | INFO     | api.websocket | [WS] Client déconnecté BTC/USDT (total: 14)
2026-05-02 07:18:22,104 | INFO     | api.websocket | [WS] Client déconnecté BTC/USDT (total: 13)
2026-05-02 07:18:22,104 | INFO     | api.websocket | [WS] Client déconnecté BTC/USDT (total: 12)
2026-05-02 07:18:22,104 | INFO     | api.websocket | [WS] Client déconnecté BTC/USDT (total: 11)
2026-05-02 07:18:22,104 | INFO     | api.websocket | [WS] Client déconnecté BTC/USDT (total: 10)
2026-05-02 07:18:22,107 | INFO     | api.websocket | [WS] Client déconnecté BTC/USDT (total: 9)
2026-05-02 07:18:22,107 | INFO     | api.websocket | [WS] Client déconnecté BTC/USDT (total: 8)
2026-05-02 07:18:22,107 | INFO     | api.websocket | [WS] Client déconnecté BTC/USDT (total: 7)
2026-05-02 07:18:22,109 | INFO     | api.websocket | [WS] Client déconnecté BTC/USDT (total: 6)
2026-05-02 07:18:22,109 | INFO     | api.websocket | [WS] Client déconnecté BTC/USDT (total: 5)
2026-05-02 07:18:22,110 | INFO     | api.websocket | [WS] Client déconnecté BTC/USDT (total: 4)
2026-05-02 07:18:22,110 | INFO     | api.websocket | [WS] Client déconnecté BTC/USDT (total: 3)
2026-05-02 07:18:22,110 | INFO     | api.websocket | [WS] Client déconnecté BTC/USDT (total: 2)
2026-05-02 07:18:22,110 | INFO     | api.websocket | [WS] Client déconnecté BTC/USDT (total: 1)
2026-05-02 07:18:22,110 | INFO     | api.websocket | [WS] Client déconnecté BTC/USDT (total: 0)
INFO:     127.0.0.1:61025 - "GET /api/state HTTP/1.1" 200 OK
2026-05-02 07:18:22,521 | INFO     | core.signal_engine | [SCAN] BTC/USDT — df30 insuffisant (3 barres, min=10) — en attente de données WS
2026-05-02 07:18:22,521 | INFO     | core.signal_engine | [SCAN] PAXG/USDT — df30 insuffisant (3 barres, min=10) — en attente de données WS
2026-05-02 07:18:22,822 | INFO     | api.websocket | [WS] Client connecté BTC/USDT (total: 1)
2026-05-02 07:18:22,843 | INFO     | api.websocket | [WS] Client connecté PAXG/USDT (total: 1)
INFO:     127.0.0.1:50789 - "GET /paper/state HTTP/1.1" 200 OK
INFO:     127.0.0.1:50789 - "GET /services/github/status HTTP/1.1" 500 Internal Server Error
INFO:     127.0.0.1:50789 - "GET /paper/equity-curve?last_n=300 HTTP/1.1" 200 OK
2026-05-02 07:18:25,539 | INFO     | core.signal_engine | [SCAN] BTC/USDT — df30 insuffisant (3 barres, min=10) — en attente de données WS
2026-05-02 07:18:25,546 | INFO     | core.signal_engine | [SCAN] PAXG/USDT — df30 insuffisant (3 barres, min=10) — en attente de données WS
INFO:     127.0.0.1:50789 - "GET /api/state HTTP/1.1" 200 OK
2026-05-02 07:18:28,559 | INFO     | core.signal_engine | [SCAN] BTC/USDT — df30 insuffisant (3 barres, min=10) — en attente de données WS
2026-05-02 07:18:28,567 | INFO     | core.signal_engine | [SCAN] PAXG/USDT — df30 insuffisant (3 barres, min=10) — en attente de données WS
INFO:     127.0.0.1:61025 - "GET /services/status HTTP/1.1" 200 OK
2026-05-02 07:18:31,559 | INFO     | core.signal_engine | [SCAN] BTC/USDT — df30 insuffisant (3 barres, min=10) — en attente de données WS
2026-05-02 07:18:31,563 | INFO     | core.signal_engine | [SCAN] PAXG/USDT — df30 insuffisant (3 barres, min=10) — en attente de données WS
2026-05-02 07:18:33,131 | INFO     | assistant.voice_engine | [VOICE] Parole RMS=0.0036 — Whisper lancé
2026-05-02 07:18:33,138 | INFO     | faster_whisper | Processing audio with duration 00:01.980
2026-05-02 07:18:33,147 | INFO     | faster_whisper | VAD filter removed 00:01.456 of audio
INFO:     127.0.0.1:61025 - "GET /api/state HTTP/1.1" 200 OK
2026-05-02 07:18:34,576 | INFO     | core.signal_engine | [SCAN] BTC/USDT — df30 insuffisant (4 barres, min=10) — en attente de données WS
2026-05-02 07:18:34,582 | INFO     | core.signal_engine | [SCAN] PAXG/USDT — df30 insuffisant (3 barres, min=10) — en attente de données WS
2026-05-02 07:18:37,205 | INFO     | assistant.voice_engine | [VOICE] Transcription: 'sous-titres réalisés par la communauté d'amara.org'
2026-05-02 07:18:37,575 | INFO     | core.signal_engine | [SCAN] BTC/USDT — df30 insuffisant (4 barres, min=10) — en attente de données WS
2026-05-02 07:18:37,581 | INFO     | core.signal_engine | [SCAN] PAXG/USDT — df30 insuffisant (3 barres, min=10) — en attente de données WS
INFO:     127.0.0.1:61025 - "GET /api/state HTTP/1.1" 200 OK
2026-05-02 07:18:40,600 | INFO     | core.signal_engine | [SCAN] BTC/USDT — df30 insuffisant (4 barres, min=10) — en attente de données WS
2026-05-02 07:18:40,601 | INFO     | core.signal_engine | [SCAN] PAXG/USDT — df30 insuffisant (3 barres, min=10) — en attente de données WS
INFO:     127.0.0.1:53586 - "GET /api/state HTTP/1.1" 200 OK
2026-05-02 07:18:43,594 | INFO     | core.signal_engine | [SCAN] BTC/USDT — df30 insuffisant (4 barres, min=10) — en attente de données WS
2026-05-02 07:18:43,601 | INFO     | core.signal_engine | [SCAN] PAXG/USDT — df30 insuffisant (3 barres, min=10) — en attente de données WS
2026-05-02 07:18:46,597 | INFO     | core.signal_engine | [SCAN] BTC/USDT — df30 insuffisant (4 barres, min=10) — en attente de données WS
2026-05-02 07:18:46,603 | INFO     | core.signal_engine | [SCAN] PAXG/USDT — df30 insuffisant (3 barres, min=10) — en attente de données WS
INFO:     127.0.0.1:53586 - "GET /api/state HTTP/1.1" 200 OK
2026-05-02 07:18:49,617 | INFO     | core.signal_engine | [SCAN] BTC/USDT — df30 insuffisant (4 barres, min=10) — en attente de données WS
2026-05-02 07:18:49,623 | INFO     | core.signal_engine | [SCAN] PAXG/USDT — df30 insuffisant (3 barres, min=10) — en attente de données WS
2026-05-02 07:18:50,133 | INFO     | assistant.voice_engine | [VOICE] Parole RMS=0.0021 — Whisper lancé
2026-05-02 07:18:50,134 | INFO     | faster_whisper | Processing audio with duration 00:01.980
2026-05-02 07:18:50,140 | INFO     | faster_whisper | VAD filter removed 00:00.752 of audio
2026-05-02 07:18:52,633 | INFO     | core.signal_engine | [SCAN] BTC/USDT — df30 insuffisant (4 barres, min=10) — en attente de données WS
2026-05-02 07:18:52,640 | INFO     | core.signal_engine | [SCAN] PAXG/USDT — df30 insuffisant (3 barres, min=10) — en attente de données WS
INFO:     127.0.0.1:53586 - "GET /api/state HTTP/1.1" 200 OK
2026-05-02 07:18:55,651 | INFO     | core.signal_engine | [SCAN] BTC/USDT — df30 insuffisant (4 barres, min=10) — en attente de données WS
2026-05-02 07:18:55,653 | INFO     | core.signal_engine | [SCAN] PAXG/USDT — df30 insuffisant (3 barres, min=10) — en attente de données WS
2026-05-02 07:18:56,470 | INFO     | assistant.voice_engine | [VOICE] Transcription: 'sous-titres réalisés par la communauté d'amara.org'
INFO:     127.0.0.1:53586 - "GET /api/state HTTP/1.1" 200 OK
2026-05-02 07:18:58,656 | INFO     | core.signal_engine | [SCAN] BTC/USDT — df30 insuffisant (4 barres, min=10) — en attente de données WS
2026-05-02 07:18:58,663 | INFO     | core.signal_engine | [SCAN] PAXG/USDT — df30 insuffisant (4 barres, min=10) — en attente de données WS
2026-05-02 07:19:01,678 | INFO     | core.signal_engine | [SCAN] BTC/USDT — df30 insuffisant (4 barres, min=10) — en attente de données WS
2026-05-02 07:19:01,684 | INFO     | core.signal_engine | [SCAN] PAXG/USDT — df30 insuffisant (4 barres, min=10) — en attente de données WS
INFO:     127.0.0.1:53586 - "GET /api/state HTTP/1.1" 200 OK
2026-05-02 07:19:04,692 | INFO     | core.signal_engine | [SCAN] BTC/USDT — df30 insuffisant (5 barres, min=10) — en attente de données WS
2026-05-02 07:19:04,698 | INFO     | core.signal_engine | [SCAN] PAXG/USDT — df30 insuffisant (4 barres, min=10) — en attente de données WS
2026-05-02 07:19:06,094 | INFO     | engine.learning_engine | [LEARNING] BTC/USDT poids adaptés journal paper (214 trades, critères: 0 actifs)
2026-05-02 07:19:06,104 | INFO     | engine.learning_engine | [LEARNING] PAXG/USDT poids adaptés journal paper (59 trades, critères: 0 actifs)
2026-05-02 07:19:07,721 | INFO     | core.signal_engine | [SCAN] BTC/USDT — df30 insuffisant (5 barres, min=10) — en attente de données WS
2026-05-02 07:19:07,726 | INFO     | core.signal_engine | [SCAN] PAXG/USDT — df30 insuffisant (5 barres, min=10) — en attente de données WS
INFO:     127.0.0.1:53586 - "GET /api/state HTTP/1.1" 200 OK
2026-05-02 07:19:10,718 | INFO     | core.signal_engine | [SCAN] BTC/USDT — df30 insuffisant (5 barres, min=10) — en attente de données WS
2026-05-02 07:19:10,725 | INFO     | core.signal_engine | [SCAN] PAXG/USDT — df30 insuffisant (5 barres, min=10) — en attente de données WS
2026-05-02 07:19:10,901 | INFO     | assistant.voice_engine | [VOICE] Parole RMS=0.0020 — Whisper lancé
2026-05-02 07:19:10,902 | INFO     | faster_whisper | Processing audio with duration 00:01.980
2026-05-02 07:19:10,910 | INFO     | faster_whisper | VAD filter removed 00:00.592 of audio
INFO:     127.0.0.1:53586 - "GET /api/state HTTP/1.1" 200 OK
2026-05-02 07:19:13,718 | INFO     | core.signal_engine | [SCAN] BTC/USDT — df30 insuffisant (5 barres, min=10) — en attente de données WS
2026-05-02 07:19:13,724 | INFO     | core.signal_engine | [SCAN] PAXG/USDT — df30 insuffisant (5 barres, min=10) — en attente de données WS
2026-05-02 07:19:14,524 | INFO     | assistant.voice_engine | [VOICE] Transcription: 'merci.'
2026-05-02 07:19:16,726 | INFO     | core.signal_engine | [SCAN] BTC/USDT — df30 insuffisant (5 barres, min=10) — en attente de données WS
2026-05-02 07:19:16,732 | INFO     | core.signal_engine | [SCAN] PAXG/USDT — df30 insuffisant (5 barres, min=10) — en attente de données WS
INFO:     127.0.0.1:53586 - "GET /api/state HTTP/1.1" 200 OK
2026-05-02 07:19:19,753 | INFO     | core.signal_engine | [SCAN] BTC/USDT — df30 insuffisant (5 barres, min=10) — en attente de données WS
2026-05-02 07:19:19,760 | INFO     | core.signal_engine | [SCAN] PAXG/USDT — df30 insuffisant (5 barres, min=10) — en attente de données WS
2026-05-02 07:19:22,787 | INFO     | core.signal_engine | [SCAN] BTC/USDT — df30 insuffisant (5 barres, min=10) — en attente de données WS
2026-05-02 07:19:22,794 | INFO     | core.signal_engine | [SCAN] PAXG/USDT — df30 insuffisant (5 barres, min=10) — en attente de données WS
INFO:     127.0.0.1:53586 - "GET /api/state HTTP/1.1" 200 OK
2026-05-02 07:19:25,812 | INFO     | core.signal_engine | [SCAN] BTC/USDT — df30 insuffisant (5 barres, min=10) — en attente de données WS
2026-05-02 07:19:25,819 | INFO     | core.signal_engine | [SCAN] PAXG/USDT — df30 insuffisant (5 barres, min=10) — en attente de données WS
INFO:     127.0.0.1:61829 - "GET /api/state HTTP/1.1" 200 OK
2026-05-02 07:19:28,790 | INFO     | core.signal_engine | [SCAN] BTC/USDT — df30 insuffisant (5 barres, min=10) — en attente de données WS
2026-05-02 07:19:28,796 | INFO     | core.signal_engine | [SCAN] PAXG/USDT — df30 insuffisant (5 barres, min=10) — en attente de données WS
2026-05-02 07:19:31,798 | INFO     | core.signal_engine | [SCAN] BTC/USDT — df30 insuffisant (5 barres, min=10) — en attente de données WS
2026-05-02 07:19:31,804 | INFO     | core.signal_engine | [SCAN] PAXG/USDT — df30 insuffisant (5 barres, min=10) — en attente de données WS
2026-05-02 07:19:34,810 | INFO     | core.signal_engine | [SCAN] BTC/USDT — df30 insuffisant (6 barres, min=10) — en attente de données WS
2026-05-02 07:19:34,817 | INFO     | core.signal_engine | [SCAN] PAXG/USDT — df30 insuffisant (5 barres, min=10) — en attente de données WS
2026-05-02 07:19:37,804 | INFO     | core.signal_engine | [SCAN] BTC/USDT — df30 insuffisant (6 barres, min=10) — en attente de données WS
2026-05-02 07:19:37,808 | INFO     | core.signal_engine | [SCAN] PAXG/USDT — df30 insuffisant (5 barres, min=10) — en attente de données WS
2026-05-02 07:19:40,808 | INFO     | core.signal_engine | [SCAN] BTC/USDT — df30 insuffisant (6 barres, min=10) — en attente de données WS
2026-05-02 07:19:40,810 | INFO     | core.signal_engine | [SCAN] PAXG/USDT — df30 insuffisant (5 barres, min=10) — en attente de données WS
2026-05-02 07:19:43,818 | INFO     | core.signal_engine | [SCAN] BTC/USDT — df30 insuffisant (6 barres, min=10) — en attente de données WS
2026-05-02 07:19:43,825 | INFO     | core.signal_engine | [SCAN] PAXG/USDT — df30 insuffisant (5 barres, min=10) — en attente de données WS
2026-05-02 07:19:46,851 | INFO     | core.signal_engine | [SCAN] BTC/USDT — df30 insuffisant (6 barres, min=10) — en attente de données WS
2026-05-02 07:19:46,858 | INFO     | core.signal_engine | [SCAN] PAXG/USDT — df30 insuffisant (5 barres, min=10) — en attente de données WS
2026-05-02 07:19:49,864 | INFO     | core.signal_engine | [SCAN] BTC/USDT — df30 insuffisant (6 barres, min=10) — en attente de données WS
2026-05-02 07:19:49,871 | INFO     | core.signal_engine | [SCAN] PAXG/USDT — df30 insuffisant (5 barres, min=10) — en attente de données WS
2026-05-02 07:19:52,881 | INFO     | core.signal_engine | [SCAN] BTC/USDT — df30 insuffisant (6 barres, min=10) — en attente de données WS
2026-05-02 07:19:52,886 | INFO     | core.signal_engine | [SCAN] PAXG/USDT — df30 insuffisant (5 barres, min=10) — en attente de données WS
2026-05-02 07:19:55,910 | INFO     | core.signal_engine | [SCAN] BTC/USDT — df30 insuffisant (6 barres, min=10) — en attente de données WS
2026-05-02 07:19:55,917 | INFO     | core.signal_engine | [SCAN] PAXG/USDT — df30 insuffisant (5 barres, min=10) — en attente de données WS
2026-05-02 07:19:58,928 | INFO     | core.signal_engine | [SCAN] BTC/USDT — df30 insuffisant (6 barres, min=10) — en attente de données WS
2026-05-02 07:19:58,934 | INFO     | core.signal_engine | [SCAN] PAXG/USDT — df30 insuffisant (5 barres, min=10) — en attente de données WS
2026-05-02 07:20:01,947 | INFO     | core.signal_engine | [SCAN] BTC/USDT — df30 insuffisant (6 barres, min=10) — en attente de données WS
2026-05-02 07:20:01,954 | INFO     | core.signal_engine | [SCAN] PAXG/USDT — df30 insuffisant (5 barres, min=10) — en attente de données WS
2026-05-02 07:20:04,965 | INFO     | core.signal_engine | [SCAN] BTC/USDT — df30 insuffisant (7 barres, min=10) — en attente de données WS
2026-05-02 07:20:04,966 | INFO     | core.signal_engine | [SCAN] PAXG/USDT — df30 insuffisant (5 barres, min=10) — en attente de données WS
2026-05-02 07:20:07,991 | INFO     | core.signal_engine | [SCAN] BTC/USDT — df30 insuffisant (7 barres, min=10) — en attente de données WS
2026-05-02 07:20:07,993 | INFO     | core.signal_engine | [SCAN] PAXG/USDT — df30 insuffisant (6 barres, min=10) — en attente de données WS
2026-05-02 07:20:11,004 | INFO     | core.signal_engine | [SCAN] BTC/USDT — df30 insuffisant (7 barres, min=10) — en attente de données WS
2026-05-02 07:20:11,011 | INFO     | core.signal_engine | [SCAN] PAXG/USDT — df30 insuffisant (6 barres, min=10) — en attente de données WS
2026-05-02 07:20:14,025 | INFO     | core.signal_engine | [SCAN] BTC/USDT — df30 insuffisant (7 barres, min=10) — en attente de données WS
2026-05-02 07:20:14,029 | INFO     | core.signal_engine | [SCAN] PAXG/USDT — df30 insuffisant (6 barres, min=10) — en attente de données WS
2026-05-02 07:20:17,036 | INFO     | core.signal_engine | [SCAN] BTC/USDT — df30 insuffisant (7 barres, min=10) — en attente de données WS
2026-05-02 07:20:17,043 | INFO     | core.signal_engine | [SCAN] PAXG/USDT — df30 insuffisant (6 barres, min=10) — en attente de données WS
2026-05-02 07:20:20,055 | INFO     | core.signal_engine | [SCAN] BTC/USDT — df30 insuffisant (7 barres, min=10) — en attente de données WS
2026-05-02 07:20:20,062 | INFO     | core.signal_engine | [SCAN] PAXG/USDT — df30 insuffisant (6 barres, min=10) — en attente de données WS
2026-05-02 07:20:21,818 | INFO     | data.gold_provider | [GOLD/TD] XAU/USD/4h → 500 bougies
2026-05-02 07:20:23,075 | INFO     | core.signal_engine | [SCAN] BTC/USDT — df30 insuffisant (7 barres, min=10) — en attente de données WS
2026-05-02 07:20:23,080 | INFO     | core.signal_engine | [SCAN] PAXG/USDT — df30 insuffisant (6 barres, min=10) — en attente de données WS
2026-05-02 07:20:23,659 | INFO     | data.gold_provider | [GOLD/TD] XAU/USD/2h → 500 bougies
2026-05-02 07:20:25,347 | INFO     | data.gold_provider | [GOLD/TD] XAU/USD/1h → 500 bougies
INFO:     127.0.0.1:57997 - "GET /api/state HTTP/1.1" 200 OK
2026-05-02 07:20:26,100 | INFO     | core.signal_engine | [SCAN] BTC/USDT — df30 insuffisant (7 barres, min=10) — en attente de données WS
2026-05-02 07:20:26,101 | INFO     | core.signal_engine | [SCAN] PAXG/USDT — df30 insuffisant (6 barres, min=10) — en attente de données WS
2026-05-02 07:20:27,102 | INFO     | data.gold_provider | [GOLD/TD] XAU/USD/30m → 500 bougies
2026-05-02 07:20:29,041 | INFO     | data.gold_provider | [GOLD/TD] XAU/USD/15m → 500 bougies
2026-05-02 07:20:29,098 | INFO     | core.signal_engine | [SCAN] BTC/USDT — df30 insuffisant (7 barres, min=10) — en attente de données WS
2026-05-02 07:20:29,099 | INFO     | core.signal_engine | [SCAN] PAXG/USDT — df30 insuffisant (6 barres, min=10) — en attente de données WS
2026-05-02 07:20:30,903 | INFO     | data.gold_provider | [GOLD/TD] XAU/USD/5m → 500 bougies
2026-05-02 07:20:32,094 | INFO     | core.signal_engine | [SCAN] BTC/USDT — df30 insuffisant (7 barres, min=10) — en attente de données WS
2026-05-02 07:20:32,095 | INFO     | core.signal_engine | [SCAN] PAXG/USDT — df30 insuffisant (6 barres, min=10) — en attente de données WS
2026-05-02 07:20:32,736 | INFO     | data.gold_provider | [GOLD/TD] XAU/USD/1m → 500 bougies
2026-05-02 07:20:34,462 | INFO     | data.gold_provider | [GOLD/TD] XAU/USD/1d → 500 bougies
2026-05-02 07:20:35,092 | INFO     | core.signal_engine | [SCAN] BTC/USDT — df30 insuffisant (8 barres, min=10) — en attente de données WS
2026-05-02 07:20:35,092 | INFO     | core.signal_engine | [SCAN] PAXG/USDT — df30 insuffisant (6 barres, min=10) — en attente de données WS
2026-05-02 07:20:38,107 | INFO     | core.signal_engine | [SCAN] BTC/USDT — df30 insuffisant (8 barres, min=10) — en attente de données WS
2026-05-02 07:20:38,114 | INFO     | core.signal_engine | [SCAN] PAXG/USDT — df30 insuffisant (6 barres, min=10) — en attente de données WS
2026-05-02 07:20:41,106 | INFO     | core.signal_engine | [SCAN] BTC/USDT — df30 insuffisant (8 barres, min=10) — en attente de données WS
2026-05-02 07:20:41,114 | INFO     | core.signal_engine | [SCAN] PAXG/USDT — df30 insuffisant (6 barres, min=10) — en attente de données WS
2026-05-02 07:20:44,126 | INFO     | core.signal_engine | [SCAN] BTC/USDT — df30 insuffisant (8 barres, min=10) — en attente de données WS
2026-05-02 07:20:44,127 | INFO     | core.signal_engine | [SCAN] PAXG/USDT — df30 insuffisant (6 barres, min=10) — en attente de données WS
2026-05-02 07:20:47,135 | INFO     | core.signal_engine | [SCAN] BTC/USDT — df30 insuffisant (8 barres, min=10) — en attente de données WS
2026-05-02 07:20:47,136 | INFO     | core.signal_engine | [SCAN] PAXG/USDT — df30 insuffisant (6 barres, min=10) — en attente de données WS
2026-05-02 07:20:50,144 | INFO     | core.signal_engine | [SCAN] BTC/USDT — df30 insuffisant (8 barres, min=10) — en attente de données WS
2026-05-02 07:20:50,145 | INFO     | core.signal_engine | [SCAN] PAXG/USDT — df30 insuffisant (6 barres, min=10) — en attente de données WS
2026-05-02 07:20:53,148 | INFO     | core.signal_engine | [SCAN] BTC/USDT — df30 insuffisant (8 barres, min=10) — en attente de données WS
2026-05-02 07:20:53,154 | INFO     | core.signal_engine | [SCAN] PAXG/USDT — df30 insuffisant (6 barres, min=10) — en attente de données WS
2026-05-02 07:20:56,133 | INFO     | core.signal_engine | [SCAN] BTC/USDT — df30 insuffisant (8 barres, min=10) — en attente de données WS
2026-05-02 07:20:56,141 | INFO     | core.signal_engine | [SCAN] PAXG/USDT — df30 insuffisant (6 barres, min=10) — en attente de données WS
2026-05-02 07:20:59,152 | INFO     | core.signal_engine | [SCAN] BTC/USDT — df30 insuffisant (8 barres, min=10) — en attente de données WS
2026-05-02 07:20:59,159 | INFO     | core.signal_engine | [SCAN] PAXG/USDT — df30 insuffisant (6 barres, min=10) — en attente de données WS
2026-05-02 07:21:02,154 | INFO     | core.signal_engine | [SCAN] BTC/USDT — df30 insuffisant (8 barres, min=10) — en attente de données WS
2026-05-02 07:21:02,155 | INFO     | core.signal_engine | [SCAN] PAXG/USDT — df30 insuffisant (6 barres, min=10) — en attente de données WS
2026-05-02 07:21:05,147 | INFO     | core.signal_engine | [SCAN] BTC/USDT — df30 insuffisant (9 barres, min=10) — en attente de données WS
2026-05-02 07:21:05,148 | INFO     | core.signal_engine | [SCAN] PAXG/USDT — df30 insuffisant (8 barres, min=10) — en attente de données WS
2026-05-02 07:21:08,156 | INFO     | core.signal_engine | [SCAN] BTC/USDT — df30 insuffisant (9 barres, min=10) — en attente de données WS
2026-05-02 07:21:08,162 | INFO     | core.signal_engine | [SCAN] PAXG/USDT — df30 insuffisant (8 barres, min=10) — en attente de données WS
2026-05-02 07:21:11,166 | INFO     | core.signal_engine | [SCAN] BTC/USDT — df30 insuffisant (9 barres, min=10) — en attente de données WS
2026-05-02 07:21:11,172 | INFO     | core.signal_engine | [SCAN] PAXG/USDT — df30 insuffisant (8 barres, min=10) — en attente de données WS
2026-05-02 07:21:14,187 | INFO     | core.signal_engine | [SCAN] BTC/USDT — df30 insuffisant (9 barres, min=10) — en attente de données WS
2026-05-02 07:21:14,187 | INFO     | core.signal_engine | [SCAN] PAXG/USDT — df30 insuffisant (8 barres, min=10) — en attente de données WS
2026-05-02 07:21:17,169 | INFO     | core.signal_engine | [SCAN] BTC/USDT — df30 insuffisant (9 barres, min=10) — en attente de données WS
2026-05-02 07:21:17,170 | INFO     | core.signal_engine | [SCAN] PAXG/USDT — df30 insuffisant (8 barres, min=10) — en attente de données WS
2026-05-02 07:21:20,192 | INFO     | core.signal_engine | [SCAN] BTC/USDT — df30 insuffisant (9 barres, min=10) — en attente de données WS
2026-05-02 07:21:20,199 | INFO     | core.signal_engine | [SCAN] PAXG/USDT — df30 insuffisant (8 barres, min=10) — en attente de données WS
2026-05-02 07:21:23,199 | INFO     | core.signal_engine | [SCAN] BTC/USDT — df30 insuffisant (9 barres, min=10) — en attente de données WS
2026-05-02 07:21:23,205 | INFO     | core.signal_engine | [SCAN] PAXG/USDT — df30 insuffisant (8 barres, min=10) — en attente de données WS
INFO:     127.0.0.1:53371 - "GET /api/state HTTP/1.1" 200 OK
2026-05-02 07:21:26,216 | INFO     | core.signal_engine | [SCAN] BTC/USDT — df30 insuffisant (9 barres, min=10) — en attente de données WS
2026-05-02 07:21:26,217 | INFO     | core.signal_engine | [SCAN] PAXG/USDT — df30 insuffisant (8 barres, min=10) — en attente de données WS
2026-05-02 07:21:29,232 | INFO     | core.signal_engine | [SCAN] BTC/USDT — df30 insuffisant (9 barres, min=10) — en attente de données WS
2026-05-02 07:21:29,238 | INFO     | core.signal_engine | [SCAN] PAXG/USDT — df30 insuffisant (8 barres, min=10) — en attente de données WS
2026-05-02 07:21:32,229 | INFO     | core.signal_engine | [SCAN] BTC/USDT — df30 insuffisant (9 barres, min=10) — en attente de données WS
2026-05-02 07:21:32,232 | INFO     | core.signal_engine | [SCAN] PAXG/USDT — df30 insuffisant (8 barres, min=10) — en attente de données WS
2026-05-02 07:21:35,236 | INFO     | core.signal_engine | [SCAN] PAXG/USDT — df30 insuffisant (8 barres, min=10) — en attente de données WS
2026-05-02 07:21:41,676 | INFO     | core.signal_engine | [SCAN] PAXG/USDT — df30 insuffisant (8 barres, min=10) — en attente de données WS
2026-05-02 07:21:44,752 | INFO     | core.signal_engine | [SCAN] PAXG/USDT — df30 insuffisant (8 barres, min=10) — en attente de données WS
2026-05-02 07:21:47,844 | INFO     | core.signal_engine | [SCAN] PAXG/USDT — df30 insuffisant (8 barres, min=10) — en attente de données WS
2026-05-02 07:21:50,938 | INFO     | core.signal_engine | [SCAN] PAXG/USDT — df30 insuffisant (8 barres, min=10) — en attente de données WS
2026-05-02 07:21:54,024 | INFO     | core.signal_engine | [SCAN] PAXG/USDT — df30 insuffisant (9 barres, min=10) — en attente de données WS
2026-05-02 07:21:57,175 | INFO     | core.signal_engine | [SCAN] PAXG/USDT — df30 insuffisant (9 barres, min=10) — en attente de données WS
2026-05-02 07:22:00,279 | INFO     | core.signal_engine | [SCAN] PAXG/USDT — df30 insuffisant (9 barres, min=10) — en attente de données WS
2026-05-02 07:22:03,367 | INFO     | core.signal_engine | [SCAN] PAXG/USDT — df30 insuffisant (9 barres, min=10) — en attente de données WS
2026-05-02 07:22:06,457 | INFO     | execution.signal_manager | [SIGNAL] PAXG/USDT VENTE score=7/11 confs=['EMA200-H4 baissier', 'OB/FVG 30m (fvg)', 'OB/FVG double conf 15m', 'Rejet 5m/15m', 'TRIX 5m', 'Delta volume confirme', 'ADX régime RANGE'] cid=06a8b0f0a573
2026-05-02 07:22:06,721 | INFO     | notifications.telegram | [TG] Alerte envoyée PAXG/USDT score=7
2026-05-02 07:22:06,843 | INFO     | notifications.telegram | [TG] Alerte envoyée PAXG/USDT score=7
INFO:     127.0.0.1:54299 - "GET /api/state HTTP/1.1" 200 OK
INFO:     127.0.0.1:53303 - "GET /api/state HTTP/1.1" 200 OK
INFO:     127.0.0.1:53303 - "GET /api/state HTTP/1.1" 200 OK
INFO:     127.0.0.1:51113 - "GET /api/state HTTP/1.1" 200 OK
INFO:     127.0.0.1:51113 - "GET /api/state HTTP/1.1" 200 OK
INFO:     127.0.0.1:51113 - "GET /api/state HTTP/1.1" 200 OK
INFO:     127.0.0.1:51113 - "GET /api/state HTTP/1.1" 200 OK
INFO:     127.0.0.1:51113 - "GET /api/state HTTP/1.1" 200 OK
INFO:     127.0.0.1:51113 - "GET /api/state HTTP/1.1" 200 OK
2026-05-02 07:23:36,488 | INFO     | data.gold_provider | [GOLD/TD] XAU/USD/4h → 500 bougies
2026-05-02 07:23:38,317 | INFO     | data.gold_provider | [GOLD/TD] XAU/USD/2h → 500 bougies
INFO:     127.0.0.1:51113 - "GET /api/state HTTP/1.1" 200 OK
2026-05-02 07:23:40,048 | INFO     | data.gold_provider | [GOLD/TD] XAU/USD/1h → 500 bougies
2026-05-02 07:23:41,941 | INFO     | data.gold_provider | [GOLD/TD] XAU/USD/30m → 500 bougies
INFO:     127.0.0.1:51113 - "GET /api/state HTTP/1.1" 200 OK
2026-05-02 07:23:43,799 | INFO     | data.gold_provider | [GOLD/TD] XAU/USD/15m → 500 bougies
2026-05-02 07:23:45,701 | INFO     | data.gold_provider | [GOLD/TD] XAU/USD/5m → 500 bougies
2026-05-02 07:23:47,469 | INFO     | data.gold_provider | [GOLD/TD] XAU/USD/1m → 500 bougies
INFO:     127.0.0.1:51113 - "GET /api/state HTTP/1.1" 200 OK
2026-05-02 07:23:49,194 | INFO     | data.gold_provider | [GOLD/TD] XAU/USD/1d → 500 bougies
INFO:     127.0.0.1:51113 - "GET /api/state HTTP/1.1" 200 OK
INFO:     127.0.0.1:51113 - "GET /api/state HTTP/1.1" 200 OK
INFO:     127.0.0.1:51113 - "GET /api/state HTTP/1.1" 200 OK
INFO:     127.0.0.1:50541 - "GET /api/state HTTP/1.1" 200 OK
2026-05-02 07:24:45,899 | INFO     | assistant.voice_engine | [VOICE] Parole RMS=0.0022 — Whisper lancé
2026-05-02 07:24:45,901 | INFO     | faster_whisper | Processing audio with duration 00:01.980
2026-05-02 07:24:45,910 | INFO     | faster_whisper | VAD filter removed 00:01.552 of audio
2026-05-02 07:24:50,040 | INFO     | assistant.voice_engine | [VOICE] Transcription: 'sous-titres réalisés par la communauté d'amara.org'
2026-05-02 07:24:50,043 | INFO     | assistant.voice_engine | [VOICE] Parole RMS=0.0201 — Whisper lancé
2026-05-02 07:24:50,043 | INFO     | faster_whisper | Processing audio with duration 00:01.980
2026-05-02 07:24:50,051 | INFO     | faster_whisper | VAD filter removed 00:00.336 of audio
2026-05-02 07:24:53,674 | INFO     | assistant.voice_engine | [VOICE] Parole RMS=0.0215 — Whisper lancé
2026-05-02 07:24:53,682 | INFO     | faster_whisper | Processing audio with duration 00:01.980
2026-05-02 07:24:53,690 | INFO     | faster_whisper | VAD filter removed 00:00.000 of audio
2026-05-02 07:24:57,483 | INFO     | assistant.voice_engine | [VOICE] Transcription: 'merci.'
2026-05-02 07:24:57,490 | INFO     | assistant.voice_engine | [VOICE] Parole RMS=0.0213 — Whisper lancé
2026-05-02 07:24:57,492 | INFO     | faster_whisper | Processing audio with duration 00:01.980
2026-05-02 07:24:57,498 | INFO     | faster_whisper | VAD filter removed 00:00.000 of audio
2026-05-02 07:25:10,681 | INFO     | assistant.voice_engine | [VOICE] Transcription: 'de petit châchikliff.'
2026-05-02 07:25:11,140 | INFO     | assistant.voice_engine | [VOICE] Parole RMS=0.0030 — Whisper lancé
2026-05-02 07:25:11,141 | INFO     | faster_whisper | Processing audio with duration 00:01.980
2026-05-02 07:25:11,150 | INFO     | faster_whisper | VAD filter removed 00:01.520 of audio
2026-05-02 07:25:15,148 | INFO     | assistant.voice_engine | [VOICE] Transcription: 'sous-titres réalisés par la communauté d'amara.org'
2026-05-02 07:25:15,151 | INFO     | assistant.voice_engine | [VOICE] Parole RMS=0.0052 — Whisper lancé
2026-05-02 07:25:15,151 | INFO     | faster_whisper | Processing audio with duration 00:01.980
2026-05-02 07:25:15,158 | INFO     | faster_whisper | VAD filter removed 00:00.700 of audio
2026-05-02 07:25:18,757 | INFO     | assistant.voice_engine | [VOICE] Transcription: 'c'est le temps.'
2026-05-02 07:25:18,759 | INFO     | assistant.voice_engine | [VOICE] Parole RMS=0.0029 — Whisper lancé
2026-05-02 07:25:18,760 | INFO     | faster_whisper | Processing audio with duration 00:01.980
2026-05-02 07:25:18,767 | INFO     | faster_whisper | VAD filter removed 00:00.816 of audio
2026-05-02 07:25:22,299 | INFO     | assistant.voice_engine | [VOICE] Transcription: 'merci beaucoup.'
INFO:     127.0.0.1:60874 - "GET /api/state HTTP/1.1" 200 OK
2026-05-02 07:25:29,221 | INFO     | assistant.voice_engine | [VOICE] Parole RMS=0.0029 — Whisper lancé
2026-05-02 07:25:29,227 | INFO     | faster_whisper | Processing audio with duration 00:01.980
2026-05-02 07:25:29,235 | INFO     | faster_whisper | VAD filter removed 00:01.008 of audio
2026-05-02 07:25:32,827 | INFO     | assistant.voice_engine | [VOICE] Parole RMS=0.0126 — Whisper lancé
2026-05-02 07:25:32,833 | INFO     | faster_whisper | Processing audio with duration 00:01.980
2026-05-02 07:25:32,841 | INFO     | faster_whisper | VAD filter removed 00:00.000 of audio
2026-05-02 07:25:36,845 | INFO     | assistant.voice_engine | [VOICE] Transcription: 'et l'estimation de la maison en 260°.'
2026-05-02 07:25:36,852 | INFO     | assistant.voice_engine | [VOICE] Parole RMS=0.0073 — Whisper lancé
2026-05-02 07:25:36,853 | INFO     | faster_whisper | Processing audio with duration 00:01.980
2026-05-02 07:25:36,861 | INFO     | faster_whisper | VAD filter removed 00:00.912 of audio
2026-05-02 07:25:47,080 | INFO     | assistant.voice_engine | [VOICE] Transcription: 'd'accord, c'est...'
2026-05-02 07:25:52,806 | INFO     | assistant.voice_engine | [VOICE] Parole RMS=0.0026 — Whisper lancé
2026-05-02 07:25:52,813 | INFO     | faster_whisper | Processing audio with duration 00:01.980
2026-05-02 07:25:52,820 | INFO     | faster_whisper | VAD filter removed 00:01.520 of audio
2026-05-02 07:25:56,709 | INFO     | assistant.voice_engine | [VOICE] Transcription: 'sous-titres réalisés par la communauté d'amara.org'
2026-05-02 07:25:56,716 | INFO     | assistant.voice_engine | [VOICE] Parole RMS=0.0093 — Whisper lancé
2026-05-02 07:25:56,717 | INFO     | faster_whisper | Processing audio with duration 00:01.980
2026-05-02 07:25:56,724 | INFO     | faster_whisper | VAD filter removed 00:00.432 of audio
2026-05-02 07:26:06,213 | INFO     | assistant.voice_engine | [VOICE] Transcription: 'c'est pour ça que j'ai manqué.'
2026-05-02 07:26:06,940 | INFO     | assistant.voice_engine | [VOICE] Parole RMS=0.0026 — Whisper lancé
2026-05-02 07:26:06,946 | INFO     | faster_whisper | Processing audio with duration 00:01.980
2026-05-02 07:26:06,953 | INFO     | faster_whisper | VAD filter removed 00:01.980 of audio
2026-05-02 07:26:07,418 | INFO     | assistant.voice_engine | [VOICE] Parole RMS=0.0023 — Whisper lancé
2026-05-02 07:26:07,426 | INFO     | faster_whisper | Processing audio with duration 00:01.980
2026-05-02 07:26:07,435 | INFO     | faster_whisper | VAD filter removed 00:01.980 of audio
2026-05-02 07:26:07,899 | INFO     | assistant.voice_engine | [VOICE] Parole RMS=0.0023 — Whisper lancé
2026-05-02 07:26:07,906 | INFO     | faster_whisper | Processing audio with duration 00:01.980
2026-05-02 07:26:07,913 | INFO     | faster_whisper | VAD filter removed 00:01.980 of audio
2026-05-02 07:26:08,379 | INFO     | assistant.voice_engine | [VOICE] Parole RMS=0.0023 — Whisper lancé
2026-05-02 07:26:08,380 | INFO     | faster_whisper | Processing audio with duration 00:01.980
2026-05-02 07:26:08,387 | INFO     | faster_whisper | VAD filter removed 00:01.980 of audio
2026-05-02 07:26:08,891 | INFO     | assistant.voice_engine | [VOICE] Parole RMS=0.0023 — Whisper lancé
2026-05-02 07:26:08,902 | INFO     | faster_whisper | Processing audio with duration 00:01.980
2026-05-02 07:26:08,919 | INFO     | faster_whisper | VAD filter removed 00:01.980 of audio
INFO:     127.0.0.1:50876 - "GET /api/state HTTP/1.1" 200 OK
2026-05-02 07:26:51,046 | INFO     | data.gold_provider | [GOLD/TD] XAU/USD/4h → 500 bougies
2026-05-02 07:26:52,797 | INFO     | data.gold_provider | [GOLD/TD] XAU/USD/2h → 500 bougies
2026-05-02 07:26:54,488 | INFO     | data.gold_provider | [GOLD/TD] XAU/USD/1h → 500 bougies
2026-05-02 07:26:56,366 | INFO     | data.gold_provider | [GOLD/TD] XAU/USD/30m → 500 bougies
2026-05-02 07:26:58,275 | INFO     | data.gold_provider | [GOLD/TD] XAU/USD/15m → 500 bougies
2026-05-02 07:26:59,938 | INFO     | data.gold_provider | [GOLD/TD] XAU/USD/5m → 500 bougies
2026-05-02 07:27:01,690 | INFO     | data.gold_provider | [GOLD/TD] XAU/USD/1m → 500 bougies
2026-05-02 07:27:03,597 | INFO     | data.gold_provider | [GOLD/TD] XAU/USD/1d → 500 bougies
2026-05-02 07:27:07,587 | INFO     | execution.signal_manager | [SIGNAL] PAXG/USDT VENTE score=7/11 confs=['EMA200-H4 baissier', 'OB/FVG 30m (fvg)', 'OB/FVG double conf 15m', 'Rejet 5m/15m', 'TRIX 5m', 'Delta volume confirme', 'ADX régime RANGE'] cid=b895ded07b75
2026-05-02 07:27:07,853 | INFO     | notifications.telegram | [TG] Alerte envoyée PAXG/USDT score=7
2026-05-02 07:27:07,932 | INFO     | notifications.telegram | [TG] Alerte envoyée PAXG/USDT score=7
INFO:     127.0.0.1:58617 - "GET /api/state HTTP/1.1" 200 OK
2026-05-02 07:30:06,006 | INFO     | data.gold_provider | [GOLD/TD] XAU/USD/4h → 500 bougies
2026-05-02 07:30:07,937 | INFO     | data.gold_provider | [GOLD/TD] XAU/USD/2h → 500 bougies
2026-05-02 07:30:10,411 | INFO     | data.gold_provider | [GOLD/TD] XAU/USD/1h → 500 bougies
2026-05-02 07:30:12,635 | INFO     | data.gold_provider | [GOLD/TD] XAU/USD/30m → 500 bougies
2026-05-02 07:30:14,468 | INFO     | data.gold_provider | [GOLD/TD] XAU/USD/15m → 500 bougies
2026-05-02 07:30:16,207 | INFO     | data.gold_provider | [GOLD/TD] XAU/USD/5m → 500 bougies
2026-05-02 07:30:18,121 | INFO     | data.gold_provider | [GOLD/TD] XAU/USD/1m → 500 bougies
2026-05-02 07:30:19,871 | INFO     | data.gold_provider | [GOLD/TD] XAU/USD/1d → 500 bougies
2026-05-02 07:32:07,986 | INFO     | execution.signal_manager | [SIGNAL] PAXG/USDT VENTE score=7/11 confs=['EMA200-H4 baissier', 'OB/FVG 30m (fvg)', 'OB/FVG double conf 15m', 'Rejet 5m/15m', 'TRIX 5m', 'Delta volume confirme', 'ADX régime RANGE'] cid=7614483cb414
2026-05-02 07:32:08,211 | INFO     | notifications.telegram | [TG] Alerte envoyée PAXG/USDT score=7
2026-05-02 07:32:08,301 | INFO     | notifications.telegram | [TG] Alerte envoyée PAXG/USDT score=7
2026-05-02 07:33:21,804 | INFO     | data.gold_provider | [GOLD/TD] XAU/USD/4h → 500 bougies
2026-05-02 07:33:23,587 | INFO     | data.gold_provider | [GOLD/TD] XAU/USD/2h → 500 bougies
2026-05-02 07:33:25,332 | INFO     | data.gold_provider | [GOLD/TD] XAU/USD/1h → 500 bougies
2026-05-02 07:33:27,118 | INFO     | data.gold_provider | [GOLD/TD] XAU/USD/30m → 500 bougies
2026-05-02 07:33:28,887 | INFO     | data.gold_provider | [GOLD/TD] XAU/USD/15m → 500 bougies
2026-05-02 07:33:30,604 | INFO     | data.gold_provider | [GOLD/TD] XAU/USD/5m → 500 bougies
2026-05-02 07:33:32,519 | INFO     | data.gold_provider | [GOLD/TD] XAU/USD/1m → 500 bougies
2026-05-02 07:33:34,159 | INFO     | data.gold_provider | [GOLD/TD] XAU/USD/1d → 500 bougies
INFO:     127.0.0.1:55485 - "GET /api/state HTTP/1.1" 200 OK
INFO:     127.0.0.1:55485 - "GET /api/state HTTP/1.1" 200 OK
INFO:     127.0.0.1:55485 - "GET /api/state HTTP/1.1" 200 OK
INFO:     127.0.0.1:55485 - "GET /api/state HTTP/1.1" 200 OK
INFO:     127.0.0.1:55485 - "GET /api/state HTTP/1.1" 200 OK
INFO:     127.0.0.1:55485 - "GET /api/state HTTP/1.1" 200 OK
INFO:     127.0.0.1:55485 - "GET /api/state HTTP/1.1" 200 OK
INFO:     127.0.0.1:55485 - "GET /api/state HTTP/1.1" 200 OK
INFO:     127.0.0.1:55485 - "GET /api/state HTTP/1.1" 200 OK
INFO:     127.0.0.1:55485 - "GET /api/state HTTP/1.1" 200 OK
INFO:     127.0.0.1:55485 - "GET /api/state HTTP/1.1" 200 OK
INFO:     127.0.0.1:55485 - "GET /api/state HTTP/1.1" 200 OK
INFO:     127.0.0.1:55485 - "GET /api/state HTTP/1.1" 200 OK
2026-05-02 07:35:04,686 | INFO     | execution.signal_manager | [SIGNAL] BTC/USDT ACHAT score=6/11 confs=['EMA200-H4 haussier', 'OB/FVG 30m (fvg)', 'OB/FVG double conf 15m', 'Rejet 5m/15m', 'Delta volume confirme', 'ADX régime TREND'] cid=9603b400e6a6
INFO:     127.0.0.1:60619 - "GET /api/state HTTP/1.1" 200 OK
INFO:     127.0.0.1:51329 - "GET /api/state HTTP/1.1" 200 OK
2026-05-02 07:36:36,130 | INFO     | data.gold_provider | [GOLD/TD] XAU/USD/4h → 500 bougies
2026-05-02 07:36:37,849 | INFO     | data.gold_provider | [GOLD/TD] XAU/USD/2h → 500 bougies
2026-05-02 07:36:39,667 | INFO     | data.gold_provider | [GOLD/TD] XAU/USD/1h → 500 bougies
2026-05-02 07:36:41,409 | INFO     | data.gold_provider | [GOLD/TD] XAU/USD/30m → 500 bougies
2026-05-02 07:36:43,190 | INFO     | data.gold_provider | [GOLD/TD] XAU/USD/15m → 500 bougies
2026-05-02 07:36:45,209 | INFO     | data.gold_provider | [GOLD/TD] XAU/USD/5m → 500 bougies
2026-05-02 07:36:47,086 | INFO     | data.gold_provider | [GOLD/TD] XAU/USD/1m → 500 bougies
2026-05-02 07:36:48,986 | INFO     | data.gold_provider | [GOLD/TD] XAU/USD/1d → 500 bougies
2026-05-02 07:36:49,520 | INFO     | assistant.voice_engine | [VOICE] Parole RMS=0.0020 — Whisper lancé
2026-05-02 07:36:49,527 | INFO     | faster_whisper | Processing audio with duration 00:01.980
2026-05-02 07:36:49,537 | INFO     | faster_whisper | VAD filter removed 00:01.488 of audio
2026-05-02 07:36:53,641 | INFO     | assistant.voice_engine | [VOICE] Transcription: 'sous-titres réalisés par la communauté d'amara.org'
2026-05-02 07:37:06,025 | INFO     | assistant.voice_engine | [VOICE] Parole RMS=0.0020 — Whisper lancé
2026-05-02 07:37:06,032 | INFO     | faster_whisper | Processing audio with duration 00:01.980
2026-05-02 07:37:06,040 | INFO     | faster_whisper | VAD filter removed 00:01.980 of audio
2026-05-02 07:37:06,504 | INFO     | assistant.voice_engine | [VOICE] Parole RMS=0.0028 — Whisper lancé
2026-05-02 07:37:06,511 | INFO     | faster_whisper | Processing audio with duration 00:01.980
2026-05-02 07:37:06,520 | INFO     | faster_whisper | VAD filter removed 00:01.980 of audio
2026-05-02 07:37:06,986 | INFO     | assistant.voice_engine | [VOICE] Parole RMS=0.0028 — Whisper lancé
2026-05-02 07:37:06,987 | INFO     | faster_whisper | Processing audio with duration 00:01.980
2026-05-02 07:37:06,996 | INFO     | faster_whisper | VAD filter removed 00:01.980 of audio
2026-05-02 07:37:07,464 | INFO     | assistant.voice_engine | [VOICE] Parole RMS=0.0028 — Whisper lancé
2026-05-02 07:37:07,471 | INFO     | faster_whisper | Processing audio with duration 00:01.980
2026-05-02 07:37:07,495 | INFO     | faster_whisper | VAD filter removed 00:01.980 of audio
2026-05-02 07:37:07,946 | INFO     | assistant.voice_engine | [VOICE] Parole RMS=0.0022 — Whisper lancé
2026-05-02 07:37:07,952 | INFO     | faster_whisper | Processing audio with duration 00:01.980
2026-05-02 07:37:07,961 | INFO     | faster_whisper | VAD filter removed 00:01.980 of audio
2026-05-02 07:37:10,936 | INFO     | execution.signal_manager | [SIGNAL] PAXG/USDT VENTE score=6/11 confs=['EMA200-H4 baissier', 'OB/FVG 30m (fvg)', 'OB/FVG double conf 15m', 'TRIX 5m', 'Delta volume confirme', 'ADX régime RANGE'] cid=3029c891d380
INFO:     127.0.0.1:49680 - "GET /api/state HTTP/1.1" 200 OK
INFO:     127.0.0.1:53616 - "GET /api/state HTTP/1.1" 200 OK
INFO:     127.0.0.1:50228 - "GET /api/state HTTP/1.1" 200 OK
2026-05-02 07:39:51,050 | INFO     | data.gold_provider | [GOLD/TD] XAU/USD/4h → 500 bougies
2026-05-02 07:39:52,805 | INFO     | data.gold_provider | [GOLD/TD] XAU/USD/2h → 500 bougies
2026-05-02 07:39:54,667 | INFO     | data.gold_provider | [GOLD/TD] XAU/USD/1h → 500 bougies
2026-05-02 07:39:56,479 | INFO     | data.gold_provider | [GOLD/TD] XAU/USD/30m → 500 bougies
2026-05-02 07:39:58,165 | INFO     | data.gold_provider | [GOLD/TD] XAU/USD/15m → 500 bougies
2026-05-02 07:39:59,890 | INFO     | data.gold_provider | [GOLD/TD] XAU/USD/5m → 500 bougies
2026-05-02 07:40:01,611 | INFO     | data.gold_provider | [GOLD/TD] XAU/USD/1m → 500 bougies
2026-05-02 07:40:03,273 | INFO     | data.gold_provider | [GOLD/TD] XAU/USD/1d → 500 bougies
INFO:     127.0.0.1:51976 - "GET /api/state HTTP/1.1" 200 OK
INFO:     127.0.0.1:62806 - "GET /api/state HTTP/1.1" 200 OK
2026-05-02 07:42:08,043 | INFO     | assistant.voice_engine | [VOICE] Parole RMS=0.0023 — Whisper lancé
2026-05-02 07:42:08,051 | INFO     | faster_whisper | Processing audio with duration 00:01.980
2026-05-02 07:42:08,058 | INFO     | faster_whisper | VAD filter removed 00:01.488 of audio
2026-05-02 07:42:12,064 | INFO     | assistant.voice_engine | [VOICE] Transcription: 'sous-titres réalisés par la communauté d'amara.org'
2026-05-02 07:42:13,554 | INFO     | execution.signal_manager | [SIGNAL] PAXG/USDT VENTE score=5/11 confs=['EMA200-H4 baissier', 'OB/FVG 30m (fvg)', 'OB/FVG double conf 15m', 'TRIX 5m', 'ADX régime RANGE'] cid=a76bf2272785
2026-05-02 07:42:16,832 | INFO     | assistant.voice_engine | [VOICE] Parole RMS=0.0021 — Whisper lancé
2026-05-02 07:42:16,840 | INFO     | faster_whisper | Processing audio with duration 00:01.980
2026-05-02 07:42:16,848 | INFO     | faster_whisper | VAD filter removed 00:01.520 of audio
2026-05-02 07:42:20,738 | INFO     | assistant.voice_engine | [VOICE] Transcription: 'sous-titres réalisés par la communauté d'amara.org'
INFO:     127.0.0.1:54411 - "GET /api/state HTTP/1.1" 200 OK
2026-05-02 07:43:07,279 | INFO     | assistant.voice_engine | [VOICE] Parole RMS=0.0026 — Whisper lancé
2026-05-02 07:43:07,321 | INFO     | faster_whisper | Processing audio with duration 00:01.980
2026-05-02 07:43:07,437 | INFO     | faster_whisper | VAD filter removed 00:01.980 of audio
2026-05-02 07:43:07,937 | INFO     | assistant.voice_engine | [VOICE] Parole RMS=0.0116 — Whisper lancé
2026-05-02 07:43:07,953 | INFO     | faster_whisper | Processing audio with duration 00:01.980
2026-05-02 07:43:08,075 | INFO     | faster_whisper | VAD filter removed 00:01.168 of audio
2026-05-02 07:43:13,391 | INFO     | data.gold_provider | [GOLD/TD] XAU/USD/4h → 500 bougies
2026-05-02 07:43:15,691 | INFO     | data.gold_provider | [GOLD/TD] XAU/USD/2h → 500 bougies
2026-05-02 07:43:17,023 | INFO     | assistant.voice_engine | [VOICE] Transcription: 'je vais le faire.'
2026-05-02 07:43:17,024 | INFO     | assistant.voice_engine | [VOICE] Parole RMS=0.0141 — Whisper lancé
2026-05-02 07:43:17,024 | INFO     | faster_whisper | Processing audio with duration 00:01.980
2026-05-02 07:43:17,032 | INFO     | faster_whisper | VAD filter removed 00:00.000 of audio
2026-05-02 07:43:18,075 | INFO     | data.gold_provider | [GOLD/TD] XAU/USD/1h → 500 bougies
2026-05-02 07:43:20,248 | INFO     | data.gold_provider | [GOLD/TD] XAU/USD/30m → 500 bougies
2026-05-02 07:43:22,518 | INFO     | data.gold_provider | [GOLD/TD] XAU/USD/15m → 500 bougies
2026-05-02 07:43:24,339 | INFO     | data.gold_provider | [GOLD/TD] XAU/USD/5m → 500 bougies
INFO:     127.0.0.1:57088 - "GET /api/state HTTP/1.1" 200 OK
2026-05-02 07:43:25,845 | INFO     | data.gold_provider | [GOLD/TD] XAU/USD/1m → 500 bougies
2026-05-02 07:43:27,503 | INFO     | data.gold_provider | [GOLD/TD] XAU/USD/1d → 500 bougies
2026-05-02 07:43:29,053 | INFO     | assistant.voice_engine | [VOICE] Transcription: 'tout le monde'
2026-05-02 07:43:30,705 | INFO     | assistant.voice_engine | [VOICE] Parole RMS=0.0022 — Whisper lancé
2026-05-02 07:43:30,706 | INFO     | faster_whisper | Processing audio with duration 00:01.980
2026-05-02 07:43:30,710 | INFO     | faster_whisper | VAD filter removed 00:01.552 of audio
2026-05-02 07:43:33,105 | INFO     | assistant.voice_engine | [VOICE] Transcription: 'sous-titres réalisés par la communauté d'amara.org'
2026-05-02 07:43:33,105 | INFO     | assistant.voice_engine | [VOICE] Parole RMS=0.0096 — Whisper lancé
2026-05-02 07:43:33,105 | INFO     | faster_whisper | Processing audio with duration 00:01.980
2026-05-02 07:43:33,110 | INFO     | faster_whisper | VAD filter removed 00:00.204 of audio
2026-05-02 07:43:35,325 | INFO     | assistant.voice_engine | [VOICE] Transcription: 'alors, il s'en va.'
2026-05-02 07:43:35,325 | INFO     | assistant.voice_engine | [VOICE] Parole RMS=0.0142 — Whisper lancé
2026-05-02 07:43:35,325 | INFO     | faster_whisper | Processing audio with duration 00:01.980
2026-05-02 07:43:35,330 | INFO     | faster_whisper | VAD filter removed 00:00.300 of audio
2026-05-02 07:43:37,457 | INFO     | assistant.voice_engine | [VOICE] Transcription: 'ouais je pense que c'est motivé'
2026-05-02 07:43:37,694 | INFO     | assistant.voice_engine | [VOICE] Parole RMS=0.0021 — Whisper lancé
2026-05-02 07:43:37,694 | INFO     | faster_whisper | Processing audio with duration 00:01.980
2026-05-02 07:43:37,698 | INFO     | faster_whisper | VAD filter removed 00:01.488 of audio
2026-05-02 07:43:39,912 | INFO     | assistant.voice_engine | [VOICE] Transcription: 'sous-titres réalisés par la communauté d'amara.org'
2026-05-02 07:43:39,915 | INFO     | assistant.voice_engine | [VOICE] Parole RMS=0.0106 — Whisper lancé
2026-05-02 07:43:39,915 | INFO     | faster_whisper | Processing audio with duration 00:01.980
2026-05-02 07:43:39,917 | INFO     | faster_whisper | VAD filter removed 00:00.332 of audio
2026-05-02 07:43:42,045 | INFO     | assistant.voice_engine | [VOICE] Transcription: 'dans ce tirer, en plus, dans la vie.'
2026-05-02 07:43:42,045 | INFO     | assistant.voice_engine | [VOICE] Parole RMS=0.0132 — Whisper lancé
2026-05-02 07:43:42,045 | INFO     | faster_whisper | Processing audio with duration 00:01.980
2026-05-02 07:43:42,049 | INFO     | faster_whisper | VAD filter removed 00:01.200 of audio
2026-05-02 07:43:43,998 | INFO     | assistant.voice_engine | [VOICE] Transcription: 'oh'
2026-05-02 07:43:46,216 | INFO     | assistant.voice_engine | [VOICE] Parole RMS=0.0030 — Whisper lancé
2026-05-02 07:43:46,216 | INFO     | faster_whisper | Processing audio with duration 00:01.980
2026-05-02 07:43:46,220 | INFO     | faster_whisper | VAD filter removed 00:01.980 of audio
2026-05-02 07:43:46,696 | INFO     | assistant.voice_engine | [VOICE] Parole RMS=0.0065 — Whisper lancé
2026-05-02 07:43:46,696 | INFO     | faster_whisper | Processing audio with duration 00:01.980
2026-05-02 07:43:46,700 | INFO     | faster_whisper | VAD filter removed 00:01.104 of audio
2026-05-02 07:43:49,361 | INFO     | assistant.voice_engine | [VOICE] Transcription: 'voilà.'
2026-05-02 07:43:49,362 | INFO     | assistant.voice_engine | [VOICE] Parole RMS=0.0050 — Whisper lancé
2026-05-02 07:43:49,362 | INFO     | faster_whisper | Processing audio with duration 00:01.980
2026-05-02 07:43:49,366 | INFO     | faster_whisper | VAD filter removed 00:00.000 of audio
2026-05-02 07:43:51,496 | INFO     | assistant.voice_engine | [VOICE] Transcription: 'c'est bon'
2026-05-02 07:43:51,496 | INFO     | assistant.voice_engine | [VOICE] Parole RMS=0.0034 — Whisper lancé
2026-05-02 07:43:51,496 | INFO     | faster_whisper | Processing audio with duration 00:01.980
2026-05-02 07:43:51,501 | INFO     | faster_whisper | VAD filter removed 00:01.424 of audio
2026-05-02 07:43:53,566 | INFO     | assistant.voice_engine | [VOICE] Transcription: 'merci.'
2026-05-02 07:43:53,566 | INFO     | assistant.voice_engine | [VOICE] Parole RMS=0.0035 — Whisper lancé
2026-05-02 07:43:53,566 | INFO     | faster_whisper | Processing audio with duration 00:01.980
2026-05-02 07:43:53,570 | INFO     | faster_whisper | VAD filter removed 00:01.980 of audio
2026-05-02 07:43:55,058 | INFO     | assistant.voice_engine | [VOICE] Parole RMS=0.0024 — Whisper lancé
2026-05-02 07:43:55,058 | INFO     | faster_whisper | Processing audio with duration 00:01.980
2026-05-02 07:43:55,061 | INFO     | faster_whisper | VAD filter removed 00:01.552 of audio
2026-05-02 07:43:57,343 | INFO     | assistant.voice_engine | [VOICE] Transcription: 'sous-titres réalisés par la communauté d'amara.org'
2026-05-02 07:43:57,343 | INFO     | assistant.voice_engine | [VOICE] Parole RMS=0.0097 — Whisper lancé
2026-05-02 07:43:57,343 | INFO     | faster_whisper | Processing audio with duration 00:01.980
2026-05-02 07:43:57,347 | INFO     | faster_whisper | VAD filter removed 00:01.980 of audio
2026-05-02 07:43:57,822 | INFO     | assistant.voice_engine | [VOICE] Parole RMS=0.0289 — Whisper lancé
2026-05-02 07:43:57,822 | INFO     | faster_whisper | Processing audio with duration 00:01.980
2026-05-02 07:43:57,826 | INFO     | faster_whisper | VAD filter removed 00:01.328 of audio
2026-05-02 07:44:00,041 | INFO     | assistant.voice_engine | [VOICE] Transcription: 'qu'est-ce que c'est que ça ?'
2026-05-02 07:44:00,190 | INFO     | assistant.voice_engine | [VOICE] Parole RMS=0.0021 — Whisper lancé
2026-05-02 07:44:00,190 | INFO     | faster_whisper | Processing audio with duration 00:01.980
2026-05-02 07:44:00,195 | INFO     | faster_whisper | VAD filter removed 00:01.980 of audio
2026-05-02 07:44:00,670 | INFO     | assistant.voice_engine | [VOICE] Parole RMS=0.0068 — Whisper lancé
2026-05-02 07:44:00,670 | INFO     | faster_whisper | Processing audio with duration 00:01.980
2026-05-02 07:44:00,675 | INFO     | faster_whisper | VAD filter removed 00:01.104 of audio
2026-05-02 07:44:02,769 | INFO     | assistant.voice_engine | [VOICE] Parole RMS=0.0105 — Whisper lancé
2026-05-02 07:44:02,770 | INFO     | faster_whisper | Processing audio with duration 00:01.980
2026-05-02 07:44:02,775 | INFO     | faster_whisper | VAD filter removed 00:00.000 of audio
2026-05-02 07:44:10,302 | INFO     | assistant.voice_engine | [VOICE] Transcription: 'j'y vais tout à coup, on va un peu chier pour le coup'
2026-05-02 07:44:10,302 | INFO     | assistant.voice_engine | [VOICE] Parole RMS=0.0044 — Whisper lancé
2026-05-02 07:44:10,304 | INFO     | faster_whisper | Processing audio with duration 00:01.980
2026-05-02 07:44:10,308 | INFO     | faster_whisper | VAD filter removed 00:01.980 of audio
2026-05-02 07:44:10,782 | INFO     | assistant.voice_engine | [VOICE] Parole RMS=0.0103 — Whisper lancé
2026-05-02 07:44:10,782 | INFO     | faster_whisper | Processing audio with duration 00:01.980
2026-05-02 07:44:10,787 | INFO     | faster_whisper | VAD filter removed 00:00.176 of audio
2026-05-02 07:44:12,817 | INFO     | assistant.voice_engine | [VOICE] Transcription: 'allez. de quoi ?'
2026-05-02 07:44:12,818 | INFO     | assistant.voice_engine | [VOICE] Parole RMS=0.0034 — Whisper lancé
2026-05-02 07:44:12,818 | INFO     | faster_whisper | Processing audio with duration 00:01.980
2026-05-02 07:44:12,823 | INFO     | faster_whisper | VAD filter removed 00:00.592 of audio
2026-05-02 07:44:14,803 | INFO     | assistant.voice_engine | [VOICE] Parole RMS=0.0021 — Whisper lancé
2026-05-02 07:44:14,803 | INFO     | faster_whisper | Processing audio with duration 00:01.980
2026-05-02 07:44:14,806 | INFO     | faster_whisper | VAD filter removed 00:00.652 of audio
INFO:     127.0.0.1:50228 - "GET /api/state HTTP/1.1" 200 OK
2026-05-02 07:44:34,399 | INFO     | assistant.voice_engine | [VOICE] Parole RMS=0.0023 — Whisper lancé
2026-05-02 07:44:34,402 | INFO     | faster_whisper | Processing audio with duration 00:01.980
2026-05-02 07:44:34,404 | INFO     | faster_whisper | VAD filter removed 00:00.880 of audio
2026-05-02 07:44:36,223 | INFO     | assistant.voice_engine | [VOICE] Transcription: 'merci.'
2026-05-02 07:44:36,224 | INFO     | assistant.voice_engine | [VOICE] Parole RMS=0.0312 — Whisper lancé
2026-05-02 07:44:36,224 | INFO     | faster_whisper | Processing audio with duration 00:01.980
2026-05-02 07:44:36,228 | INFO     | faster_whisper | VAD filter removed 00:00.000 of audio
2026-05-02 07:44:38,353 | INFO     | assistant.voice_engine | [VOICE] Transcription: 'bah tu viens juste de faire la piscine, je vais même pas finir encore.'
2026-05-02 07:44:38,356 | INFO     | assistant.voice_engine | [VOICE] Parole RMS=0.0238 — Whisper lancé
2026-05-02 07:44:38,356 | INFO     | faster_whisper | Processing audio with duration 00:01.980
2026-05-02 07:44:38,357 | INFO     | faster_whisper | VAD filter removed 00:00.000 of audio
2026-05-02 07:44:40,393 | INFO     | assistant.voice_engine | [VOICE] Transcription: 'et faire de l'avant, c'est juste pour faire...'
2026-05-02 07:44:40,395 | INFO     | assistant.voice_engine | [VOICE] Parole RMS=0.0070 — Whisper lancé
2026-05-02 07:44:40,395 | INFO     | faster_whisper | Processing audio with duration 00:01.980
2026-05-02 07:44:40,399 | INFO     | faster_whisper | VAD filter removed 00:00.544 of audio
2026-05-02 07:44:46,153 | INFO     | assistant.voice_engine | [VOICE] Transcription: 'j'ai mis ça'
2026-05-02 07:44:46,155 | INFO     | assistant.voice_engine | [VOICE] Parole RMS=0.0112 — Whisper lancé
2026-05-02 07:44:46,155 | INFO     | faster_whisper | Processing audio with duration 00:01.980
2026-05-02 07:44:46,159 | INFO     | faster_whisper | VAD filter removed 00:00.000 of audio
2026-05-02 07:44:48,370 | INFO     | assistant.voice_engine | [VOICE] Transcription: 'c'est marrant ça, tu sais, c'est de la chose, je sais pas.'
2026-05-02 07:44:48,372 | INFO     | assistant.voice_engine | [VOICE] Parole RMS=0.0336 — Whisper lancé
2026-05-02 07:44:48,373 | INFO     | faster_whisper | Processing audio with duration 00:01.980
2026-05-02 07:44:48,377 | INFO     | faster_whisper | VAD filter removed 00:00.048 of audio
2026-05-02 07:44:50,678 | INFO     | assistant.voice_engine | [VOICE] Transcription: 'et bien si vous l'avez entendu, ok sous-titres réalisés par la communauté d'amara.org'
2026-05-02 07:44:50,678 | INFO     | assistant.voice_engine | [VOICE] Parole RMS=0.0112 — Whisper lancé
2026-05-02 07:44:50,678 | INFO     | faster_whisper | Processing audio with duration 00:01.980
2026-05-02 07:44:50,693 | INFO     | faster_whisper | VAD filter removed 00:01.232 of audio
2026-05-02 07:44:58,271 | INFO     | assistant.voice_engine | [VOICE] Transcription: 'c'est tout'
2026-05-02 07:44:58,272 | INFO     | assistant.voice_engine | [VOICE] Parole RMS=0.0156 — Whisper lancé
2026-05-02 07:44:58,272 | INFO     | faster_whisper | Processing audio with duration 00:01.980
2026-05-02 07:44:58,274 | INFO     | faster_whisper | VAD filter removed 00:00.944 of audio
2026-05-02 07:45:03,050 | INFO     | assistant.voice_engine | [VOICE] Transcription: 'styleur de s'entraîner'
2026-05-02 07:45:04,513 | INFO     | assistant.voice_engine | [VOICE] Parole RMS=0.0046 — Whisper lancé
2026-05-02 07:45:04,514 | INFO     | faster_whisper | Processing audio with duration 00:01.980
2026-05-02 07:45:04,518 | INFO     | faster_whisper | VAD filter removed 00:01.552 of audio
2026-05-02 07:45:06,579 | INFO     | assistant.voice_engine | [VOICE] Transcription: 'sous-titres réalisés par la communauté d'amara.org'
2026-05-02 07:45:06,581 | INFO     | assistant.voice_engine | [VOICE] Parole RMS=0.0369 — Whisper lancé
2026-05-02 07:45:06,581 | INFO     | faster_whisper | Processing audio with duration 00:01.980
2026-05-02 07:45:06,583 | INFO     | faster_whisper | VAD filter removed 00:01.980 of audio
2026-05-02 07:45:07,060 | INFO     | assistant.voice_engine | [VOICE] Parole RMS=0.0307 — Whisper lancé
2026-05-02 07:45:07,062 | INFO     | faster_whisper | Processing audio with duration 00:01.980
2026-05-02 07:45:07,066 | INFO     | faster_whisper | VAD filter removed 00:01.488 of audio
2026-05-02 07:45:08,897 | INFO     | assistant.voice_engine | [VOICE] Parole RMS=0.0162 — Whisper lancé
2026-05-02 07:45:08,897 | INFO     | faster_whisper | Processing audio with duration 00:01.980
2026-05-02 07:45:08,897 | INFO     | faster_whisper | VAD filter removed 00:00.000 of audio
2026-05-02 07:45:11,025 | INFO     | assistant.voice_engine | [VOICE] Transcription: 'je n'ai rien de pas sur le plan d'implantation.'
2026-05-02 07:45:11,025 | INFO     | assistant.voice_engine | [VOICE] Parole RMS=0.0074 — Whisper lancé
2026-05-02 07:45:11,025 | INFO     | faster_whisper | Processing audio with duration 00:01.980
2026-05-02 07:45:11,030 | INFO     | faster_whisper | VAD filter removed 00:00.176 of audio
2026-05-02 07:45:12,915 | INFO     | assistant.voice_engine | [VOICE] Transcription: 'c'est bien'
2026-05-02 07:45:12,917 | INFO     | assistant.voice_engine | [VOICE] Parole RMS=0.0133 — Whisper lancé
2026-05-02 07:45:12,917 | INFO     | faster_whisper | Processing audio with duration 00:01.980
2026-05-02 07:45:12,922 | INFO     | faster_whisper | VAD filter removed 00:00.204 of audio
2026-05-02 07:45:15,051 | INFO     | assistant.voice_engine | [VOICE] Transcription: 'c'est un jeu de fête, c'est un jeu de fête.'
2026-05-02 07:45:15,052 | INFO     | assistant.voice_engine | [VOICE] Parole RMS=0.0083 — Whisper lancé
2026-05-02 07:45:15,052 | INFO     | faster_whisper | Processing audio with duration 00:01.980
2026-05-02 07:45:15,056 | INFO     | faster_whisper | VAD filter removed 00:00.556 of audio
2026-05-02 07:45:19,969 | INFO     | assistant.voice_engine | [VOICE] Transcription: 'thank you.'
2026-05-02 07:45:19,969 | INFO     | assistant.voice_engine | [VOICE] Parole RMS=0.0134 — Whisper lancé
2026-05-02 07:45:19,970 | INFO     | faster_whisper | Processing audio with duration 00:01.980
2026-05-02 07:45:19,973 | INFO     | faster_whisper | VAD filter removed 00:00.720 of audio
2026-05-02 07:45:22,219 | INFO     | assistant.voice_engine | [VOICE] Transcription: 's'il vous plaît.'
2026-05-02 07:45:22,220 | INFO     | assistant.voice_engine | [VOICE] Parole RMS=0.0165 — Whisper lancé
2026-05-02 07:45:22,220 | INFO     | faster_whisper | Processing audio with duration 00:01.980
2026-05-02 07:45:22,224 | INFO     | faster_whisper | VAD filter removed 00:00.000 of audio
2026-05-02 07:45:24,224 | INFO     | assistant.voice_engine | [VOICE] Transcription: 'une petite position ce matin, pas à 5h du long'
2026-05-02 07:45:24,226 | INFO     | assistant.voice_engine | [VOICE] Parole RMS=0.0089 — Whisper lancé
2026-05-02 07:45:24,226 | INFO     | faster_whisper | Processing audio with duration 00:01.980
2026-05-02 07:45:24,227 | INFO     | faster_whisper | VAD filter removed 00:00.272 of audio
INFO:     127.0.0.1:54153 - "GET /api/state HTTP/1.1" 200 OK
2026-05-02 07:45:32,532 | INFO     | assistant.voice_engine | [VOICE] Transcription: 'quoi tu veux tu as ?'
2026-05-02 07:45:32,533 | INFO     | assistant.voice_engine | [VOICE] Parole RMS=0.0104 — Whisper lancé
2026-05-02 07:45:32,533 | INFO     | faster_whisper | Processing audio with duration 00:01.980
2026-05-02 07:45:32,537 | INFO     | faster_whisper | VAD filter removed 00:00.000 of audio
2026-05-02 07:45:40,395 | INFO     | assistant.voice_engine | [VOICE] Transcription: 'bonne soirée !'
2026-05-02 07:45:40,397 | INFO     | assistant.voice_engine | [VOICE] Parole RMS=0.0136 — Whisper lancé
2026-05-02 07:45:40,399 | INFO     | faster_whisper | Processing audio with duration 00:01.980
2026-05-02 07:45:40,404 | INFO     | faster_whisper | VAD filter removed 00:00.000 of audio
2026-05-02 07:45:42,432 | INFO     | assistant.voice_engine | [VOICE] Transcription: 'c'est la pension en plus, c'est cool quoi'
2026-05-02 07:45:42,434 | INFO     | assistant.voice_engine | [VOICE] Parole RMS=0.0115 — Whisper lancé
2026-05-02 07:45:42,434 | INFO     | faster_whisper | Processing audio with duration 00:01.980
2026-05-02 07:45:42,434 | INFO     | faster_whisper | VAD filter removed 00:00.000 of audio
2026-05-02 07:45:44,353 | INFO     | assistant.voice_engine | [VOICE] Transcription: 'merci d'avoir regardé cette vidéo.'
2026-05-02 07:45:44,355 | INFO     | assistant.voice_engine | [VOICE] Parole RMS=0.0156 — Whisper lancé
2026-05-02 07:45:44,355 | INFO     | faster_whisper | Processing audio with duration 00:01.980
2026-05-02 07:45:44,359 | INFO     | faster_whisper | VAD filter removed 00:00.000 of audio
2026-05-02 07:45:46,369 | INFO     | assistant.voice_engine | [VOICE] Transcription: 'c'est parfait quoi'
2026-05-02 07:45:46,369 | INFO     | assistant.voice_engine | [VOICE] Parole RMS=0.0049 — Whisper lancé
2026-05-02 07:45:46,370 | INFO     | faster_whisper | Processing audio with duration 00:01.980
2026-05-02 07:45:46,373 | INFO     | faster_whisper | VAD filter removed 00:00.608 of audio
2026-05-02 07:45:48,257 | INFO     | assistant.voice_engine | [VOICE] Parole RMS=0.0085 — Whisper lancé
2026-05-02 07:45:48,258 | INFO     | faster_whisper | Processing audio with duration 00:01.980
2026-05-02 07:45:48,262 | INFO     | faster_whisper | VAD filter removed 00:00.000 of audio
2026-05-02 07:45:50,209 | INFO     | assistant.voice_engine | [VOICE] Transcription: 'on va continuer de tourner.'
2026-05-02 07:45:50,209 | INFO     | assistant.voice_engine | [VOICE] Parole RMS=0.0064 — Whisper lancé
2026-05-02 07:45:50,209 | INFO     | faster_whisper | Processing audio with duration 00:01.980
2026-05-02 07:45:50,214 | INFO     | faster_whisper | VAD filter removed 00:00.000 of audio
2026-05-02 07:45:52,513 | INFO     | assistant.voice_engine | [VOICE] Parole RMS=0.0167 — Whisper lancé
2026-05-02 07:45:52,513 | INFO     | faster_whisper | Processing audio with duration 00:01.980
2026-05-02 07:45:52,517 | INFO     | faster_whisper | VAD filter removed 00:00.172 of audio
2026-05-02 07:46:01,326 | INFO     | assistant.voice_engine | [VOICE] Transcription: 'oh.'
2026-05-02 07:46:01,334 | INFO     | assistant.voice_engine | [VOICE] Parole RMS=0.0027 — Whisper lancé
2026-05-02 07:46:01,334 | INFO     | faster_whisper | Processing audio with duration 00:01.980
2026-05-02 07:46:01,337 | INFO     | faster_whisper | VAD filter removed 00:00.816 of audio
2026-05-02 07:46:07,756 | INFO     | assistant.voice_engine | [VOICE] Transcription: 'et j'ai aussi un...'
2026-05-02 07:46:08,865 | INFO     | assistant.voice_engine | [VOICE] Parole RMS=0.0021 — Whisper lancé
2026-05-02 07:46:08,865 | INFO     | faster_whisper | Processing audio with duration 00:01.980
2026-05-02 07:46:08,870 | INFO     | faster_whisper | VAD filter removed 00:01.200 of audio
2026-05-02 07:46:10,700 | INFO     | assistant.voice_engine | [VOICE] Parole RMS=0.0027 — Whisper lancé
2026-05-02 07:46:10,700 | INFO     | faster_whisper | Processing audio with duration 00:01.980
2026-05-02 07:46:10,703 | INFO     | faster_whisper | VAD filter removed 00:00.096 of audio
2026-05-02 07:46:12,801 | INFO     | assistant.voice_engine | [VOICE] Transcription: 'il y en a une, il y en a une, il y en a une.'
2026-05-02 07:46:12,803 | INFO     | assistant.voice_engine | [VOICE] Parole RMS=0.0025 — Whisper lancé
2026-05-02 07:46:12,803 | INFO     | faster_whisper | Processing audio with duration 00:01.980
2026-05-02 07:46:12,807 | INFO     | faster_whisper | VAD filter removed 00:00.848 of audio
2026-05-02 07:46:14,869 | INFO     | assistant.voice_engine | [VOICE] Transcription: 'sous-titres réalisés par la communauté d'amara.org'
INFO:     127.0.0.1:57957 - "GET /api/state HTTP/1.1" 200 OK
2026-05-02 07:46:29,204 | INFO     | data.gold_provider | [GOLD/TD] XAU/USD/4h → 500 bougies
2026-05-02 07:46:30,684 | INFO     | data.gold_provider | [GOLD/TD] XAU/USD/2h → 500 bougies
2026-05-02 07:46:32,124 | INFO     | data.gold_provider | [GOLD/TD] XAU/USD/1h → 500 bougies
2026-05-02 07:46:33,572 | INFO     | data.gold_provider | [GOLD/TD] XAU/USD/30m → 500 bougies
2026-05-02 07:46:35,106 | INFO     | data.gold_provider | [GOLD/TD] XAU/USD/15m → 500 bougies
2026-05-02 07:46:36,538 | INFO     | data.gold_provider | [GOLD/TD] XAU/USD/5m → 500 bougies
2026-05-02 07:46:38,054 | INFO     | data.gold_provider | [GOLD/TD] XAU/USD/1m → 500 bougies
2026-05-02 07:46:39,504 | INFO     | data.gold_provider | [GOLD/TD] XAU/USD/1d → 500 bougies
2026-05-02 07:46:40,307 | INFO     | assistant.voice_engine | [VOICE] Parole RMS=0.0021 — Whisper lancé
2026-05-02 07:46:40,307 | INFO     | faster_whisper | Processing audio with duration 00:01.980
2026-05-02 07:46:40,307 | INFO     | faster_whisper | VAD filter removed 00:01.424 of audio
2026-05-02 07:46:45,141 | INFO     | assistant.voice_engine | [VOICE] Transcription: 'merci.'
2026-05-02 07:46:45,709 | INFO     | assistant.voice_engine | [VOICE] Parole RMS=0.0020 — Whisper lancé
2026-05-02 07:46:45,709 | INFO     | faster_whisper | Processing audio with duration 00:01.980
2026-05-02 07:46:45,715 | INFO     | faster_whisper | VAD filter removed 00:00.464 of audio
2026-05-02 07:46:45,826 | INFO     | execution.paper_trading | [PAPER] BTC/USDT LONG TP1 prix=78176.0069 pnl=-0.03$ (-0.0%)
2026-05-02 07:46:45,829 | INFO     | execution.paper_trading | [PAPER] BTC/USDT SL → breakeven (78183.8722)
2026-05-02 07:46:50,358 | INFO     | assistant.voice_engine | [VOICE] Transcription: 'c'est ça, c'est ça.'
2026-05-02 07:46:50,360 | INFO     | assistant.voice_engine | [VOICE] Parole RMS=0.0023 — Whisper lancé
2026-05-02 07:46:50,360 | INFO     | faster_whisper | Processing audio with duration 00:01.980
2026-05-02 07:46:50,364 | INFO     | faster_whisper | VAD filter removed 00:00.912 of audio
2026-05-02 07:46:55,373 | INFO     | assistant.voice_engine | [VOICE] Transcription: 'malphysique.'
2026-05-02 07:47:00,142 | INFO     | assistant.voice_engine | [VOICE] Parole RMS=0.0020 — Whisper lancé
2026-05-02 07:47:00,142 | INFO     | faster_whisper | Processing audio with duration 00:01.980
2026-05-02 07:47:00,149 | INFO     | faster_whisper | VAD filter removed 00:00.720 of audio
2026-05-02 07:47:02,211 | INFO     | assistant.voice_engine | [VOICE] Transcription: 'sous-titres réalisés par la communauté d'amara.org'
2026-05-02 07:47:02,575 | INFO     | assistant.voice_engine | [VOICE] Parole RMS=0.0020 — Whisper lancé
2026-05-02 07:47:02,578 | INFO     | faster_whisper | Processing audio with duration 00:01.980
2026-05-02 07:47:02,582 | INFO     | faster_whisper | VAD filter removed 00:00.176 of audio
2026-05-02 07:47:04,547 | INFO     | assistant.voice_engine | [VOICE] Transcription: 'et pour l'instant, je suis d'accord.'
2026-05-02 07:47:04,549 | INFO     | assistant.voice_engine | [VOICE] Parole RMS=0.0029 — Whisper lancé
2026-05-02 07:47:04,549 | INFO     | faster_whisper | Processing audio with duration 00:01.980
2026-05-02 07:47:04,553 | INFO     | faster_whisper | VAD filter removed 00:00.560 of audio
2026-05-02 07:47:06,413 | INFO     | assistant.voice_engine | [VOICE] Parole RMS=0.0037 — Whisper lancé
2026-05-02 07:47:06,414 | INFO     | faster_whisper | Processing audio with duration 00:01.980
2026-05-02 07:47:06,420 | INFO     | faster_whisper | VAD filter removed 00:00.000 of audio
2026-05-02 07:47:08,388 | INFO     | assistant.voice_engine | [VOICE] Parole RMS=0.0039 — Whisper lancé
2026-05-02 07:47:08,390 | INFO     | faster_whisper | Processing audio with duration 00:01.980
2026-05-02 07:47:08,393 | INFO     | faster_whisper | VAD filter removed 00:00.000 of audio
2026-05-02 07:47:10,307 | INFO     | assistant.voice_engine | [VOICE] Transcription: 'merci d'avoir regardé cette vidéo.'
2026-05-02 07:47:10,309 | INFO     | assistant.voice_engine | [VOICE] Parole RMS=0.0024 — Whisper lancé
2026-05-02 07:47:10,309 | INFO     | faster_whisper | Processing audio with duration 00:01.980
2026-05-02 07:47:10,309 | INFO     | faster_whisper | VAD filter removed 00:00.000 of audio
2026-05-02 07:47:12,173 | INFO     | assistant.voice_engine | [VOICE] Parole RMS=0.0043 — Whisper lancé
2026-05-02 07:47:12,175 | INFO     | faster_whisper | Processing audio with duration 00:01.980
2026-05-02 07:47:12,179 | INFO     | faster_whisper | VAD filter removed 00:00.336 of audio
2026-05-02 07:47:14,032 | INFO     | assistant.voice_engine | [VOICE] Parole RMS=0.0041 — Whisper lancé
2026-05-02 07:47:14,034 | INFO     | faster_whisper | Processing audio with duration 00:01.980
2026-05-02 07:47:14,045 | INFO     | execution.signal_manager | [SIGNAL] PAXG/USDT VENTE score=6/11 confs=['EMA200-H4 baissier', 'OB/FVG 30m (fvg)', 'OB/FVG double conf 15m', 'Rejet 5m/15m', 'TRIX 5m', 'ADX régime RANGE'] cid=8889278c7c36
2026-05-02 07:47:14,045 | INFO     | faster_whisper | VAD filter removed 00:00.000 of audio
2026-05-02 07:47:16,163 | INFO     | assistant.voice_engine | [VOICE] Parole RMS=0.0023 — Whisper lancé
2026-05-02 07:47:16,165 | INFO     | faster_whisper | Processing audio with duration 00:01.980
2026-05-02 07:47:16,169 | INFO     | faster_whisper | VAD filter removed 00:00.624 of audio
2026-05-02 07:47:22,307 | INFO     | assistant.voice_engine | [VOICE] Transcription: 'allez, on y va.'
INFO:     127.0.0.1:49888 - "GET /api/state HTTP/1.1" 200 OK
2026-05-02 07:47:33,080 | INFO     | assistant.voice_engine | [VOICE] Parole RMS=0.0020 — Whisper lancé
2026-05-02 07:47:33,081 | INFO     | faster_whisper | Processing audio with duration 00:01.980
2026-05-02 07:47:33,085 | INFO     | faster_whisper | VAD filter removed 00:01.424 of audio
2026-05-02 07:47:35,150 | INFO     | assistant.voice_engine | [VOICE] Transcription: 'sous-titres réalisés par la communauté d'amara.org'
2026-05-02 07:47:35,151 | INFO     | assistant.voice_engine | [VOICE] Parole RMS=0.0045 — Whisper lancé
2026-05-02 07:47:35,151 | INFO     | faster_whisper | Processing audio with duration 00:01.980
2026-05-02 07:47:35,156 | INFO     | faster_whisper | VAD filter removed 00:00.000 of audio
2026-05-02 07:47:39,653 | INFO     | assistant.voice_engine | [VOICE] Parole RMS=0.0021 — Whisper lancé
2026-05-02 07:47:39,655 | INFO     | faster_whisper | Processing audio with duration 00:01.980
2026-05-02 07:47:39,659 | INFO     | faster_whisper | VAD filter removed 00:00.528 of audio
2026-05-02 07:47:41,624 | INFO     | assistant.voice_engine | [VOICE] Transcription: 'c'est bien'
2026-05-02 07:47:43,192 | INFO     | assistant.voice_engine | [VOICE] Parole RMS=0.0020 — Whisper lancé
2026-05-02 07:47:43,195 | INFO     | faster_whisper | Processing audio with duration 00:01.980
2026-05-02 07:47:43,199 | INFO     | faster_whisper | VAD filter removed 00:00.848 of audio
2026-05-02 07:47:45,048 | INFO     | assistant.voice_engine | [VOICE] Transcription: 'non, c'est...'
2026-05-02 07:47:47,151 | INFO     | assistant.voice_engine | [VOICE] Parole RMS=0.0020 — Whisper lancé
2026-05-02 07:47:47,152 | INFO     | faster_whisper | Processing audio with duration 00:01.980
2026-05-02 07:47:47,158 | INFO     | faster_whisper | VAD filter removed 00:00.464 of audio
2026-05-02 07:47:48,984 | INFO     | assistant.voice_engine | [VOICE] Transcription: 'merci.'
2026-05-02 07:47:48,985 | INFO     | assistant.voice_engine | [VOICE] Parole RMS=0.0021 — Whisper lancé
2026-05-02 07:47:48,985 | INFO     | faster_whisper | Processing audio with duration 00:01.980
2026-05-02 07:47:48,989 | INFO     | faster_whisper | VAD filter removed 00:01.980 of audio
2026-05-02 07:47:49,465 | INFO     | assistant.voice_engine | [VOICE] Parole RMS=0.0021 — Whisper lancé
2026-05-02 07:47:49,467 | INFO     | faster_whisper | Processing audio with duration 00:01.980
2026-05-02 07:47:49,470 | INFO     | faster_whisper | VAD filter removed 00:01.980 of audio
2026-05-02 07:47:50,065 | INFO     | assistant.voice_engine | [VOICE] Parole RMS=0.0020 — Whisper lancé
2026-05-02 07:47:50,066 | INFO     | faster_whisper | Processing audio with duration 00:01.980
2026-05-02 07:47:50,069 | INFO     | faster_whisper | VAD filter removed 00:01.980 of audio
2026-05-02 07:47:50,544 | INFO     | assistant.voice_engine | [VOICE] Parole RMS=0.0023 — Whisper lancé
2026-05-02 07:47:50,545 | INFO     | faster_whisper | Processing audio with duration 00:01.980
2026-05-02 07:47:50,549 | INFO     | faster_whisper | VAD filter removed 00:01.980 of audio
2026-05-02 07:47:57,112 | INFO     | assistant.voice_engine | [VOICE] Parole RMS=0.0021 — Whisper lancé
2026-05-02 07:47:57,115 | INFO     | faster_whisper | Processing audio with duration 00:01.980
2026-05-02 07:47:57,120 | INFO     | faster_whisper | VAD filter removed 00:01.008 of audio
2026-05-02 07:47:58,944 | INFO     | assistant.voice_engine | [VOICE] Transcription: 'merci beaucoup.'
2026-05-02 07:47:58,951 | INFO     | assistant.voice_engine | [VOICE] Parole RMS=0.0030 — Whisper lancé
2026-05-02 07:47:58,955 | INFO     | faster_whisper | Processing audio with duration 00:01.980
2026-05-02 07:47:58,962 | INFO     | faster_whisper | VAD filter removed 00:00.000 of audio
2026-05-02 07:48:00,985 | INFO     | assistant.voice_engine | [VOICE] Transcription: 'c'est tout ce que j'ai fait.'
2026-05-02 07:48:01,945 | INFO     | assistant.voice_engine | [VOICE] Parole RMS=0.0021 — Whisper lancé
2026-05-02 07:48:01,947 | INFO     | faster_whisper | Processing audio with duration 00:01.980
2026-05-02 07:48:01,950 | INFO     | faster_whisper | VAD filter removed 00:01.980 of audio
2026-05-02 07:48:02,424 | INFO     | assistant.voice_engine | [VOICE] Parole RMS=0.0022 — Whisper lancé
2026-05-02 07:48:02,426 | INFO     | faster_whisper | Processing audio with duration 00:01.980
2026-05-02 07:48:02,430 | INFO     | faster_whisper | VAD filter removed 00:01.456 of audio
2026-05-02 07:48:04,243 | INFO     | assistant.voice_engine | [VOICE] Transcription: 'merci.'
2026-05-02 07:48:04,250 | INFO     | assistant.voice_engine | [VOICE] Parole RMS=0.0029 — Whisper lancé
2026-05-02 07:48:04,250 | INFO     | faster_whisper | Processing audio with duration 00:01.980
2026-05-02 07:48:04,253 | INFO     | faster_whisper | VAD filter removed 00:00.460 of audio
2026-05-02 07:48:11,666 | INFO     | assistant.voice_engine | [VOICE] Parole RMS=0.0020 — Whisper lancé
2026-05-02 07:48:11,672 | INFO     | faster_whisper | Processing audio with duration 00:01.980
2026-05-02 07:48:11,676 | INFO     | faster_whisper | VAD filter removed 00:00.048 of audio
2026-05-02 07:48:13,636 | INFO     | assistant.voice_engine | [VOICE] Parole RMS=0.0028 — Whisper lancé
2026-05-02 07:48:13,640 | INFO     | faster_whisper | Processing audio with duration 00:01.980
2026-05-02 07:48:13,644 | INFO     | faster_whisper | VAD filter removed 00:01.232 of audio
2026-05-02 07:48:15,589 | INFO     | assistant.voice_engine | [VOICE] Parole RMS=0.0034 — Whisper lancé
2026-05-02 07:48:15,590 | INFO     | faster_whisper | Processing audio with duration 00:01.980
2026-05-02 07:48:15,594 | INFO     | faster_whisper | VAD filter removed 00:00.000 of audio
2026-05-02 07:48:17,689 | INFO     | assistant.voice_engine | [VOICE] Transcription: 'c'est ça, c'est ça, c'est ça.'
2026-05-02 07:48:17,696 | INFO     | assistant.voice_engine | [VOICE] Parole RMS=0.0028 — Whisper lancé
2026-05-02 07:48:17,696 | INFO     | faster_whisper | Processing audio with duration 00:01.980
2026-05-02 07:48:17,716 | INFO     | faster_whisper | VAD filter removed 00:00.368 of audio
2026-05-02 07:48:19,545 | INFO     | assistant.voice_engine | [VOICE] Transcription: 'merci.'
2026-05-02 07:48:19,943 | INFO     | assistant.voice_engine | [VOICE] Parole RMS=0.0021 — Whisper lancé
2026-05-02 07:48:19,944 | INFO     | faster_whisper | Processing audio with duration 00:01.980
2026-05-02 07:48:19,948 | INFO     | faster_whisper | VAD filter removed 00:00.512 of audio
2026-05-02 07:48:21,797 | INFO     | assistant.voice_engine | [VOICE] Parole RMS=0.0054 — Whisper lancé
2026-05-02 07:48:21,798 | INFO     | faster_whisper | Processing audio with duration 00:01.980
2026-05-02 07:48:21,802 | INFO     | faster_whisper | VAD filter removed 00:00.000 of audio
2026-05-02 07:48:23,993 | INFO     | assistant.voice_engine | [VOICE] Transcription: 'bonne soirée bonne soirée bonne soirée'
2026-05-02 07:48:23,994 | INFO     | assistant.voice_engine | [VOICE] Parole RMS=0.0031 — Whisper lancé
2026-05-02 07:48:23,994 | INFO     | faster_whisper | Processing audio with duration 00:01.980
2026-05-02 07:48:23,998 | INFO     | faster_whisper | VAD filter removed 00:00.112 of audio
INFO:     127.0.0.1:50812 - "GET /api/state HTTP/1.1" 200 OK
2026-05-02 07:48:26,149 | INFO     | assistant.voice_engine | [VOICE] Parole RMS=0.0031 — Whisper lancé
2026-05-02 07:48:26,151 | INFO     | faster_whisper | Processing audio with duration 00:01.980
2026-05-02 07:48:26,155 | INFO     | faster_whisper | VAD filter removed 00:00.000 of audio
2026-05-02 07:48:28,069 | INFO     | assistant.voice_engine | [VOICE] Transcription: 'merci d'avoir regardé.'
2026-05-02 07:48:28,070 | INFO     | assistant.voice_engine | [VOICE] Parole RMS=0.0031 — Whisper lancé
2026-05-02 07:48:28,070 | INFO     | faster_whisper | Processing audio with duration 00:01.980
2026-05-02 07:48:28,075 | INFO     | faster_whisper | VAD filter removed 00:00.000 of audio
2026-05-02 07:48:29,936 | INFO     | assistant.voice_engine | [VOICE] Transcription: 'merci d'avoir regardé'
2026-05-02 07:48:29,938 | INFO     | assistant.voice_engine | [VOICE] Parole RMS=0.0024 — Whisper lancé
2026-05-02 07:48:29,938 | INFO     | faster_whisper | Processing audio with duration 00:01.980
2026-05-02 07:48:29,942 | INFO     | faster_whisper | VAD filter removed 00:00.000 of audio
2026-05-02 07:48:31,792 | INFO     | assistant.voice_engine | [VOICE] Transcription: 'merci, merci.'
2026-05-02 07:48:36,145 | INFO     | assistant.voice_engine | [VOICE] Parole RMS=0.0020 — Whisper lancé
2026-05-02 07:48:36,146 | INFO     | faster_whisper | Processing audio with duration 00:01.980
2026-05-02 07:48:36,151 | INFO     | faster_whisper | VAD filter removed 00:01.980 of audio
2026-05-02 07:48:36,626 | INFO     | assistant.voice_engine | [VOICE] Parole RMS=0.0023 — Whisper lancé
2026-05-02 07:48:36,627 | INFO     | faster_whisper | Processing audio with duration 00:01.980
2026-05-02 07:48:36,632 | INFO     | faster_whisper | VAD filter removed 00:01.980 of audio
2026-05-02 07:48:37,104 | INFO     | assistant.voice_engine | [VOICE] Parole RMS=0.0028 — Whisper lancé
2026-05-02 07:48:37,104 | INFO     | faster_whisper | Processing audio with duration 00:01.980
2026-05-02 07:48:37,109 | INFO     | faster_whisper | VAD filter removed 00:01.980 of audio
2026-05-02 07:48:37,584 | INFO     | assistant.voice_engine | [VOICE] Parole RMS=0.0028 — Whisper lancé
2026-05-02 07:48:37,584 | INFO     | faster_whisper | Processing audio with duration 00:01.980
2026-05-02 07:48:37,590 | INFO     | faster_whisper | VAD filter removed 00:01.980 of audio
2026-05-02 07:48:38,065 | INFO     | assistant.voice_engine | [VOICE] Parole RMS=0.0029 — Whisper lancé
2026-05-02 07:48:38,068 | INFO     | faster_whisper | Processing audio with duration 00:01.980
2026-05-02 07:48:38,070 | INFO     | faster_whisper | VAD filter removed 00:01.980 of audio
2026-05-02 07:48:38,545 | INFO     | assistant.voice_engine | [VOICE] Parole RMS=0.0027 — Whisper lancé
2026-05-02 07:48:38,545 | INFO     | faster_whisper | Processing audio with duration 00:01.980
2026-05-02 07:48:38,550 | INFO     | faster_whisper | VAD filter removed 00:01.456 of audio
2026-05-02 07:48:40,613 | INFO     | assistant.voice_engine | [VOICE] Transcription: 'sous-titres réalisés par la communauté d'amara.org'
2026-05-02 07:48:40,613 | INFO     | assistant.voice_engine | [VOICE] Parole RMS=0.0027 — Whisper lancé
2026-05-02 07:48:40,615 | INFO     | faster_whisper | Processing audio with duration 00:01.980
2026-05-02 07:48:40,618 | INFO     | faster_whisper | VAD filter removed 00:00.064 of audio
2026-05-02 07:48:42,502 | INFO     | assistant.voice_engine | [VOICE] Parole RMS=0.0027 — Whisper lancé
2026-05-02 07:48:42,503 | INFO     | faster_whisper | Processing audio with duration 00:01.980
2026-05-02 07:48:42,507 | INFO     | faster_whisper | VAD filter removed 00:00.000 of audio
2026-05-02 07:48:48,743 | INFO     | assistant.voice_engine | [VOICE] Parole RMS=0.0020 — Whisper lancé
2026-05-02 07:48:48,744 | INFO     | faster_whisper | Processing audio with duration 00:01.980
2026-05-02 07:48:48,744 | INFO     | faster_whisper | VAD filter removed 00:00.556 of audio
2026-05-02 07:48:50,778 | INFO     | assistant.voice_engine | [VOICE] Transcription: 'c'est ça, c'est ça, c'est ça.'
2026-05-02 07:48:50,779 | INFO     | assistant.voice_engine | [VOICE] Parole RMS=0.0026 — Whisper lancé
2026-05-02 07:48:50,779 | INFO     | faster_whisper | Processing audio with duration 00:01.980
2026-05-02 07:48:50,782 | INFO     | faster_whisper | VAD filter removed 00:01.980 of audio
2026-05-02 07:48:51,259 | INFO     | assistant.voice_engine | [VOICE] Parole RMS=0.0033 — Whisper lancé
2026-05-02 07:48:51,261 | INFO     | faster_whisper | Processing audio with duration 00:01.980
2026-05-02 07:48:51,264 | INFO     | faster_whisper | VAD filter removed 00:01.520 of audio
2026-05-02 07:48:53,329 | INFO     | assistant.voice_engine | [VOICE] Transcription: 'sous-titres réalisés par la communauté d'amara.org'
2026-05-02 07:48:57,050 | INFO     | assistant.voice_engine | [VOICE] Parole RMS=0.0022 — Whisper lancé
2026-05-02 07:48:57,053 | INFO     | faster_whisper | Processing audio with duration 00:01.980
2026-05-02 07:48:57,057 | INFO     | faster_whisper | VAD filter removed 00:01.980 of audio
2026-05-02 07:48:57,530 | INFO     | assistant.voice_engine | [VOICE] Parole RMS=0.0025 — Whisper lancé
2026-05-02 07:48:57,533 | INFO     | faster_whisper | Processing audio with duration 00:01.980
2026-05-02 07:48:57,536 | INFO     | faster_whisper | VAD filter removed 00:01.980 of audio
2026-05-02 07:48:58,010 | INFO     | assistant.voice_engine | [VOICE] Parole RMS=0.0033 — Whisper lancé
2026-05-02 07:48:58,012 | INFO     | faster_whisper | Processing audio with duration 00:01.980
2026-05-02 07:48:58,016 | INFO     | faster_whisper | VAD filter removed 00:01.980 of audio
2026-05-02 07:48:58,490 | INFO     | assistant.voice_engine | [VOICE] Parole RMS=0.0040 — Whisper lancé
2026-05-02 07:48:58,492 | INFO     | faster_whisper | Processing audio with duration 00:01.980
2026-05-02 07:48:58,496 | INFO     | faster_whisper | VAD filter removed 00:01.980 of audio
2026-05-02 07:48:58,971 | INFO     | assistant.voice_engine | [VOICE] Parole RMS=0.0043 — Whisper lancé
2026-05-02 07:48:58,972 | INFO     | faster_whisper | Processing audio with duration 00:01.980
2026-05-02 07:48:58,976 | INFO     | faster_whisper | VAD filter removed 00:01.980 of audio
2026-05-02 07:48:59,450 | INFO     | assistant.voice_engine | [VOICE] Parole RMS=0.0046 — Whisper lancé
2026-05-02 07:48:59,452 | INFO     | faster_whisper | Processing audio with duration 00:01.980
2026-05-02 07:48:59,456 | INFO     | faster_whisper | VAD filter removed 00:01.980 of audio
2026-05-02 07:48:59,932 | INFO     | assistant.voice_engine | [VOICE] Parole RMS=0.0048 — Whisper lancé
2026-05-02 07:48:59,933 | INFO     | faster_whisper | Processing audio with duration 00:01.980
2026-05-02 07:48:59,936 | INFO     | faster_whisper | VAD filter removed 00:01.980 of audio
2026-05-02 07:49:00,410 | INFO     | assistant.voice_engine | [VOICE] Parole RMS=0.0047 — Whisper lancé
2026-05-02 07:49:00,410 | INFO     | faster_whisper | Processing audio with duration 00:01.980
2026-05-02 07:49:00,414 | INFO     | faster_whisper | VAD filter removed 00:01.200 of audio
2026-05-02 07:49:02,266 | INFO     | assistant.voice_engine | [VOICE] Transcription: 'merci.'
2026-05-02 07:49:02,267 | INFO     | assistant.voice_engine | [VOICE] Parole RMS=0.0032 — Whisper lancé
2026-05-02 07:49:02,267 | INFO     | faster_whisper | Processing audio with duration 00:01.980
2026-05-02 07:49:02,272 | INFO     | faster_whisper | VAD filter removed 00:01.980 of audio
2026-05-02 07:49:02,746 | INFO     | assistant.voice_engine | [VOICE] Parole RMS=0.0032 — Whisper lancé
2026-05-02 07:49:02,748 | INFO     | faster_whisper | Processing audio with duration 00:01.980
2026-05-02 07:49:02,752 | INFO     | faster_whisper | VAD filter removed 00:01.292 of audio
2026-05-02 07:49:04,794 | INFO     | assistant.voice_engine | [VOICE] Transcription: 'sous-titres réalisés par la communauté d'amara.org'
2026-05-02 07:49:11,997 | INFO     | assistant.voice_engine | [VOICE] Parole RMS=0.0021 — Whisper lancé
2026-05-02 07:49:11,998 | INFO     | faster_whisper | Processing audio with duration 00:01.980
2026-05-02 07:49:12,011 | INFO     | faster_whisper | VAD filter removed 00:01.980 of audio
2026-05-02 07:49:12,467 | INFO     | assistant.voice_engine | [VOICE] Parole RMS=0.0023 — Whisper lancé
2026-05-02 07:49:12,467 | INFO     | faster_whisper | Processing audio with duration 00:01.980
2026-05-02 07:49:12,477 | INFO     | faster_whisper | VAD filter removed 00:01.980 of audio
2026-05-02 07:49:12,956 | INFO     | assistant.voice_engine | [VOICE] Parole RMS=0.0031 — Whisper lancé
2026-05-02 07:49:12,957 | INFO     | faster_whisper | Processing audio with duration 00:01.980
2026-05-02 07:49:12,961 | INFO     | faster_whisper | VAD filter removed 00:01.980 of audio
2026-05-02 07:49:13,435 | INFO     | assistant.voice_engine | [VOICE] Parole RMS=0.0040 — Whisper lancé
2026-05-02 07:49:13,436 | INFO     | faster_whisper | Processing audio with duration 00:01.980
2026-05-02 07:49:13,440 | INFO     | faster_whisper | VAD filter removed 00:00.752 of audio
2026-05-02 07:49:15,259 | INFO     | assistant.voice_engine | [VOICE] Parole RMS=0.0043 — Whisper lancé
2026-05-02 07:49:15,260 | INFO     | faster_whisper | Processing audio with duration 00:01.980
2026-05-02 07:49:15,264 | INFO     | faster_whisper | VAD filter removed 00:00.620 of audio
2026-05-02 07:49:17,393 | INFO     | assistant.voice_engine | [VOICE] Transcription: 'c'est ça, c'est ça, c'est ça, c'est ça.'
2026-05-02 07:49:17,394 | INFO     | assistant.voice_engine | [VOICE] Parole RMS=0.0029 — Whisper lancé
2026-05-02 07:49:17,394 | INFO     | faster_whisper | Processing audio with duration 00:01.980
2026-05-02 07:49:17,399 | INFO     | faster_whisper | VAD filter removed 00:01.980 of audio
2026-05-02 07:49:17,876 | INFO     | assistant.voice_engine | [VOICE] Parole RMS=0.0031 — Whisper lancé
2026-05-02 07:49:17,877 | INFO     | faster_whisper | Processing audio with duration 00:01.980
2026-05-02 07:49:17,881 | INFO     | faster_whisper | VAD filter removed 00:01.980 of audio
2026-05-02 07:49:18,354 | INFO     | assistant.voice_engine | [VOICE] Parole RMS=0.0028 — Whisper lancé
2026-05-02 07:49:18,354 | INFO     | faster_whisper | Processing audio with duration 00:01.980
2026-05-02 07:49:18,358 | INFO     | faster_whisper | VAD filter removed 00:01.980 of audio
2026-05-02 07:49:18,834 | INFO     | assistant.voice_engine | [VOICE] Parole RMS=0.0030 — Whisper lancé
2026-05-02 07:49:18,836 | INFO     | faster_whisper | Processing audio with duration 00:01.980
2026-05-02 07:49:18,840 | INFO     | faster_whisper | VAD filter removed 00:01.980 of audio
2026-05-02 07:49:19,314 | INFO     | assistant.voice_engine | [VOICE] Parole RMS=0.0025 — Whisper lancé
2026-05-02 07:49:19,315 | INFO     | faster_whisper | Processing audio with duration 00:01.980
2026-05-02 07:49:19,319 | INFO     | faster_whisper | VAD filter removed 00:01.980 of audio
2026-05-02 07:49:20,091 | INFO     | assistant.voice_engine | [VOICE] Parole RMS=0.0022 — Whisper lancé
2026-05-02 07:49:20,092 | INFO     | faster_whisper | Processing audio with duration 00:01.980
2026-05-02 07:49:20,097 | INFO     | faster_whisper | VAD filter removed 00:01.488 of audio
2026-05-02 07:49:22,161 | INFO     | assistant.voice_engine | [VOICE] Transcription: 'sous-titres réalisés par la communauté d'amara.org'
2026-05-02 07:49:22,161 | INFO     | assistant.voice_engine | [VOICE] Parole RMS=0.0041 — Whisper lancé
2026-05-02 07:49:22,163 | INFO     | faster_whisper | Processing audio with duration 00:01.980
2026-05-02 07:49:22,166 | INFO     | faster_whisper | VAD filter removed 00:00.000 of audio
INFO:     127.0.0.1:55298 - "GET /api/state HTTP/1.1" 200 OK
2026-05-02 07:49:28,103 | INFO     | assistant.voice_engine | [VOICE] Parole RMS=0.0021 — Whisper lancé
2026-05-02 07:49:28,105 | INFO     | faster_whisper | Processing audio with duration 00:01.980
2026-05-02 07:49:28,109 | INFO     | faster_whisper | VAD filter removed 00:00.956 of audio
2026-05-02 07:49:29,960 | INFO     | assistant.voice_engine | [VOICE] Transcription: 'bonne soirée.'
2026-05-02 07:49:29,961 | INFO     | assistant.voice_engine | [VOICE] Parole RMS=0.0038 — Whisper lancé
2026-05-02 07:49:29,962 | INFO     | faster_whisper | Processing audio with duration 00:01.980
2026-05-02 07:49:29,965 | INFO     | faster_whisper | VAD filter removed 00:01.980 of audio
2026-05-02 07:49:30,440 | INFO     | assistant.voice_engine | [VOICE] Parole RMS=0.0045 — Whisper lancé
2026-05-02 07:49:30,442 | INFO     | faster_whisper | Processing audio with duration 00:01.980
2026-05-02 07:49:30,445 | INFO     | faster_whisper | VAD filter removed 00:01.980 of audio
2026-05-02 07:49:30,920 | INFO     | assistant.voice_engine | [VOICE] Parole RMS=0.0045 — Whisper lancé
2026-05-02 07:49:30,921 | INFO     | faster_whisper | Processing audio with duration 00:01.980
2026-05-02 07:49:30,925 | INFO     | faster_whisper | VAD filter removed 00:01.980 of audio
2026-05-02 07:49:31,400 | INFO     | assistant.voice_engine | [VOICE] Parole RMS=0.0040 — Whisper lancé
2026-05-02 07:49:31,402 | INFO     | faster_whisper | Processing audio with duration 00:01.980
2026-05-02 07:49:31,406 | INFO     | faster_whisper | VAD filter removed 00:01.424 of audio
2026-05-02 07:49:33,298 | INFO     | assistant.voice_engine | [VOICE] Transcription: 'merci.'
2026-05-02 07:49:33,300 | INFO     | assistant.voice_engine | [VOICE] Parole RMS=0.0034 — Whisper lancé
2026-05-02 07:49:33,300 | INFO     | faster_whisper | Processing audio with duration 00:01.980
2026-05-02 07:49:33,300 | INFO     | faster_whisper | VAD filter removed 00:00.000 of audio
2026-05-02 07:49:35,271 | INFO     | assistant.voice_engine | [VOICE] Parole RMS=0.0030 — Whisper lancé
2026-05-02 07:49:35,272 | INFO     | faster_whisper | Processing audio with duration 00:01.980
2026-05-02 07:49:35,276 | INFO     | faster_whisper | VAD filter removed 00:00.752 of audio
2026-05-02 07:49:39,687 | INFO     | assistant.voice_engine | [VOICE] Transcription: 'sous-titres réalisés par la communauté d'amara.org'
2026-05-02 07:49:41,119 | INFO     | data.gold_provider | [GOLD/TD] XAU/USD/4h → 500 bougies
2026-05-02 07:49:41,874 | INFO     | assistant.voice_engine | [VOICE] Parole RMS=0.0021 — Whisper lancé
2026-05-02 07:49:41,874 | INFO     | faster_whisper | Processing audio with duration 00:01.980
2026-05-02 07:49:41,881 | INFO     | faster_whisper | VAD filter removed 00:01.980 of audio
2026-05-02 07:49:42,355 | INFO     | assistant.voice_engine | [VOICE] Parole RMS=0.0024 — Whisper lancé
2026-05-02 07:49:42,355 | INFO     | faster_whisper | Processing audio with duration 00:01.980
2026-05-02 07:49:42,361 | INFO     | faster_whisper | VAD filter removed 00:00.304 of audio
2026-05-02 07:49:42,866 | INFO     | data.gold_provider | [GOLD/TD] XAU/USD/2h → 500 bougies
2026-05-02 07:49:44,382 | INFO     | data.gold_provider | [GOLD/TD] XAU/USD/1h → 500 bougies
2026-05-02 07:49:44,840 | INFO     | assistant.voice_engine | [VOICE] Parole RMS=0.0027 — Whisper lancé
2026-05-02 07:49:44,840 | INFO     | faster_whisper | Processing audio with duration 00:01.980
2026-05-02 07:49:44,842 | INFO     | faster_whisper | VAD filter removed 00:01.488 of audio
2026-05-02 07:49:45,954 | INFO     | data.gold_provider | [GOLD/TD] XAU/USD/30m → 500 bougies
2026-05-02 07:49:46,939 | INFO     | assistant.voice_engine | [VOICE] Transcription: 'merci.'
2026-05-02 07:49:47,443 | INFO     | data.gold_provider | [GOLD/TD] XAU/USD/15m → 500 bougies
2026-05-02 07:49:48,886 | INFO     | data.gold_provider | [GOLD/TD] XAU/USD/5m → 500 bougies
2026-05-02 07:49:50,356 | INFO     | data.gold_provider | [GOLD/TD] XAU/USD/1m → 500 bougies
2026-05-02 07:49:51,799 | INFO     | data.gold_provider | [GOLD/TD] XAU/USD/1d → 500 bougies
2026-05-02 07:49:52,821 | INFO     | assistant.voice_engine | [VOICE] Parole RMS=0.0030 — Whisper lancé
2026-05-02 07:49:52,829 | INFO     | faster_whisper | Processing audio with duration 00:01.980
2026-05-02 07:49:52,831 | INFO     | faster_whisper | VAD filter removed 00:00.988 of audio
2026-05-02 07:49:55,131 | INFO     | assistant.voice_engine | [VOICE] Transcription: 'sous-titres réalisés par la communauté d'amara.org'
2026-05-02 07:49:55,133 | INFO     | assistant.voice_engine | [VOICE] Parole RMS=0.0027 — Whisper lancé
2026-05-02 07:49:55,134 | INFO     | faster_whisper | Processing audio with duration 00:01.980
2026-05-02 07:49:55,137 | INFO     | faster_whisper | VAD filter removed 00:01.980 of audio
2026-05-02 07:49:55,612 | INFO     | assistant.voice_engine | [VOICE] Parole RMS=0.0030 — Whisper lancé
2026-05-02 07:49:55,612 | INFO     | faster_whisper | Processing audio with duration 00:01.980
2026-05-02 07:49:55,616 | INFO     | faster_whisper | VAD filter removed 00:01.980 of audio
2026-05-02 07:49:56,091 | INFO     | assistant.voice_engine | [VOICE] Parole RMS=0.0030 — Whisper lancé
2026-05-02 07:49:56,091 | INFO     | faster_whisper | Processing audio with duration 00:01.980
2026-05-02 07:49:56,096 | INFO     | faster_whisper | VAD filter removed 00:01.980 of audio
2026-05-02 07:49:56,576 | INFO     | assistant.voice_engine | [VOICE] Parole RMS=0.0032 — Whisper lancé
2026-05-02 07:49:56,579 | INFO     | faster_whisper | Processing audio with duration 00:01.980
2026-05-02 07:49:56,582 | INFO     | faster_whisper | VAD filter removed 00:01.552 of audio
2026-05-02 07:49:58,972 | INFO     | assistant.voice_engine | [VOICE] Transcription: 'sous-titres réalisés par la communauté d'amara.org'
2026-05-02 07:49:58,972 | INFO     | assistant.voice_engine | [VOICE] Parole RMS=0.0024 — Whisper lancé
2026-05-02 07:49:58,972 | INFO     | faster_whisper | Processing audio with duration 00:01.980
2026-05-02 07:49:58,977 | INFO     | faster_whisper | VAD filter removed 00:01.072 of audio
2026-05-02 07:50:01,523 | INFO     | assistant.voice_engine | [VOICE] Transcription: 'sous-titres réalisés par la communauté d'amara.org'
2026-05-02 07:50:08,187 | INFO     | assistant.voice_engine | [VOICE] Parole RMS=0.0023 — Whisper lancé
2026-05-02 07:50:08,187 | INFO     | faster_whisper | Processing audio with duration 00:01.980
2026-05-02 07:50:08,192 | INFO     | faster_whisper | VAD filter removed 00:00.624 of audio
2026-05-02 07:50:10,428 | INFO     | assistant.voice_engine | [VOICE] Parole RMS=0.0027 — Whisper lancé
2026-05-02 07:50:10,428 | INFO     | faster_whisper | Processing audio with duration 00:01.980
2026-05-02 07:50:10,433 | INFO     | faster_whisper | VAD filter removed 00:01.552 of audio
2026-05-02 07:50:12,924 | INFO     | assistant.voice_engine | [VOICE] Transcription: 'sous-titres réalisés par la communauté d'amara.org'
2026-05-02 07:50:12,924 | INFO     | assistant.voice_engine | [VOICE] Parole RMS=0.0031 — Whisper lancé
2026-05-02 07:50:12,925 | INFO     | faster_whisper | Processing audio with duration 00:01.980
2026-05-02 07:50:12,929 | INFO     | faster_whisper | VAD filter removed 00:00.764 of audio
2026-05-02 07:50:15,176 | INFO     | assistant.voice_engine | [VOICE] Transcription: 'merci.'
2026-05-02 07:50:20,307 | INFO     | assistant.voice_engine | [VOICE] Parole RMS=0.0021 — Whisper lancé
2026-05-02 07:50:20,308 | INFO     | faster_whisper | Processing audio with duration 00:01.980
2026-05-02 07:50:20,310 | INFO     | faster_whisper | VAD filter removed 00:00.000 of audio
2026-05-02 07:50:22,344 | INFO     | assistant.voice_engine | [VOICE] Parole RMS=0.0036 — Whisper lancé
2026-05-02 07:50:22,345 | INFO     | faster_whisper | Processing audio with duration 00:01.980
2026-05-02 07:50:22,349 | INFO     | faster_whisper | VAD filter removed 00:00.000 of audio
2026-05-02 07:50:24,532 | INFO     | assistant.voice_engine | [VOICE] Parole RMS=0.0034 — Whisper lancé
2026-05-02 07:50:24,533 | INFO     | faster_whisper | Processing audio with duration 00:01.980
2026-05-02 07:50:24,536 | INFO     | faster_whisper | VAD filter removed 00:01.260 of audio
INFO:     127.0.0.1:58204 - "GET /api/state HTTP/1.1" 200 OK
2026-05-02 07:50:32,755 | INFO     | assistant.voice_engine | [VOICE] Parole RMS=0.0021 — Whisper lancé
2026-05-02 07:50:32,757 | INFO     | faster_whisper | Processing audio with duration 00:01.980
2026-05-02 07:50:32,758 | INFO     | faster_whisper | VAD filter removed 00:00.700 of audio
2026-05-02 07:50:34,761 | INFO     | assistant.voice_engine | [VOICE] Transcription: 'oh'
2026-05-02 07:50:34,762 | INFO     | assistant.voice_engine | [VOICE] Parole RMS=0.0044 — Whisper lancé
2026-05-02 07:50:34,762 | INFO     | faster_whisper | Processing audio with duration 00:01.980
2026-05-02 07:50:34,766 | INFO     | faster_whisper | VAD filter removed 00:00.016 of audio
2026-05-02 07:50:36,924 | INFO     | assistant.voice_engine | [VOICE] Parole RMS=0.0079 — Whisper lancé
2026-05-02 07:50:36,924 | INFO     | faster_whisper | Processing audio with duration 00:01.980
2026-05-02 07:50:36,930 | INFO     | faster_whisper | VAD filter removed 00:00.000 of audio
2026-05-02 07:50:53,364 | INFO     | assistant.voice_engine | [VOICE] Transcription: 'il faut qu'il y ait une histoire de grâce.'
2026-05-02 07:50:53,365 | INFO     | assistant.voice_engine | [VOICE] Parole RMS=0.0023 — Whisper lancé
2026-05-02 07:50:53,366 | INFO     | faster_whisper | Processing audio with duration 00:01.980
2026-05-02 07:50:53,372 | INFO     | faster_whisper | VAD filter removed 00:01.980 of audio
2026-05-02 07:50:53,845 | INFO     | assistant.voice_engine | [VOICE] Parole RMS=0.0035 — Whisper lancé
2026-05-02 07:50:53,847 | INFO     | faster_whisper | Processing audio with duration 00:01.980
2026-05-02 07:50:53,851 | INFO     | faster_whisper | VAD filter removed 00:01.980 of audio
2026-05-02 07:50:54,324 | INFO     | assistant.voice_engine | [VOICE] Parole RMS=0.0045 — Whisper lancé
2026-05-02 07:50:54,326 | INFO     | faster_whisper | Processing audio with duration 00:01.980
2026-05-02 07:50:54,330 | INFO     | faster_whisper | VAD filter removed 00:01.980 of audio
2026-05-02 07:50:54,805 | INFO     | assistant.voice_engine | [VOICE] Parole RMS=0.0044 — Whisper lancé
2026-05-02 07:50:54,805 | INFO     | faster_whisper | Processing audio with duration 00:01.980
2026-05-02 07:50:54,810 | INFO     | faster_whisper | VAD filter removed 00:01.116 of audio
2026-05-02 07:50:56,989 | INFO     | assistant.voice_engine | [VOICE] Parole RMS=0.0052 — Whisper lancé
2026-05-02 07:50:56,990 | INFO     | faster_whisper | Processing audio with duration 00:01.980
2026-05-02 07:50:56,994 | INFO     | faster_whisper | VAD filter removed 00:01.980 of audio
2026-05-02 07:50:57,469 | INFO     | assistant.voice_engine | [VOICE] Parole RMS=0.0052 — Whisper lancé
2026-05-02 07:50:57,470 | INFO     | faster_whisper | Processing audio with duration 00:01.980
2026-05-02 07:50:57,475 | INFO     | faster_whisper | VAD filter removed 00:01.980 of audio
2026-05-02 07:50:58,462 | INFO     | assistant.voice_engine | [VOICE] Parole RMS=0.0050 — Whisper lancé
2026-05-02 07:50:58,462 | INFO     | faster_whisper | Processing audio with duration 00:01.980
2026-05-02 07:50:58,466 | INFO     | faster_whisper | VAD filter removed 00:01.552 of audio
2026-05-02 07:51:01,079 | INFO     | assistant.voice_engine | [VOICE] Transcription: 'sous-titres réalisés par la communauté d'amara.org'
2026-05-02 07:51:01,079 | INFO     | assistant.voice_engine | [VOICE] Parole RMS=0.0102 — Whisper lancé
2026-05-02 07:51:01,079 | INFO     | faster_whisper | Processing audio with duration 00:01.980
2026-05-02 07:51:01,085 | INFO     | faster_whisper | VAD filter removed 00:00.000 of audio
2026-05-02 07:51:04,138 | INFO     | assistant.voice_engine | [VOICE] Transcription: 'il y a un papier.'
2026-05-02 07:51:04,140 | INFO     | assistant.voice_engine | [VOICE] Parole RMS=0.0028 — Whisper lancé
2026-05-02 07:51:04,141 | INFO     | faster_whisper | Processing audio with duration 00:01.980
2026-05-02 07:51:04,145 | INFO     | faster_whisper | VAD filter removed 00:00.128 of audio
2026-05-02 07:51:13,077 | INFO     | assistant.voice_engine | [VOICE] Transcription: 's'il vous plaît.'
2026-05-02 07:51:14,069 | INFO     | assistant.voice_engine | [VOICE] Parole RMS=0.0022 — Whisper lancé
2026-05-02 07:51:14,071 | INFO     | faster_whisper | Processing audio with duration 00:01.980
2026-05-02 07:51:14,074 | INFO     | faster_whisper | VAD filter removed 00:01.980 of audio
2026-05-02 07:51:14,549 | INFO     | assistant.voice_engine | [VOICE] Parole RMS=0.0034 — Whisper lancé
2026-05-02 07:51:14,551 | INFO     | faster_whisper | Processing audio with duration 00:01.980
2026-05-02 07:51:14,554 | INFO     | faster_whisper | VAD filter removed 00:01.980 of audio
2026-05-02 07:51:15,029 | INFO     | assistant.voice_engine | [VOICE] Parole RMS=0.0045 — Whisper lancé
2026-05-02 07:51:15,029 | INFO     | faster_whisper | Processing audio with duration 00:01.980
2026-05-02 07:51:15,033 | INFO     | faster_whisper | VAD filter removed 00:01.980 of audio
2026-05-02 07:51:15,508 | INFO     | assistant.voice_engine | [VOICE] Parole RMS=0.0055 — Whisper lancé
2026-05-02 07:51:15,510 | INFO     | faster_whisper | Processing audio with duration 00:01.980
2026-05-02 07:51:15,514 | INFO     | faster_whisper | VAD filter removed 00:01.980 of audio
2026-05-02 07:51:15,989 | INFO     | assistant.voice_engine | [VOICE] Parole RMS=0.0058 — Whisper lancé
2026-05-02 07:51:15,990 | INFO     | faster_whisper | Processing audio with duration 00:01.980
2026-05-02 07:51:15,993 | INFO     | faster_whisper | VAD filter removed 00:01.980 of audio
2026-05-02 07:51:16,469 | INFO     | assistant.voice_engine | [VOICE] Parole RMS=0.0055 — Whisper lancé
2026-05-02 07:51:16,470 | INFO     | faster_whisper | Processing audio with duration 00:01.980
2026-05-02 07:51:16,474 | INFO     | faster_whisper | VAD filter removed 00:01.980 of audio
2026-05-02 07:51:16,949 | INFO     | assistant.voice_engine | [VOICE] Parole RMS=0.0052 — Whisper lancé
2026-05-02 07:51:16,951 | INFO     | faster_whisper | Processing audio with duration 00:01.980
2026-05-02 07:51:16,955 | INFO     | faster_whisper | VAD filter removed 00:01.980 of audio
2026-05-02 07:51:17,430 | INFO     | assistant.voice_engine | [VOICE] Parole RMS=0.0092 — Whisper lancé
2026-05-02 07:51:17,431 | INFO     | faster_whisper | Processing audio with duration 00:01.980
2026-05-02 07:51:17,436 | INFO     | faster_whisper | VAD filter removed 00:01.424 of audio
2026-05-02 07:51:19,614 | INFO     | assistant.voice_engine | [VOICE] Transcription: 'sous-titres réalisés par la communauté d'amara.org'
2026-05-02 07:51:19,615 | INFO     | assistant.voice_engine | [VOICE] Parole RMS=0.0197 — Whisper lancé
2026-05-02 07:51:19,616 | INFO     | faster_whisper | Processing audio with duration 00:01.980
2026-05-02 07:51:19,619 | INFO     | faster_whisper | VAD filter removed 00:00.000 of audio
INFO:     127.0.0.1:57248 - "GET /api/state HTTP/1.1" 200 OK
2026-05-02 07:51:26,333 | INFO     | assistant.voice_engine | [VOICE] Transcription: 'j'ai un problème, mais c'est ça qui m'a dit'
2026-05-02 07:51:26,335 | INFO     | assistant.voice_engine | [VOICE] Parole RMS=0.0109 — Whisper lancé
2026-05-02 07:51:26,335 | INFO     | faster_whisper | Processing audio with duration 00:01.980
2026-05-02 07:51:26,340 | INFO     | faster_whisper | VAD filter removed 00:00.000 of audio
2026-05-02 07:51:32,510 | INFO     | assistant.voice_engine | [VOICE] Transcription: 'et pour ce qu'il n'y a pas de soucis.'
2026-05-02 07:51:32,516 | INFO     | assistant.voice_engine | [VOICE] Parole RMS=0.0059 — Whisper lancé
2026-05-02 07:51:32,517 | INFO     | faster_whisper | Processing audio with duration 00:01.980
2026-05-02 07:51:32,521 | INFO     | faster_whisper | VAD filter removed 00:00.652 of audio
2026-05-02 07:51:39,083 | INFO     | assistant.voice_engine | [VOICE] Transcription: 'on va voir.'
2026-05-02 07:51:39,084 | INFO     | assistant.voice_engine | [VOICE] Parole RMS=0.0041 — Whisper lancé
2026-05-02 07:51:39,085 | INFO     | faster_whisper | Processing audio with duration 00:01.980
2026-05-02 07:51:39,088 | INFO     | faster_whisper | VAD filter removed 00:01.980 of audio
2026-05-02 07:51:39,564 | INFO     | assistant.voice_engine | [VOICE] Parole RMS=0.0040 — Whisper lancé
2026-05-02 07:51:39,566 | INFO     | faster_whisper | Processing audio with duration 00:01.980
2026-05-02 07:51:39,570 | INFO     | faster_whisper | VAD filter removed 00:01.980 of audio
2026-05-02 07:51:40,043 | INFO     | assistant.voice_engine | [VOICE] Parole RMS=0.0039 — Whisper lancé
2026-05-02 07:51:40,044 | INFO     | faster_whisper | Processing audio with duration 00:01.980
2026-05-02 07:51:40,049 | INFO     | faster_whisper | VAD filter removed 00:01.980 of audio
2026-05-02 07:51:40,523 | INFO     | assistant.voice_engine | [VOICE] Parole RMS=0.0036 — Whisper lancé
2026-05-02 07:51:40,525 | INFO     | faster_whisper | Processing audio with duration 00:01.980
2026-05-02 07:51:40,529 | INFO     | faster_whisper | VAD filter removed 00:01.980 of audio
2026-05-02 07:51:41,002 | INFO     | assistant.voice_engine | [VOICE] Parole RMS=0.0034 — Whisper lancé
2026-05-02 07:51:41,003 | INFO     | faster_whisper | Processing audio with duration 00:01.980
2026-05-02 07:51:41,003 | INFO     | faster_whisper | VAD filter removed 00:01.980 of audio
2026-05-02 07:51:41,482 | INFO     | assistant.voice_engine | [VOICE] Parole RMS=0.0034 — Whisper lancé
2026-05-02 07:51:41,482 | INFO     | faster_whisper | Processing audio with duration 00:01.980
2026-05-02 07:51:41,482 | INFO     | faster_whisper | VAD filter removed 00:01.980 of audio
2026-05-02 07:51:41,963 | INFO     | assistant.voice_engine | [VOICE] Parole RMS=0.0032 — Whisper lancé
2026-05-02 07:51:41,964 | INFO     | faster_whisper | Processing audio with duration 00:01.980
2026-05-02 07:51:41,968 | INFO     | faster_whisper | VAD filter removed 00:01.980 of audio
2026-05-02 07:51:42,442 | INFO     | assistant.voice_engine | [VOICE] Parole RMS=0.0026 — Whisper lancé
2026-05-02 07:51:42,442 | INFO     | faster_whisper | Processing audio with duration 00:01.980
2026-05-02 07:51:42,447 | INFO     | faster_whisper | VAD filter removed 00:01.980 of audio
2026-05-02 07:51:42,923 | INFO     | assistant.voice_engine | [VOICE] Parole RMS=0.0025 — Whisper lancé
2026-05-02 07:51:42,925 | INFO     | faster_whisper | Processing audio with duration 00:01.980
2026-05-02 07:51:42,928 | INFO     | faster_whisper | VAD filter removed 00:01.980 of audio
2026-05-02 07:51:45,174 | INFO     | assistant.voice_engine | [VOICE] Parole RMS=0.0021 — Whisper lancé
2026-05-02 07:51:45,175 | INFO     | faster_whisper | Processing audio with duration 00:01.980
2026-05-02 07:51:45,179 | INFO     | faster_whisper | VAD filter removed 00:01.456 of audio
2026-05-02 07:51:47,307 | INFO     | assistant.voice_engine | [VOICE] Transcription: 'sous-titres réalisés par la communauté d'amara.org'
2026-05-02 07:51:56,127 | INFO     | assistant.voice_engine | [VOICE] Parole RMS=0.0020 — Whisper lancé
2026-05-02 07:51:56,128 | INFO     | faster_whisper | Processing audio with duration 00:01.980
2026-05-02 07:51:56,132 | INFO     | faster_whisper | VAD filter removed 00:01.980 of audio
2026-05-02 07:51:56,758 | INFO     | assistant.voice_engine | [VOICE] Parole RMS=0.0021 — Whisper lancé
2026-05-02 07:51:56,759 | INFO     | faster_whisper | Processing audio with duration 00:01.980
2026-05-02 07:51:56,764 | INFO     | faster_whisper | VAD filter removed 00:01.980 of audio
2026-05-02 07:51:57,239 | INFO     | assistant.voice_engine | [VOICE] Parole RMS=0.0025 — Whisper lancé
2026-05-02 07:51:57,240 | INFO     | faster_whisper | Processing audio with duration 00:01.980
2026-05-02 07:51:57,244 | INFO     | faster_whisper | VAD filter removed 00:01.980 of audio
2026-05-02 07:51:57,718 | INFO     | assistant.voice_engine | [VOICE] Parole RMS=0.0028 — Whisper lancé
2026-05-02 07:51:57,720 | INFO     | faster_whisper | Processing audio with duration 00:01.980
2026-05-02 07:51:57,724 | INFO     | faster_whisper | VAD filter removed 00:01.980 of audio
2026-05-02 07:51:58,198 | INFO     | assistant.voice_engine | [VOICE] Parole RMS=0.0024 — Whisper lancé
2026-05-02 07:51:58,200 | INFO     | faster_whisper | Processing audio with duration 00:01.980
2026-05-02 07:51:58,203 | INFO     | faster_whisper | VAD filter removed 00:01.980 of audio
2026-05-02 07:51:58,677 | INFO     | assistant.voice_engine | [VOICE] Parole RMS=0.0024 — Whisper lancé
2026-05-02 07:51:58,679 | INFO     | faster_whisper | Processing audio with duration 00:01.980
2026-05-02 07:51:58,684 | INFO     | faster_whisper | VAD filter removed 00:01.980 of audio
2026-05-02 07:52:10,712 | INFO     | assistant.voice_engine | [VOICE] Parole RMS=0.0022 — Whisper lancé
2026-05-02 07:52:10,714 | INFO     | faster_whisper | Processing audio with duration 00:01.980
2026-05-02 07:52:10,717 | INFO     | faster_whisper | VAD filter removed 00:01.456 of audio
2026-05-02 07:52:12,812 | INFO     | assistant.voice_engine | [VOICE] Transcription: 'sous-titres réalisés par la communauté d'amara.org'
2026-05-02 07:52:12,813 | INFO     | assistant.voice_engine | [VOICE] Parole RMS=0.0051 — Whisper lancé
2026-05-02 07:52:12,814 | INFO     | faster_whisper | Processing audio with duration 00:01.980
2026-05-02 07:52:12,817 | INFO     | faster_whisper | VAD filter removed 00:00.000 of audio
2026-05-02 07:52:16,352 | INFO     | execution.signal_manager | [SIGNAL] PAXG/USDT VENTE score=6/11 confs=['EMA200-H4 baissier', 'OB/FVG 30m (fvg)', 'OB/FVG double conf 15m', 'Rejet 5m/15m', 'TRIX 5m', 'ADX régime RANGE'] cid=57259f546ee1
2026-05-02 07:52:20,247 | INFO     | assistant.voice_engine | [VOICE] Transcription: 'merci beaucoup pour l'entraînement.'
INFO:     127.0.0.1:54495 - "GET /api/state HTTP/1.1" 200 OK
2026-05-02 07:52:47,932 | INFO     | execution.signal_manager | [SIGNAL] BTC/USDT ACHAT score=6/11 confs=['EMA200-H4 haussier', 'OB/FVG 30m (fvg)', 'OB/FVG double conf 15m', 'Rejet 5m/15m', 'Delta volume confirme', 'ADX régime TREND'] cid=30f3817b12b2
2026-05-02 07:52:53,585 | INFO     | data.gold_provider | [GOLD/TD] XAU/USD/4h → 500 bougies
2026-05-02 07:52:55,076 | INFO     | data.gold_provider | [GOLD/TD] XAU/USD/2h → 500 bougies
2026-05-02 07:52:56,525 | INFO     | data.gold_provider | [GOLD/TD] XAU/USD/1h → 500 bougies
2026-05-02 07:52:57,989 | INFO     | data.gold_provider | [GOLD/TD] XAU/USD/30m → 500 bougies
2026-05-02 07:52:59,592 | INFO     | data.gold_provider | [GOLD/TD] XAU/USD/15m → 500 bougies
2026-05-02 07:53:01,084 | INFO     | data.gold_provider | [GOLD/TD] XAU/USD/5m → 500 bougies
2026-05-02 07:53:02,545 | INFO     | data.gold_provider | [GOLD/TD] XAU/USD/1m → 500 bougies
2026-05-02 07:53:04,132 | INFO     | data.gold_provider | [GOLD/TD] XAU/USD/1d → 500 bougies
INFO:     127.0.0.1:60477 - "GET /api/state HTTP/1.1" 200 OK
INFO:     127.0.0.1:51653 - "GET /api/state HTTP/1.1" 200 OK
INFO:     127.0.0.1:53763 - "GET /api/state HTTP/1.1" 200 OK
2026-05-02 07:56:05,784 | INFO     | data.gold_provider | [GOLD/TD] XAU/USD/4h → 500 bougies
2026-05-02 07:56:07,254 | INFO     | data.gold_provider | [GOLD/TD] XAU/USD/2h → 500 bougies
2026-05-02 07:56:08,692 | INFO     | data.gold_provider | [GOLD/TD] XAU/USD/1h → 500 bougies
2026-05-02 07:56:10,154 | INFO     | data.gold_provider | [GOLD/TD] XAU/USD/30m → 500 bougies
2026-05-02 07:56:11,612 | INFO     | data.gold_provider | [GOLD/TD] XAU/USD/15m → 500 bougies
2026-05-02 07:56:13,043 | INFO     | data.gold_provider | [GOLD/TD] XAU/USD/5m → 500 bougies
2026-05-02 07:56:14,528 | INFO     | data.gold_provider | [GOLD/TD] XAU/USD/1m → 500 bougies
2026-05-02 07:56:15,975 | INFO     | data.gold_provider | [GOLD/TD] XAU/USD/1d → 500 bougies
INFO:     127.0.0.1:57767 - "GET /api/state HTTP/1.1" 200 OK
2026-05-02 07:57:17,145 | INFO     | execution.signal_manager | [SIGNAL] PAXG/USDT VENTE score=6/11 confs=['EMA200-H4 baissier', 'OB/FVG 30m (fvg)', 'OB/FVG double conf 15m', 'Rejet 5m/15m', 'TRIX 5m', 'ADX régime RANGE'] cid=8e2aa14d278e
INFO:     127.0.0.1:53585 - "GET /api/state HTTP/1.1" 200 OK
INFO:     127.0.0.1:63609 - "GET /api/state HTTP/1.1" 200 OK
2026-05-02 07:59:12,971 | INFO     | assistant.voice_engine | [VOICE] Parole RMS=0.0021 — Whisper lancé
2026-05-02 07:59:12,972 | INFO     | faster_whisper | Processing audio with duration 00:01.980
2026-05-02 07:59:12,977 | INFO     | faster_whisper | VAD filter removed 00:01.552 of audio
2026-05-02 07:59:15,402 | INFO     | assistant.voice_engine | [VOICE] Transcription: 'sous-titres réalisés par la communauté d'amara.org'
2026-05-02 07:59:15,403 | INFO     | assistant.voice_engine | [VOICE] Parole RMS=0.0537 — Whisper lancé
2026-05-02 07:59:15,403 | INFO     | faster_whisper | Processing audio with duration 00:01.980
2026-05-02 07:59:15,408 | INFO     | faster_whisper | VAD filter removed 00:00.000 of audio
2026-05-02 07:59:17,612 | INFO     | data.gold_provider | [GOLD/TD] XAU/USD/4h → 500 bougies
2026-05-02 07:59:17,769 | INFO     | assistant.voice_engine | [VOICE] Transcription: 'je vais pas lui envoyer ça, de chercher aussi.'
2026-05-02 07:59:17,772 | INFO     | assistant.voice_engine | [VOICE] Parole RMS=0.0108 — Whisper lancé
2026-05-02 07:59:17,772 | INFO     | faster_whisper | Processing audio with duration 00:01.980
2026-05-02 07:59:17,774 | INFO     | faster_whisper | VAD filter removed 00:00.304 of audio
2026-05-02 07:59:19,314 | INFO     | data.gold_provider | [GOLD/TD] XAU/USD/2h → 500 bougies
2026-05-02 07:59:20,171 | INFO     | assistant.voice_engine | [VOICE] Transcription: 'qu'est ce qu'il y a que vous?'
2026-05-02 07:59:20,172 | INFO     | assistant.voice_engine | [VOICE] Parole RMS=0.0226 — Whisper lancé
2026-05-02 07:59:20,172 | INFO     | faster_whisper | Processing audio with duration 00:01.980
2026-05-02 07:59:20,179 | INFO     | faster_whisper | VAD filter removed 00:00.000 of audio
2026-05-02 07:59:20,800 | INFO     | data.gold_provider | [GOLD/TD] XAU/USD/1h → 500 bougies
2026-05-02 07:59:22,335 | INFO     | data.gold_provider | [GOLD/TD] XAU/USD/30m → 500 bougies
2026-05-02 07:59:22,391 | INFO     | assistant.voice_engine | [VOICE] Transcription: 'ah, c'est important.'
2026-05-02 07:59:22,391 | INFO     | assistant.voice_engine | [VOICE] Parole RMS=0.0377 — Whisper lancé
2026-05-02 07:59:22,391 | INFO     | faster_whisper | Processing audio with duration 00:01.980
2026-05-02 07:59:22,395 | INFO     | faster_whisper | VAD filter removed 00:00.000 of audio
2026-05-02 07:59:23,892 | INFO     | data.gold_provider | [GOLD/TD] XAU/USD/15m → 500 bougies
2026-05-02 07:59:24,727 | INFO     | assistant.voice_engine | [VOICE] Transcription: 'c'est amusant, c'est juste...'
2026-05-02 07:59:24,729 | INFO     | assistant.voice_engine | [VOICE] Parole RMS=0.0103 — Whisper lancé
2026-05-02 07:59:24,729 | INFO     | faster_whisper | Processing audio with duration 00:01.980
2026-05-02 07:59:24,733 | INFO     | faster_whisper | VAD filter removed 00:00.112 of audio
2026-05-02 07:59:25,468 | INFO     | data.gold_provider | [GOLD/TD] XAU/USD/5m → 500 bougies
INFO:     127.0.0.1:52785 - "GET /api/state HTTP/1.1" 200 OK
2026-05-02 07:59:27,000 | INFO     | data.gold_provider | [GOLD/TD] XAU/USD/1m → 500 bougies
2026-05-02 07:59:27,042 | INFO     | assistant.voice_engine | [VOICE] Transcription: 'so, only moment of effect.'
2026-05-02 07:59:28,439 | INFO     | data.gold_provider | [GOLD/TD] XAU/USD/1d → 500 bougies
2026-05-02 07:59:34,146 | INFO     | assistant.voice_engine | [VOICE] Parole RMS=0.0020 — Whisper lancé
2026-05-02 07:59:34,148 | INFO     | faster_whisper | Processing audio with duration 00:01.980
2026-05-02 07:59:34,149 | INFO     | faster_whisper | VAD filter removed 00:01.552 of audio
2026-05-02 07:59:36,610 | INFO     | assistant.voice_engine | [VOICE] Transcription: 'sous-titres réalisés par la communauté d'amara.org'
2026-05-02 07:59:36,613 | INFO     | assistant.voice_engine | [VOICE] Parole RMS=0.0414 — Whisper lancé
2026-05-02 07:59:36,613 | INFO     | faster_whisper | Processing audio with duration 00:01.980
2026-05-02 07:59:36,617 | INFO     | faster_whisper | VAD filter removed 00:00.672 of audio
2026-05-02 07:59:44,411 | INFO     | assistant.voice_engine | [VOICE] Transcription: 's'il vous plait.'
2026-05-02 07:59:44,413 | INFO     | assistant.voice_engine | [VOICE] Parole RMS=0.0193 — Whisper lancé
2026-05-02 07:59:44,413 | INFO     | faster_whisper | Processing audio with duration 00:01.980
2026-05-02 07:59:44,417 | INFO     | faster_whisper | VAD filter removed 00:00.000 of audio
2026-05-02 07:59:46,755 | INFO     | assistant.voice_engine | [VOICE] Transcription: 'ouais ? toute c'est fondre !'
2026-05-02 07:59:46,755 | INFO     | assistant.voice_engine | [VOICE] Parole RMS=0.0355 — Whisper lancé
2026-05-02 07:59:46,755 | INFO     | faster_whisper | Processing audio with duration 00:01.980
2026-05-02 07:59:46,759 | INFO     | faster_whisper | VAD filter removed 00:00.044 of audio
2026-05-02 07:59:49,123 | INFO     | assistant.voice_engine | [VOICE] Transcription: 'que c'est fondre les plafonds les machins'
2026-05-02 07:59:49,124 | INFO     | assistant.voice_engine | [VOICE] Parole RMS=0.0339 — Whisper lancé
2026-05-02 07:59:49,125 | INFO     | faster_whisper | Processing audio with duration 00:01.980
2026-05-02 07:59:49,129 | INFO     | faster_whisper | VAD filter removed 00:00.348 of audio
2026-05-02 07:59:51,404 | INFO     | assistant.voice_engine | [VOICE] Transcription: 'les trous dans les murs'
2026-05-02 07:59:51,404 | INFO     | assistant.voice_engine | [VOICE] Parole RMS=0.0194 — Whisper lancé
2026-05-02 07:59:51,405 | INFO     | faster_whisper | Processing audio with duration 00:01.980
2026-05-02 07:59:51,409 | INFO     | faster_whisper | VAD filter removed 00:00.668 of audio
2026-05-02 07:59:53,592 | INFO     | assistant.voice_engine | [VOICE] Transcription: 'moi c'est beau ouais'
2026-05-02 07:59:53,592 | INFO     | assistant.voice_engine | [VOICE] Parole RMS=0.0601 — Whisper lancé
2026-05-02 07:59:53,592 | INFO     | faster_whisper | Processing audio with duration 00:01.980
2026-05-02 07:59:53,598 | INFO     | faster_whisper | VAD filter removed 00:00.000 of audio
2026-05-02 07:59:55,993 | INFO     | assistant.voice_engine | [VOICE] Transcription: 'et t'en as pour euh...'
2026-05-02 07:59:55,993 | INFO     | assistant.voice_engine | [VOICE] Parole RMS=0.0072 — Whisper lancé
2026-05-02 07:59:55,994 | INFO     | faster_whisper | Processing audio with duration 00:01.980
2026-05-02 07:59:55,999 | INFO     | faster_whisper | VAD filter removed 00:01.324 of audio
2026-05-02 07:59:58,095 | INFO     | execution.paper_trading | [PAPER] BTC/USDT LONG SL prix=78127.0956 pnl=-0.13$ (-0.1%)
2026-05-02 07:59:58,097 | INFO     | execution.paper_trading | [PAPER] 🔒 FERMÉ BTC/USDT LONG | pnl=-0.16$ (-0.1%) | raison=sl durée=50min
2026-05-02 08:00:02,239 | INFO     | assistant.voice_engine | [VOICE] Transcription: 'merci.'
2026-05-02 08:00:04,332 | INFO     | assistant.voice_engine | [VOICE] Parole RMS=0.0022 — Whisper lancé
2026-05-02 08:00:04,332 | INFO     | faster_whisper | Processing audio with duration 00:01.980
2026-05-02 08:00:04,335 | INFO     | faster_whisper | VAD filter removed 00:01.552 of audio
2026-05-02 08:00:06,787 | INFO     | assistant.voice_engine | [VOICE] Transcription: 'sous-titres réalisés par la communauté d'amara.org'
2026-05-02 08:00:08,205 | INFO     | assistant.voice_engine | [VOICE] Parole RMS=0.0022 — Whisper lancé
2026-05-02 08:00:08,206 | INFO     | faster_whisper | Processing audio with duration 00:01.980
2026-05-02 08:00:08,210 | INFO     | faster_whisper | VAD filter removed 00:01.488 of audio
2026-05-02 08:00:10,956 | INFO     | assistant.voice_engine | [VOICE] Transcription: 'merci d'avoir regardé cette vidéo.'
2026-05-02 08:00:17,828 | INFO     | assistant.voice_engine | [VOICE] Parole RMS=0.0020 — Whisper lancé
2026-05-02 08:00:17,829 | INFO     | faster_whisper | Processing audio with duration 00:01.980
2026-05-02 08:00:17,832 | INFO     | faster_whisper | VAD filter removed 00:01.488 of audio
2026-05-02 08:00:21,511 | INFO     | assistant.voice_engine | [VOICE] Transcription: 'sous-titres réalisés par la communauté d'amara.org'
2026-05-02 08:00:21,518 | INFO     | assistant.voice_engine | [VOICE] Parole RMS=0.0045 — Whisper lancé
2026-05-02 08:00:21,519 | INFO     | faster_whisper | Processing audio with duration 00:01.980
2026-05-02 08:00:21,524 | INFO     | faster_whisper | VAD filter removed 00:00.492 of audio
INFO:     127.0.0.1:52607 - "GET /api/state HTTP/1.1" 200 OK
2026-05-02 08:00:30,787 | INFO     | assistant.voice_engine | [VOICE] Transcription: 'merci beaucoup.'
INFO:     127.0.0.1:65023 - "GET /api/state HTTP/1.1" 200 OK
2026-05-02 08:02:18,527 | INFO     | execution.signal_manager | [SIGNAL] PAXG/USDT VENTE score=5/11 confs=['EMA200-H4 baissier', 'OB/FVG 30m (fvg)', 'OB/FVG double conf 15m', 'TRIX 5m', 'ADX régime RANGE'] cid=540a5203b91c
INFO:     127.0.0.1:49313 - "GET /api/state HTTP/1.1" 200 OK
2026-05-02 08:02:30,109 | INFO     | data.gold_provider | [GOLD/TD] XAU/USD/4h → 500 bougies
2026-05-02 08:02:31,564 | INFO     | data.gold_provider | [GOLD/TD] XAU/USD/2h → 500 bougies
2026-05-02 08:02:32,991 | INFO     | data.gold_provider | [GOLD/TD] XAU/USD/1h → 500 bougies
2026-05-02 08:02:34,653 | INFO     | data.gold_provider | [GOLD/TD] XAU/USD/30m → 500 bougies
2026-05-02 08:02:36,093 | INFO     | data.gold_provider | [GOLD/TD] XAU/USD/15m → 500 bougies
2026-05-02 08:02:37,570 | INFO     | data.gold_provider | [GOLD/TD] XAU/USD/5m → 500 bougies
2026-05-02 08:02:39,073 | INFO     | data.gold_provider | [GOLD/TD] XAU/USD/1m → 500 bougies
2026-05-02 08:02:40,493 | INFO     | data.gold_provider | [GOLD/TD] XAU/USD/1d → 500 bougies
INFO:     127.0.0.1:55857 - "GET /api/state HTTP/1.1" 200 OK
2026-05-02 08:03:36,586 | INFO     | assistant.voice_engine | [VOICE] Parole RMS=0.0051 — Whisper lancé
2026-05-02 08:03:36,586 | INFO     | faster_whisper | Processing audio with duration 00:01.980
2026-05-02 08:03:36,590 | INFO     | faster_whisper | VAD filter removed 00:01.980 of audio
2026-05-02 08:03:37,067 | INFO     | assistant.voice_engine | [VOICE] Parole RMS=0.0246 — Whisper lancé
2026-05-02 08:03:37,068 | INFO     | faster_whisper | Processing audio with duration 00:01.980
2026-05-02 08:03:37,071 | INFO     | faster_whisper | VAD filter removed 00:01.072 of audio
2026-05-02 08:03:39,049 | INFO     | assistant.voice_engine | [VOICE] Transcription: 'comment ?'
2026-05-02 08:03:39,051 | INFO     | assistant.voice_engine | [VOICE] Parole RMS=0.0023 — Whisper lancé
2026-05-02 08:03:39,051 | INFO     | faster_whisper | Processing audio with duration 00:01.980
2026-05-02 08:03:39,055 | INFO     | faster_whisper | VAD filter removed 00:00.012 of audio
2026-05-02 08:03:41,151 | INFO     | assistant.voice_engine | [VOICE] Parole RMS=0.0061 — Whisper lancé
2026-05-02 08:03:41,152 | INFO     | faster_whisper | Processing audio with duration 00:01.980
2026-05-02 08:03:41,156 | INFO     | faster_whisper | VAD filter removed 00:00.956 of audio
2026-05-02 08:03:43,250 | INFO     | assistant.voice_engine | [VOICE] Transcription: 'sous-titres réalisés par la communauté d'amara.org'
2026-05-02 08:03:43,252 | INFO     | assistant.voice_engine | [VOICE] Parole RMS=0.0067 — Whisper lancé
2026-05-02 08:03:43,252 | INFO     | faster_whisper | Processing audio with duration 00:01.980
2026-05-02 08:03:43,256 | INFO     | faster_whisper | VAD filter removed 00:00.000 of audio
INFO:     127.0.0.1:52051 - "GET /api/state HTTP/1.1" 200 OK
INFO:     127.0.0.1:56166 - "GET /api/state HTTP/1.1" 200 OK
2026-05-02 08:05:42,427 | INFO     | data.gold_provider | [GOLD/TD] XAU/USD/4h → 500 bougies
2026-05-02 08:05:43,896 | INFO     | data.gold_provider | [GOLD/TD] XAU/USD/2h → 500 bougies
2026-05-02 08:05:45,376 | INFO     | data.gold_provider | [GOLD/TD] XAU/USD/1h → 500 bougies
2026-05-02 08:05:46,850 | INFO     | data.gold_provider | [GOLD/TD] XAU/USD/30m → 500 bougies
2026-05-02 08:05:48,278 | INFO     | data.gold_provider | [GOLD/TD] XAU/USD/15m → 500 bougies
2026-05-02 08:05:49,917 | INFO     | data.gold_provider | [GOLD/TD] XAU/USD/5m → 500 bougies
2026-05-02 08:05:51,386 | INFO     | data.gold_provider | [GOLD/TD] XAU/USD/1m → 500 bougies
2026-05-02 08:05:52,921 | INFO     | data.gold_provider | [GOLD/TD] XAU/USD/1d → 500 bougies
INFO:     127.0.0.1:63631 - "GET /api/state HTTP/1.1" 200 OK
2026-05-02 08:07:20,255 | INFO     | execution.signal_manager | [SIGNAL] PAXG/USDT VENTE score=5/11 confs=['EMA200-H4 baissier', 'OB/FVG 30m (fvg)', 'OB/FVG double conf 15m', 'TRIX 5m', 'ADX régime RANGE'] cid=da4f74523f46
INFO:     127.0.0.1:50469 - "GET /api/state HTTP/1.1" 200 OK
INFO:     127.0.0.1:63783 - "GET /api/state HTTP/1.1" 200 OK
2026-05-02 08:08:54,827 | INFO     | data.gold_provider | [GOLD/TD] XAU/USD/4h → 500 bougies
2026-05-02 08:08:56,297 | INFO     | data.gold_provider | [GOLD/TD] XAU/USD/2h → 500 bougies
2026-05-02 08:08:57,744 | INFO     | data.gold_provider | [GOLD/TD] XAU/USD/1h → 500 bougies
2026-05-02 08:08:59,398 | INFO     | data.gold_provider | [GOLD/TD] XAU/USD/30m → 500 bougies
2026-05-02 08:09:00,853 | INFO     | data.gold_provider | [GOLD/TD] XAU/USD/15m → 500 bougies
2026-05-02 08:09:02,335 | INFO     | data.gold_provider | [GOLD/TD] XAU/USD/5m → 500 bougies
2026-05-02 08:09:04,563 | INFO     | data.gold_provider | [GOLD/TD] XAU/USD/1m → 500 bougies
2026-05-02 08:09:06,026 | INFO     | data.gold_provider | [GOLD/TD] XAU/USD/1d → 500 bougies
INFO:     127.0.0.1:53228 - "GET /api/state HTTP/1.1" 200 OK
INFO:     127.0.0.1:53641 - "GET /api/state HTTP/1.1" 200 OK
INFO:     127.0.0.1:52540 - "GET /api/state HTTP/1.1" 200 OK
2026-05-02 08:12:01,741 | INFO     | assistant.voice_engine | [VOICE] Parole RMS=0.0025 — Whisper lancé
2026-05-02 08:12:01,742 | INFO     | faster_whisper | Processing audio with duration 00:01.980
2026-05-02 08:12:01,746 | INFO     | faster_whisper | VAD filter removed 00:01.552 of audio
2026-05-02 08:12:03,872 | INFO     | assistant.voice_engine | [VOICE] Transcription: 'sous-titres réalisés par la communauté d'amara.org'
2026-05-02 08:12:03,873 | INFO     | assistant.voice_engine | [VOICE] Parole RMS=0.0119 — Whisper lancé
2026-05-02 08:12:03,873 | INFO     | faster_whisper | Processing audio with duration 00:01.980
2026-05-02 08:12:03,878 | INFO     | faster_whisper | VAD filter removed 00:00.876 of audio
2026-05-02 08:12:07,627 | INFO     | data.gold_provider | [GOLD/TD] XAU/USD/4h → 500 bougies
2026-05-02 08:12:09,113 | INFO     | data.gold_provider | [GOLD/TD] XAU/USD/2h → 500 bougies
2026-05-02 08:12:10,698 | INFO     | data.gold_provider | [GOLD/TD] XAU/USD/1h → 500 bougies
2026-05-02 08:12:11,449 | INFO     | assistant.voice_engine | [VOICE] Transcription: 'merci, au revoir.'
2026-05-02 08:12:12,346 | INFO     | data.gold_provider | [GOLD/TD] XAU/USD/30m → 500 bougies
2026-05-02 08:12:13,785 | INFO     | data.gold_provider | [GOLD/TD] XAU/USD/15m → 500 bougies
2026-05-02 08:12:15,228 | INFO     | data.gold_provider | [GOLD/TD] XAU/USD/5m → 500 bougies
2026-05-02 08:12:16,726 | INFO     | data.gold_provider | [GOLD/TD] XAU/USD/1m → 500 bougies
2026-05-02 08:12:18,159 | INFO     | data.gold_provider | [GOLD/TD] XAU/USD/1d → 500 bougies
2026-05-02 08:12:23,002 | INFO     | execution.signal_manager | [SIGNAL] PAXG/USDT VENTE score=7/11 confs=['EMA200-H4 baissier', 'OB/FVG 30m (fvg)', 'OB/FVG double conf 15m', 'Rejet 5m/15m', 'TRIX 5m', 'Delta volume confirme', 'ADX régime RANGE'] cid=591cac3353ed
2026-05-02 08:12:23,373 | INFO     | notifications.telegram | [TG] Alerte envoyée PAXG/USDT score=7
2026-05-02 08:12:23,452 | INFO     | notifications.telegram | [TG] Alerte envoyée PAXG/USDT score=7
INFO:     127.0.0.1:64780 - "GET /api/state HTTP/1.1" 200 OK
2026-05-02 08:13:19,471 | INFO     | assistant.voice_engine | [VOICE] Parole RMS=0.0022 — Whisper lancé
2026-05-02 08:13:19,473 | INFO     | faster_whisper | Processing audio with duration 00:01.980
2026-05-02 08:13:19,477 | INFO     | faster_whisper | VAD filter removed 00:01.424 of audio
2026-05-02 08:13:21,305 | INFO     | assistant.voice_engine | [VOICE] Transcription: 'super.'
2026-05-02 08:13:21,307 | INFO     | assistant.voice_engine | [VOICE] Parole RMS=0.0066 — Whisper lancé
2026-05-02 08:13:21,307 | INFO     | faster_whisper | Processing audio with duration 00:01.980
2026-05-02 08:13:21,311 | INFO     | faster_whisper | VAD filter removed 00:00.192 of audio
2026-05-02 08:13:23,310 | INFO     | assistant.voice_engine | [VOICE] Transcription: 'c'est super, d'ailleurs. normal.'
2026-05-02 08:13:23,312 | INFO     | assistant.voice_engine | [VOICE] Parole RMS=0.0064 — Whisper lancé
2026-05-02 08:13:23,312 | INFO     | faster_whisper | Processing audio with duration 00:01.980
2026-05-02 08:13:23,312 | INFO     | faster_whisper | VAD filter removed 00:00.848 of audio
2026-05-02 08:13:25,113 | INFO     | assistant.voice_engine | [VOICE] Transcription: 'oh'
2026-05-02 08:13:25,114 | INFO     | assistant.voice_engine | [VOICE] Parole RMS=0.0099 — Whisper lancé
2026-05-02 08:13:25,114 | INFO     | faster_whisper | Processing audio with duration 00:01.980
2026-05-02 08:13:25,119 | INFO     | faster_whisper | VAD filter removed 00:00.400 of audio
INFO:     127.0.0.1:59039 - "GET /api/state HTTP/1.1" 200 OK
2026-05-02 08:13:27,215 | INFO     | assistant.voice_engine | [VOICE] Transcription: 'ça y est, ça y est, ça y est, ça y est'
2026-05-02 08:13:27,215 | INFO     | assistant.voice_engine | [VOICE] Parole RMS=0.0043 — Whisper lancé
2026-05-02 08:13:27,217 | INFO     | faster_whisper | Processing audio with duration 00:01.980
2026-05-02 08:13:27,217 | INFO     | faster_whisper | VAD filter removed 00:00.172 of audio
2026-05-02 08:13:36,065 | INFO     | assistant.voice_engine | [VOICE] Transcription: 'je ne sais pas.'
2026-05-02 08:13:36,337 | INFO     | assistant.voice_engine | [VOICE] Parole RMS=0.0022 — Whisper lancé
2026-05-02 08:13:36,337 | INFO     | faster_whisper | Processing audio with duration 00:01.980
2026-05-02 08:13:36,337 | INFO     | faster_whisper | VAD filter removed 00:01.424 of audio
2026-05-02 08:13:38,370 | INFO     | assistant.voice_engine | [VOICE] Transcription: 'sous-titres réalisés par la communauté d'amara.org'
2026-05-02 08:13:44,547 | INFO     | assistant.voice_engine | [VOICE] Parole RMS=0.0020 — Whisper lancé
2026-05-02 08:13:44,548 | INFO     | faster_whisper | Processing audio with duration 00:01.980
2026-05-02 08:13:44,552 | INFO     | faster_whisper | VAD filter removed 00:01.136 of audio
2026-05-02 08:13:46,626 | INFO     | assistant.voice_engine | [VOICE] Transcription: 'sous-titres réalisés par la communauté d'amara.org'
2026-05-02 08:13:46,628 | INFO     | assistant.voice_engine | [VOICE] Parole RMS=0.0042 — Whisper lancé
2026-05-02 08:13:46,628 | INFO     | faster_whisper | Processing audio with duration 00:01.980
2026-05-02 08:13:46,633 | INFO     | faster_whisper | VAD filter removed 00:00.080 of audio
2026-05-02 08:13:50,255 | INFO     | assistant.voice_engine | [VOICE] Transcription: 'j'ai sorti, j'ai sorti, j'ai sorti, j'ai sorti.'
2026-05-02 08:13:50,257 | INFO     | assistant.voice_engine | [VOICE] Parole RMS=0.0037 — Whisper lancé
2026-05-02 08:13:50,257 | INFO     | faster_whisper | Processing audio with duration 00:01.980
2026-05-02 08:13:50,257 | INFO     | faster_whisper | VAD filter removed 00:00.608 of audio
2026-05-02 08:13:52,111 | INFO     | assistant.voice_engine | [VOICE] Transcription: 'au revoir.'
2026-05-02 08:13:52,111 | INFO     | assistant.voice_engine | [VOICE] Parole RMS=0.0033 — Whisper lancé
2026-05-02 08:13:52,113 | INFO     | faster_whisper | Processing audio with duration 00:01.980
2026-05-02 08:13:52,115 | INFO     | faster_whisper | VAD filter removed 00:00.876 of audio
2026-05-02 08:14:02,639 | INFO     | assistant.voice_engine | [VOICE] Transcription: 'merci beaucoup.'
2026-05-02 08:14:23,967 | INFO     | assistant.voice_engine | [VOICE] Parole RMS=0.0024 — Whisper lancé
2026-05-02 08:14:23,967 | INFO     | faster_whisper | Processing audio with duration 00:01.980
2026-05-02 08:14:23,967 | INFO     | faster_whisper | VAD filter removed 00:01.520 of audio
INFO:     127.0.0.1:59347 - "GET /api/state HTTP/1.1" 200 OK
2026-05-02 08:14:26,044 | INFO     | assistant.voice_engine | [VOICE] Transcription: 'sous-titres réalisés par la communauté d'amara.org'
2026-05-02 08:14:26,045 | INFO     | assistant.voice_engine | [VOICE] Parole RMS=0.0027 — Whisper lancé
2026-05-02 08:14:26,045 | INFO     | faster_whisper | Processing audio with duration 00:01.980
2026-05-02 08:14:26,049 | INFO     | faster_whisper | VAD filter removed 00:00.844 of audio
2026-05-02 08:14:37,893 | INFO     | assistant.voice_engine | [VOICE] Parole RMS=0.0026 — Whisper lancé
2026-05-02 08:14:37,894 | INFO     | faster_whisper | Processing audio with duration 00:01.980
2026-05-02 08:14:37,898 | INFO     | faster_whisper | VAD filter removed 00:01.520 of audio
2026-05-02 08:14:39,995 | INFO     | assistant.voice_engine | [VOICE] Transcription: 'sous-titres réalisés par la communauté d'amara.org'
2026-05-02 08:14:39,996 | INFO     | assistant.voice_engine | [VOICE] Parole RMS=0.0043 — Whisper lancé
2026-05-02 08:14:39,996 | INFO     | faster_whisper | Processing audio with duration 00:01.980
2026-05-02 08:14:40,001 | INFO     | faster_whisper | VAD filter removed 00:00.112 of audio
2026-05-02 08:14:46,053 | INFO     | assistant.voice_engine | [VOICE] Transcription: 'c'est un peu comme ça.'
2026-05-02 08:14:46,062 | INFO     | assistant.voice_engine | [VOICE] Parole RMS=0.0084 — Whisper lancé
2026-05-02 08:14:46,064 | INFO     | faster_whisper | Processing audio with duration 00:01.980
2026-05-02 08:14:46,069 | INFO     | faster_whisper | VAD filter removed 00:00.000 of audio
2026-05-02 08:14:48,068 | INFO     | assistant.voice_engine | [VOICE] Transcription: 'avec les gens avec le point de vue.'
2026-05-02 08:14:48,070 | INFO     | assistant.voice_engine | [VOICE] Parole RMS=0.0059 — Whisper lancé
2026-05-02 08:14:48,070 | INFO     | faster_whisper | Processing audio with duration 00:01.980
2026-05-02 08:14:48,074 | INFO     | faster_whisper | VAD filter removed 00:00.176 of audio
2026-05-02 08:14:52,658 | INFO     | assistant.voice_engine | [VOICE] Transcription: 'merci.'
2026-05-02 08:14:58,717 | INFO     | assistant.voice_engine | [VOICE] Parole RMS=0.0022 — Whisper lancé
2026-05-02 08:14:58,718 | INFO     | faster_whisper | Processing audio with duration 00:01.980
2026-05-02 08:14:58,724 | INFO     | faster_whisper | VAD filter removed 00:01.424 of audio
2026-05-02 08:15:00,701 | INFO     | assistant.voice_engine | [VOICE] Parole RMS=0.0089 — Whisper lancé
2026-05-02 08:15:00,702 | INFO     | faster_whisper | Processing audio with duration 00:01.980
2026-05-02 08:15:00,705 | INFO     | faster_whisper | VAD filter removed 00:00.000 of audio
2026-05-02 08:15:02,949 | INFO     | assistant.voice_engine | [VOICE] Parole RMS=0.0064 — Whisper lancé
2026-05-02 08:15:02,950 | INFO     | faster_whisper | Processing audio with duration 00:01.980
2026-05-02 08:15:02,954 | INFO     | faster_whisper | VAD filter removed 00:01.020 of audio
2026-05-02 08:15:07,424 | INFO     | assistant.voice_engine | [VOICE] Transcription: 'aller'
2026-05-02 08:15:07,426 | INFO     | assistant.voice_engine | [VOICE] Parole RMS=0.0088 — Whisper lancé
2026-05-02 08:15:07,426 | INFO     | faster_whisper | Processing audio with duration 00:01.980
2026-05-02 08:15:07,432 | INFO     | faster_whisper | VAD filter removed 00:01.008 of audio
2026-05-02 08:15:09,340 | INFO     | assistant.voice_engine | [VOICE] Transcription: 'au revoir.'
2026-05-02 08:15:12,371 | INFO     | assistant.voice_engine | [VOICE] Parole RMS=0.0027 — Whisper lancé
2026-05-02 08:15:12,373 | INFO     | faster_whisper | Processing audio with duration 00:01.980
2026-05-02 08:15:12,376 | INFO     | faster_whisper | VAD filter removed 00:01.488 of audio
2026-05-02 08:15:14,557 | INFO     | assistant.voice_engine | [VOICE] Transcription: 'sous-titres réalisés par la communauté d'amara.org'
2026-05-02 08:15:14,557 | INFO     | assistant.voice_engine | [VOICE] Parole RMS=0.0061 — Whisper lancé
2026-05-02 08:15:14,558 | INFO     | faster_whisper | Processing audio with duration 00:01.980
2026-05-02 08:15:14,562 | INFO     | faster_whisper | VAD filter removed 00:00.396 of audio
2026-05-02 08:15:16,657 | INFO     | assistant.voice_engine | [VOICE] Parole RMS=0.0044 — Whisper lancé
2026-05-02 08:15:16,659 | INFO     | faster_whisper | Processing audio with duration 00:01.980
2026-05-02 08:15:16,659 | INFO     | faster_whisper | VAD filter removed 00:00.272 of audio
2026-05-02 08:15:19,816 | INFO     | data.gold_provider | [GOLD/TD] XAU/USD/4h → 500 bougies
2026-05-02 08:15:21,380 | INFO     | data.gold_provider | [GOLD/TD] XAU/USD/2h → 500 bougies
2026-05-02 08:15:22,869 | INFO     | data.gold_provider | [GOLD/TD] XAU/USD/1h → 500 bougies
2026-05-02 08:15:24,364 | INFO     | data.gold_provider | [GOLD/TD] XAU/USD/30m → 500 bougies
INFO:     127.0.0.1:63691 - "GET /api/state HTTP/1.1" 200 OK
2026-05-02 08:15:25,860 | INFO     | data.gold_provider | [GOLD/TD] XAU/USD/15m → 500 bougies
2026-05-02 08:15:27,408 | INFO     | data.gold_provider | [GOLD/TD] XAU/USD/5m → 500 bougies
2026-05-02 08:15:28,878 | INFO     | data.gold_provider | [GOLD/TD] XAU/USD/1m → 500 bougies
2026-05-02 08:15:28,989 | INFO     | assistant.voice_engine | [VOICE] Transcription: 'd'autres fichiers.'
2026-05-02 08:15:30,315 | INFO     | data.gold_provider | [GOLD/TD] XAU/USD/1d → 500 bougies
2026-05-02 08:15:32,103 | INFO     | assistant.voice_engine | [VOICE] Parole RMS=0.0024 — Whisper lancé
2026-05-02 08:15:32,105 | INFO     | faster_whisper | Processing audio with duration 00:01.980
2026-05-02 08:15:32,109 | INFO     | faster_whisper | VAD filter removed 00:01.520 of audio
2026-05-02 08:15:34,086 | INFO     | assistant.voice_engine | [VOICE] Transcription: 'ok'
2026-05-02 08:15:35,942 | INFO     | assistant.voice_engine | [VOICE] Parole RMS=0.0021 — Whisper lancé
2026-05-02 08:15:35,943 | INFO     | faster_whisper | Processing audio with duration 00:01.980
2026-05-02 08:15:35,947 | INFO     | faster_whisper | VAD filter removed 00:01.200 of audio
2026-05-02 08:15:37,990 | INFO     | assistant.voice_engine | [VOICE] Transcription: 'merci.'
2026-05-02 08:15:59,938 | INFO     | assistant.voice_engine | [VOICE] Parole RMS=0.0020 — Whisper lancé
2026-05-02 08:15:59,945 | INFO     | faster_whisper | Processing audio with duration 00:01.980
2026-05-02 08:15:59,945 | INFO     | faster_whisper | VAD filter removed 00:01.980 of audio
2026-05-02 08:16:00,424 | INFO     | assistant.voice_engine | [VOICE] Parole RMS=0.0044 — Whisper lancé
2026-05-02 08:16:00,426 | INFO     | faster_whisper | Processing audio with duration 00:01.980
2026-05-02 08:16:00,426 | INFO     | faster_whisper | VAD filter removed 00:01.104 of audio
2026-05-02 08:16:02,439 | INFO     | assistant.voice_engine | [VOICE] Transcription: 'bon, ok, je pense.'
2026-05-02 08:16:02,440 | INFO     | assistant.voice_engine | [VOICE] Parole RMS=0.0060 — Whisper lancé
2026-05-02 08:16:02,440 | INFO     | faster_whisper | Processing audio with duration 00:01.980
2026-05-02 08:16:02,443 | INFO     | faster_whisper | VAD filter removed 00:00.588 of audio
2026-05-02 08:16:04,414 | INFO     | assistant.voice_engine | [VOICE] Transcription: 'c'est une'
2026-05-02 08:16:04,627 | INFO     | assistant.voice_engine | [VOICE] Parole RMS=0.0022 — Whisper lancé
2026-05-02 08:16:04,629 | INFO     | faster_whisper | Processing audio with duration 00:01.980
2026-05-02 08:16:04,632 | INFO     | faster_whisper | VAD filter removed 00:01.456 of audio
2026-05-02 08:16:06,791 | INFO     | assistant.voice_engine | [VOICE] Transcription: 'sous-titres réalisés par la communauté d'amara.org'
2026-05-02 08:16:06,792 | INFO     | assistant.voice_engine | [VOICE] Parole RMS=0.0052 — Whisper lancé
2026-05-02 08:16:06,792 | INFO     | faster_whisper | Processing audio with duration 00:01.980
2026-05-02 08:16:06,797 | INFO     | faster_whisper | VAD filter removed 00:00.112 of audio
2026-05-02 08:16:13,332 | INFO     | assistant.voice_engine | [VOICE] Transcription: 'je vais vous écraser pour la prochaine.'
2026-05-02 08:16:13,333 | INFO     | assistant.voice_engine | [VOICE] Parole RMS=0.0027 — Whisper lancé
2026-05-02 08:16:13,333 | INFO     | faster_whisper | Processing audio with duration 00:01.980
2026-05-02 08:16:13,337 | INFO     | faster_whisper | VAD filter removed 00:01.004 of audio
2026-05-02 08:16:15,399 | INFO     | assistant.voice_engine | [VOICE] Transcription: 's'envole.'
2026-05-02 08:16:15,400 | INFO     | assistant.voice_engine | [VOICE] Parole RMS=0.0028 — Whisper lancé
2026-05-02 08:16:15,401 | INFO     | faster_whisper | Processing audio with duration 00:01.980
2026-05-02 08:16:15,404 | INFO     | faster_whisper | VAD filter removed 00:00.412 of audio
2026-05-02 08:16:24,703 | INFO     | assistant.voice_engine | [VOICE] Transcription: 'c'est pas mal.'
INFO:     127.0.0.1:54730 - "GET /api/state HTTP/1.1" 200 OK
2026-05-02 08:16:52,713 | INFO     | assistant.voice_engine | [VOICE] Parole RMS=0.0021 — Whisper lancé
2026-05-02 08:16:52,716 | INFO     | faster_whisper | Processing audio with duration 00:01.980
2026-05-02 08:16:52,720 | INFO     | faster_whisper | VAD filter removed 00:01.520 of audio
2026-05-02 08:16:54,792 | INFO     | assistant.voice_engine | [VOICE] Transcription: 'sous-titres réalisés par la communauté d'amara.org'
2026-05-02 08:16:54,793 | INFO     | assistant.voice_engine | [VOICE] Parole RMS=0.0028 — Whisper lancé
2026-05-02 08:16:54,793 | INFO     | faster_whisper | Processing audio with duration 00:01.980
2026-05-02 08:16:54,797 | INFO     | faster_whisper | VAD filter removed 00:00.940 of audio
2026-05-02 08:16:56,680 | INFO     | assistant.voice_engine | [VOICE] Transcription: 'merci.'
2026-05-02 08:17:23,982 | INFO     | execution.signal_manager | [SIGNAL] PAXG/USDT VENTE score=7/11 confs=['EMA200-H4 baissier', 'OB/FVG 30m (fvg)', 'OB/FVG double conf 15m', 'Rejet 5m/15m', 'TRIX 5m', 'Delta volume confirme', 'ADX régime RANGE'] cid=bd1e24b6eaef
2026-05-02 08:17:24,328 | INFO     | notifications.telegram | [TG] Alerte envoyée PAXG/USDT score=7
2026-05-02 08:17:24,452 | INFO     | notifications.telegram | [TG] Alerte envoyée PAXG/USDT score=7
INFO:     127.0.0.1:63281 - "GET /api/state HTTP/1.1" 200 OK
2026-05-02 08:18:15,403 | INFO     | assistant.voice_engine | [VOICE] Parole RMS=0.0032 — Whisper lancé
2026-05-02 08:18:15,404 | INFO     | faster_whisper | Processing audio with duration 00:01.980
2026-05-02 08:18:15,408 | INFO     | faster_whisper | VAD filter removed 00:01.980 of audio
2026-05-02 08:18:15,882 | INFO     | assistant.voice_engine | [VOICE] Parole RMS=0.0083 — Whisper lancé
2026-05-02 08:18:15,884 | INFO     | faster_whisper | Processing audio with duration 00:01.980
2026-05-02 08:18:15,888 | INFO     | faster_whisper | VAD filter removed 00:01.980 of audio
2026-05-02 08:18:16,362 | INFO     | assistant.voice_engine | [VOICE] Parole RMS=0.0083 — Whisper lancé
2026-05-02 08:18:16,364 | INFO     | faster_whisper | Processing audio with duration 00:01.980
2026-05-02 08:18:16,369 | INFO     | faster_whisper | VAD filter removed 00:01.980 of audio
2026-05-02 08:18:16,843 | INFO     | assistant.voice_engine | [VOICE] Parole RMS=0.0083 — Whisper lancé
2026-05-02 08:18:16,843 | INFO     | faster_whisper | Processing audio with duration 00:01.980
2026-05-02 08:18:16,848 | INFO     | faster_whisper | VAD filter removed 00:01.980 of audio
2026-05-02 08:18:17,322 | INFO     | assistant.voice_engine | [VOICE] Parole RMS=0.0083 — Whisper lancé
2026-05-02 08:18:17,325 | INFO     | faster_whisper | Processing audio with duration 00:01.980
2026-05-02 08:18:17,331 | INFO     | faster_whisper | VAD filter removed 00:01.420 of audio
2026-05-02 08:18:20,107 | INFO     | assistant.voice_engine | [VOICE] Transcription: 'sous-titres réalisés par la communauté d'amara.org'
2026-05-02 08:18:20,108 | INFO     | assistant.voice_engine | [VOICE] Parole RMS=0.0176 — Whisper lancé
2026-05-02 08:18:20,108 | INFO     | faster_whisper | Processing audio with duration 00:01.980
2026-05-02 08:18:20,114 | INFO     | faster_whisper | VAD filter removed 00:01.232 of audio
2026-05-02 08:18:22,506 | INFO     | assistant.voice_engine | [VOICE] Transcription: 'c'est simple.'
2026-05-02 08:18:22,508 | INFO     | assistant.voice_engine | [VOICE] Parole RMS=0.0273 — Whisper lancé
2026-05-02 08:18:22,509 | INFO     | faster_whisper | Processing audio with duration 00:01.980
2026-05-02 08:18:22,514 | INFO     | faster_whisper | VAD filter removed 00:00.000 of audio
INFO:     127.0.0.1:54975 - "GET /api/state HTTP/1.1" 200 OK
2026-05-02 08:18:31,967 | INFO     | data.gold_provider | [GOLD/TD] XAU/USD/4h → 500 bougies
2026-05-02 08:18:33,365 | INFO     | assistant.voice_engine | [VOICE] Transcription: 'on est vieux d'autres fois.'
2026-05-02 08:18:33,442 | INFO     | assistant.voice_engine | [VOICE] Parole RMS=0.0065 — Whisper lancé
2026-05-02 08:18:33,461 | INFO     | data.gold_provider | [GOLD/TD] XAU/USD/2h → 500 bougies
2026-05-02 08:18:33,461 | INFO     | faster_whisper | Processing audio with duration 00:01.980
2026-05-02 08:18:33,467 | INFO     | faster_whisper | VAD filter removed 00:01.072 of audio
2026-05-02 08:18:34,996 | INFO     | data.gold_provider | [GOLD/TD] XAU/USD/1h → 500 bougies
2026-05-02 08:18:35,596 | INFO     | assistant.voice_engine | [VOICE] Parole RMS=0.0080 — Whisper lancé
2026-05-02 08:18:35,597 | INFO     | faster_whisper | Processing audio with duration 00:01.980
2026-05-02 08:18:35,604 | INFO     | faster_whisper | VAD filter removed 00:00.000 of audio
2026-05-02 08:18:36,532 | INFO     | data.gold_provider | [GOLD/TD] XAU/USD/30m → 500 bougies
2026-05-02 08:18:38,035 | INFO     | data.gold_provider | [GOLD/TD] XAU/USD/15m → 500 bougies
2026-05-02 08:18:38,379 | INFO     | assistant.voice_engine | [VOICE] Transcription: 'je vous remercie d'avoir regardé la vidéo. merci d'avoir regardé.'
2026-05-02 08:18:38,380 | INFO     | assistant.voice_engine | [VOICE] Parole RMS=0.0069 — Whisper lancé
2026-05-02 08:18:38,381 | INFO     | faster_whisper | Processing audio with duration 00:01.980
2026-05-02 08:18:38,385 | INFO     | faster_whisper | VAD filter removed 00:01.392 of audio
2026-05-02 08:18:39,817 | INFO     | data.gold_provider | [GOLD/TD] XAU/USD/5m → 500 bougies
2026-05-02 08:18:40,875 | INFO     | assistant.voice_engine | [VOICE] Transcription: 'merci d'avoir regardé la vidéo.'
2026-05-02 08:18:40,877 | INFO     | assistant.voice_engine | [VOICE] Parole RMS=0.0021 — Whisper lancé
2026-05-02 08:18:40,877 | INFO     | faster_whisper | Processing audio with duration 00:01.980
2026-05-02 08:18:40,882 | INFO     | faster_whisper | VAD filter removed 00:01.196 of audio
2026-05-02 08:18:41,336 | INFO     | data.gold_provider | [GOLD/TD] XAU/USD/1m → 500 bougies
2026-05-02 08:18:42,843 | INFO     | data.gold_provider | [GOLD/TD] XAU/USD/1d → 500 bougies
2026-05-02 08:18:43,451 | INFO     | assistant.voice_engine | [VOICE] Transcription: 'sous-titres réalisés par la communauté d'amara.org'
2026-05-02 08:19:06,148 | INFO     | engine.learning_engine | [LEARNING] BTC/USDT poids adaptés journal paper (215 trades, critères: 0 actifs)
2026-05-02 08:19:06,150 | INFO     | engine.learning_engine | [LEARNING] PAXG/USDT poids adaptés journal paper (59 trades, critères: 0 actifs)
INFO:     127.0.0.1:55441 - "GET /api/state HTTP/1.1" 200 OK
2026-05-02 08:20:07,247 | INFO     | assistant.voice_engine | [VOICE] Parole RMS=0.0023 — Whisper lancé
2026-05-02 08:20:07,248 | INFO     | faster_whisper | Processing audio with duration 00:01.980
2026-05-02 08:20:07,252 | INFO     | faster_whisper | VAD filter removed 00:01.488 of audio
2026-05-02 08:20:09,317 | INFO     | assistant.voice_engine | [VOICE] Transcription: 'sous-titres réalisés par la communauté d'amara.org'
2026-05-02 08:20:09,318 | INFO     | assistant.voice_engine | [VOICE] Parole RMS=0.0047 — Whisper lancé
2026-05-02 08:20:09,318 | INFO     | faster_whisper | Processing audio with duration 00:01.980
2026-05-02 08:20:09,322 | INFO     | faster_whisper | VAD filter removed 00:00.076 of audio
2026-05-02 08:20:11,290 | INFO     | assistant.voice_engine | [VOICE] Transcription: 'c'est ça, c'est ça.'
2026-05-02 08:20:14,171 | INFO     | assistant.voice_engine | [VOICE] Parole RMS=0.0023 — Whisper lancé
2026-05-02 08:20:14,172 | INFO     | faster_whisper | Processing audio with duration 00:01.980
2026-05-02 08:20:14,177 | INFO     | faster_whisper | VAD filter removed 00:01.520 of audio
2026-05-02 08:20:16,334 | INFO     | assistant.voice_engine | [VOICE] Transcription: 'sous-titres réalisés par la communauté d'amara.org'
2026-05-02 08:20:16,334 | INFO     | assistant.voice_engine | [VOICE] Parole RMS=0.0042 — Whisper lancé
2026-05-02 08:20:16,335 | INFO     | faster_whisper | Processing audio with duration 00:01.980
2026-05-02 08:20:16,339 | INFO     | faster_whisper | VAD filter removed 00:01.356 of audio
2026-05-02 08:20:18,470 | INFO     | assistant.voice_engine | [VOICE] Transcription: 'sous-titres réalisés par la communauté d'amara.org'
2026-05-02 08:20:18,470 | INFO     | assistant.voice_engine | [VOICE] Parole RMS=0.0111 — Whisper lancé
2026-05-02 08:20:18,470 | INFO     | faster_whisper | Processing audio with duration 00:01.980
2026-05-02 08:20:18,474 | INFO     | faster_whisper | VAD filter removed 00:00.000 of audio
INFO:     127.0.0.1:54093 - "GET /api/state HTTP/1.1" 200 OK
INFO:     127.0.0.1:55312 - "GET /api/state HTTP/1.1" 200 OK
INFO:     127.0.0.1:63823 - "GET /api/state HTTP/1.1" 200 OK
INFO:     127.0.0.1:63823 - "GET /api/state HTTP/1.1" 200 OK
2026-05-02 08:21:44,448 | INFO     | data.gold_provider | [GOLD/TD] XAU/USD/4h → 500 bougies
2026-05-02 08:21:45,910 | INFO     | data.gold_provider | [GOLD/TD] XAU/USD/2h → 500 bougies
2026-05-02 08:21:47,496 | INFO     | data.gold_provider | [GOLD/TD] XAU/USD/1h → 500 bougies
INFO:     127.0.0.1:63823 - "GET /api/state HTTP/1.1" 200 OK
2026-05-02 08:21:48,944 | INFO     | data.gold_provider | [GOLD/TD] XAU/USD/30m → 500 bougies
2026-05-02 08:21:50,413 | INFO     | data.gold_provider | [GOLD/TD] XAU/USD/15m → 500 bougies
2026-05-02 08:21:51,895 | INFO     | data.gold_provider | [GOLD/TD] XAU/USD/5m → 500 bougies
INFO:     127.0.0.1:63823 - "GET /api/state HTTP/1.1" 200 OK
2026-05-02 08:21:53,359 | INFO     | data.gold_provider | [GOLD/TD] XAU/USD/1m → 500 bougies
2026-05-02 08:21:54,777 | INFO     | data.gold_provider | [GOLD/TD] XAU/USD/1d → 500 bougies
INFO:     127.0.0.1:52264 - "GET /api/state HTTP/1.1" 200 OK
INFO:     127.0.0.1:52264 - "GET /api/state HTTP/1.1" 200 OK
INFO:     127.0.0.1:52264 - "GET /api/state HTTP/1.1" 200 OK
INFO:     127.0.0.1:52264 - "GET /api/state HTTP/1.1" 200 OK
INFO:     127.0.0.1:52264 - "GET /api/state HTTP/1.1" 200 OK
INFO:     127.0.0.1:61435 - "GET /api/state HTTP/1.1" 200 OK
2026-05-02 08:22:24,754 | INFO     | execution.signal_manager | [SIGNAL] PAXG/USDT VENTE score=6/11 confs=['EMA200-H4 baissier', 'OB/FVG 30m (fvg)', 'OB/FVG double conf 15m', 'TRIX 5m', 'Delta volume confirme', 'ADX régime RANGE'] cid=5317dd6fa151
INFO:     127.0.0.1:61435 - "GET /api/state HTTP/1.1" 200 OK
INFO:     127.0.0.1:61435 - "GET /api/state HTTP/1.1" 200 OK
INFO:     127.0.0.1:61435 - "GET /api/state HTTP/1.1" 200 OK
INFO:     127.0.0.1:61435 - "GET /api/state HTTP/1.1" 200 OK
INFO:     127.0.0.1:55331 - "GET /api/state HTTP/1.1" 200 OK
INFO:     127.0.0.1:55331 - "GET /api/state HTTP/1.1" 200 OK
INFO:     127.0.0.1:55331 - "GET /api/state HTTP/1.1" 200 OK
INFO:     127.0.0.1:55331 - "GET /api/state HTTP/1.1" 200 OK
INFO:     127.0.0.1:55331 - "GET /api/state HTTP/1.1" 200 OK
INFO:     127.0.0.1:55331 - "GET /api/state HTTP/1.1" 200 OK
INFO:     127.0.0.1:57121 - "GET /api/state HTTP/1.1" 200 OK
INFO:     127.0.0.1:57121 - "GET /api/state HTTP/1.1" 200 OK
INFO:     127.0.0.1:57121 - "GET /api/state HTTP/1.1" 200 OK
INFO:     127.0.0.1:57121 - "GET /api/state HTTP/1.1" 200 OK
INFO:     127.0.0.1:57121 - "GET /api/state HTTP/1.1" 200 OK
INFO:     127.0.0.1:57121 - "GET /api/state HTTP/1.1" 200 OK
INFO:     127.0.0.1:51174 - "GET /api/state HTTP/1.1" 200 OK
2026-05-02 08:24:56,280 | INFO     | data.gold_provider | [GOLD/TD] XAU/USD/4h → 500 bougies
2026-05-02 08:24:57,729 | INFO     | data.gold_provider | [GOLD/TD] XAU/USD/2h → 500 bougies
2026-05-02 08:24:59,178 | INFO     | data.gold_provider | [GOLD/TD] XAU/USD/1h → 500 bougies
2026-05-02 08:25:00,640 | INFO     | data.gold_provider | [GOLD/TD] XAU/USD/30m → 500 bougies
2026-05-02 08:25:02,082 | INFO     | data.gold_provider | [GOLD/TD] XAU/USD/15m → 500 bougies
2026-05-02 08:25:05,107 | INFO     | data.gold_provider | [GOLD/TD] XAU/USD/5m → 500 bougies
2026-05-02 08:25:06,707 | INFO     | data.gold_provider | [GOLD/TD] XAU/USD/1m → 500 bougies
2026-05-02 08:25:08,253 | INFO     | data.gold_provider | [GOLD/TD] XAU/USD/1d → 500 bougies
2026-05-02 08:25:18,515 | INFO     | execution.signal_manager | [SIGNAL] BTC/USDT ACHAT score=6/11 confs=['EMA200-H4 haussier', 'OB/FVG 30m (fvg)', 'OB/FVG double conf 15m', 'TRIX 5m', 'Delta volume confirme', 'ADX régime RANGE'] cid=b20f94f86699
2026-05-02 08:25:18,536 | INFO     | execution.paper_trading | [PAPER] ✅ OUVERTURE BTC/USDT LONG | prix=78206.7059 size=179.1$ sl=78050.3863 tp1=78245.7858 tp2=78292.6817 tp3=78331.7616 | score=6 cid=b20f94f86699
INFO:     127.0.0.1:58557 - "GET /api/state HTTP/1.1" 200 OK
INFO:     127.0.0.1:56394 - "GET /api/state HTTP/1.1" 200 OK
2026-05-02 08:27:25,221 | INFO     | execution.signal_manager | [SIGNAL] PAXG/USDT VENTE score=7/11 confs=['EMA200-H4 baissier', 'OB/FVG 30m (fvg)', 'OB/FVG double conf 15m', 'Rejet 5m/15m', 'TRIX 5m', 'Delta volume confirme', 'ADX régime RANGE'] cid=a508c5be3c86
INFO:     127.0.0.1:65113 - "GET /api/state HTTP/1.1" 200 OK
2026-05-02 08:27:25,389 | INFO     | notifications.telegram | [TG] Alerte envoyée PAXG/USDT score=7
2026-05-02 08:27:25,468 | INFO     | notifications.telegram | [TG] Alerte envoyée PAXG/USDT score=7
2026-05-02 08:27:39,719 | INFO     | assistant.voice_engine | [VOICE] Parole RMS=0.0076 — Whisper lancé
2026-05-02 08:27:39,720 | INFO     | faster_whisper | Processing audio with duration 00:01.980
2026-05-02 08:27:39,724 | INFO     | faster_whisper | VAD filter removed 00:01.552 of audio
2026-05-02 08:27:41,818 | INFO     | assistant.voice_engine | [VOICE] Transcription: 'sous-titres réalisés par la communauté d'amara.org'
2026-05-02 08:27:44,186 | INFO     | assistant.voice_engine | [VOICE] Parole RMS=0.0045 — Whisper lancé
2026-05-02 08:27:44,189 | INFO     | faster_whisper | Processing audio with duration 00:01.980
2026-05-02 08:27:44,192 | INFO     | faster_whisper | VAD filter removed 00:01.520 of audio
2026-05-02 08:27:46,170 | INFO     | assistant.voice_engine | [VOICE] Parole RMS=0.0115 — Whisper lancé
2026-05-02 08:27:46,171 | INFO     | faster_whisper | Processing audio with duration 00:01.980
2026-05-02 08:27:46,176 | INFO     | faster_whisper | VAD filter removed 00:00.000 of audio
2026-05-02 08:27:57,895 | INFO     | assistant.voice_engine | [VOICE] Transcription: 'je pense qu'il y a beaucoup de choses qui ont été réalisées.'
2026-05-02 08:27:57,895 | INFO     | assistant.voice_engine | [VOICE] Parole RMS=0.0086 — Whisper lancé
2026-05-02 08:27:57,896 | INFO     | faster_whisper | Processing audio with duration 00:01.980
2026-05-02 08:27:57,899 | INFO     | faster_whisper | VAD filter removed 00:00.816 of audio
2026-05-02 08:28:00,145 | INFO     | assistant.voice_engine | [VOICE] Transcription: 's'il vous plaît, on se dit au revoir.'
2026-05-02 08:28:00,145 | INFO     | assistant.voice_engine | [VOICE] Parole RMS=0.0067 — Whisper lancé
2026-05-02 08:28:00,147 | INFO     | faster_whisper | Processing audio with duration 00:01.980
2026-05-02 08:28:00,150 | INFO     | faster_whisper | VAD filter removed 00:00.780 of audio
2026-05-02 08:28:02,183 | INFO     | assistant.voice_engine | [VOICE] Parole RMS=0.0042 — Whisper lancé
2026-05-02 08:28:02,185 | INFO     | faster_whisper | Processing audio with duration 00:01.980
2026-05-02 08:28:02,189 | INFO     | faster_whisper | VAD filter removed 00:01.008 of audio
2026-05-02 08:28:04,167 | INFO     | assistant.voice_engine | [VOICE] Transcription: '...'
2026-05-02 08:28:04,167 | INFO     | assistant.voice_engine | [VOICE] Parole RMS=0.0023 — Whisper lancé
2026-05-02 08:28:04,167 | INFO     | faster_whisper | Processing audio with duration 00:01.980
2026-05-02 08:28:04,167 | INFO     | faster_whisper | VAD filter removed 00:00.592 of audio
2026-05-02 08:28:06,151 | INFO     | assistant.voice_engine | [VOICE] Transcription: 'merci.'
2026-05-02 08:28:06,151 | INFO     | assistant.voice_engine | [VOICE] Parole RMS=0.0031 — Whisper lancé
2026-05-02 08:28:06,151 | INFO     | faster_whisper | Processing audio with duration 00:01.980
2026-05-02 08:28:06,156 | INFO     | faster_whisper | VAD filter removed 00:00.400 of audio
2026-05-02 08:28:08,218 | INFO     | assistant.voice_engine | [VOICE] Transcription: 'c'est convaincu, c'est convaincu.'
2026-05-02 08:28:08,220 | INFO     | assistant.voice_engine | [VOICE] Parole RMS=0.0037 — Whisper lancé
2026-05-02 08:28:08,220 | INFO     | faster_whisper | Processing audio with duration 00:01.980
2026-05-02 08:28:08,224 | INFO     | faster_whisper | VAD filter removed 00:00.608 of audio
2026-05-02 08:28:09,850 | INFO     | data.gold_provider | [GOLD/TD] XAU/USD/4h → 500 bougies
2026-05-02 08:28:10,954 | INFO     | assistant.voice_engine | [VOICE] Transcription: 'merci d'avoir regardé cette vidéo.'
2026-05-02 08:28:10,955 | INFO     | assistant.voice_engine | [VOICE] Parole RMS=0.0023 — Whisper lancé
2026-05-02 08:28:10,956 | INFO     | faster_whisper | Processing audio with duration 00:01.980
2026-05-02 08:28:10,960 | INFO     | faster_whisper | VAD filter removed 00:00.572 of audio
2026-05-02 08:28:11,385 | INFO     | data.gold_provider | [GOLD/TD] XAU/USD/2h → 500 bougies
2026-05-02 08:28:13,001 | INFO     | data.gold_provider | [GOLD/TD] XAU/USD/1h → 500 bougies
2026-05-02 08:28:13,169 | INFO     | assistant.voice_engine | [VOICE] Transcription: 'merci beaucoup'
2026-05-02 08:28:13,171 | INFO     | assistant.voice_engine | [VOICE] Parole RMS=0.0039 — Whisper lancé
2026-05-02 08:28:13,171 | INFO     | faster_whisper | Processing audio with duration 00:01.980
2026-05-02 08:28:13,176 | INFO     | faster_whisper | VAD filter removed 00:00.048 of audio
2026-05-02 08:28:14,526 | INFO     | data.gold_provider | [GOLD/TD] XAU/USD/30m → 500 bougies
2026-05-02 08:28:15,143 | INFO     | assistant.voice_engine | [VOICE] Transcription: 'c'est impossible'
2026-05-02 08:28:15,144 | INFO     | assistant.voice_engine | [VOICE] Parole RMS=0.0052 — Whisper lancé
2026-05-02 08:28:15,146 | INFO     | faster_whisper | Processing audio with duration 00:01.980
2026-05-02 08:28:15,149 | INFO     | faster_whisper | VAD filter removed 00:00.528 of audio
2026-05-02 08:28:16,119 | INFO     | data.gold_provider | [GOLD/TD] XAU/USD/15m → 500 bougies
2026-05-02 08:28:17,042 | INFO     | assistant.voice_engine | [VOICE] Parole RMS=0.0044 — Whisper lancé
2026-05-02 08:28:17,043 | INFO     | faster_whisper | Processing audio with duration 00:01.980
2026-05-02 08:28:17,046 | INFO     | faster_whisper | VAD filter removed 00:00.988 of audio
2026-05-02 08:28:17,670 | INFO     | data.gold_provider | [GOLD/TD] XAU/USD/5m → 500 bougies
2026-05-02 08:28:19,157 | INFO     | assistant.voice_engine | [VOICE] Transcription: 'merci.'
2026-05-02 08:28:19,231 | INFO     | data.gold_provider | [GOLD/TD] XAU/USD/1m → 500 bougies
2026-05-02 08:28:20,655 | INFO     | data.gold_provider | [GOLD/TD] XAU/USD/1d → 500 bougies
2026-05-02 08:28:22,549 | INFO     | assistant.voice_engine | [VOICE] Parole RMS=0.0024 — Whisper lancé
2026-05-02 08:28:22,549 | INFO     | faster_whisper | Processing audio with duration 00:01.980
2026-05-02 08:28:22,549 | INFO     | faster_whisper | VAD filter removed 00:01.980 of audio
2026-05-02 08:28:23,036 | INFO     | assistant.voice_engine | [VOICE] Parole RMS=0.0029 — Whisper lancé
2026-05-02 08:28:23,037 | INFO     | faster_whisper | Processing audio with duration 00:01.980
2026-05-02 08:28:23,040 | INFO     | faster_whisper | VAD filter removed 00:01.980 of audio
2026-05-02 08:28:23,516 | INFO     | assistant.voice_engine | [VOICE] Parole RMS=0.0029 — Whisper lancé
2026-05-02 08:28:23,517 | INFO     | faster_whisper | Processing audio with duration 00:01.980
2026-05-02 08:28:23,521 | INFO     | faster_whisper | VAD filter removed 00:01.980 of audio
2026-05-02 08:28:23,995 | INFO     | assistant.voice_engine | [VOICE] Parole RMS=0.0029 — Whisper lancé
2026-05-02 08:28:23,996 | INFO     | faster_whisper | Processing audio with duration 00:01.980
2026-05-02 08:28:24,001 | INFO     | faster_whisper | VAD filter removed 00:01.980 of audio
2026-05-02 08:28:24,476 | INFO     | assistant.voice_engine | [VOICE] Parole RMS=0.0029 — Whisper lancé
2026-05-02 08:28:24,476 | INFO     | faster_whisper | Processing audio with duration 00:01.980
2026-05-02 08:28:24,480 | INFO     | faster_whisper | VAD filter removed 00:01.980 of audio
INFO:     127.0.0.1:61775 - "GET /api/state HTTP/1.1" 200 OK
2026-05-02 08:28:43,113 | INFO     | assistant.voice_engine | [VOICE] Parole RMS=0.0021 — Whisper lancé
2026-05-02 08:28:43,115 | INFO     | faster_whisper | Processing audio with duration 00:01.980
2026-05-02 08:28:43,119 | INFO     | faster_whisper | VAD filter removed 00:01.456 of audio
2026-05-02 08:28:45,180 | INFO     | assistant.voice_engine | [VOICE] Transcription: 'sous-titres réalisés par la communauté d'amara.org'
2026-05-02 08:28:45,181 | INFO     | assistant.voice_engine | [VOICE] Parole RMS=0.0034 — Whisper lancé
2026-05-02 08:28:45,181 | INFO     | faster_whisper | Processing audio with duration 00:01.980
2026-05-02 08:28:45,185 | INFO     | faster_whisper | VAD filter removed 00:00.252 of audio
2026-05-02 08:28:54,451 | INFO     | assistant.voice_engine | [VOICE] Parole RMS=0.0039 — Whisper lancé
2026-05-02 08:28:54,451 | INFO     | faster_whisper | Processing audio with duration 00:01.980
2026-05-02 08:28:54,458 | INFO     | faster_whisper | VAD filter removed 00:01.980 of audio
2026-05-02 08:28:54,932 | INFO     | assistant.voice_engine | [VOICE] Parole RMS=0.0042 — Whisper lancé
2026-05-02 08:28:54,933 | INFO     | faster_whisper | Processing audio with duration 00:01.980
2026-05-02 08:28:54,937 | INFO     | faster_whisper | VAD filter removed 00:01.980 of audio
2026-05-02 08:28:55,412 | INFO     | assistant.voice_engine | [VOICE] Parole RMS=0.0042 — Whisper lancé
2026-05-02 08:28:55,413 | INFO     | faster_whisper | Processing audio with duration 00:01.980
2026-05-02 08:28:55,418 | INFO     | faster_whisper | VAD filter removed 00:01.980 of audio
2026-05-02 08:28:55,892 | INFO     | assistant.voice_engine | [VOICE] Parole RMS=0.0042 — Whisper lancé
2026-05-02 08:28:55,893 | INFO     | faster_whisper | Processing audio with duration 00:01.980
2026-05-02 08:28:55,898 | INFO     | faster_whisper | VAD filter removed 00:01.980 of audio
2026-05-02 08:28:56,371 | INFO     | assistant.voice_engine | [VOICE] Parole RMS=0.0041 — Whisper lancé
2026-05-02 08:28:56,372 | INFO     | faster_whisper | Processing audio with duration 00:01.980
2026-05-02 08:28:56,376 | INFO     | faster_whisper | VAD filter removed 00:01.548 of audio
2026-05-02 08:28:58,675 | INFO     | assistant.voice_engine | [VOICE] Transcription: 'sous-titres réalisés par la communauté d'amara.org'
INFO:     127.0.0.1:60329 - "GET /api/state HTTP/1.1" 200 OK
2026-05-02 08:29:29,213 | INFO     | assistant.voice_engine | [VOICE] Parole RMS=0.0020 — Whisper lancé
2026-05-02 08:29:29,213 | INFO     | faster_whisper | Processing audio with duration 00:01.980
2026-05-02 08:29:29,217 | INFO     | faster_whisper | VAD filter removed 00:01.168 of audio
2026-05-02 08:29:31,261 | INFO     | assistant.voice_engine | [VOICE] Transcription: 'c'est possible.'
2026-05-02 08:29:31,261 | INFO     | assistant.voice_engine | [VOICE] Parole RMS=0.0028 — Whisper lancé
2026-05-02 08:29:31,262 | INFO     | faster_whisper | Processing audio with duration 00:01.980
2026-05-02 08:29:31,266 | INFO     | faster_whisper | VAD filter removed 00:00.000 of audio
2026-05-02 08:29:33,332 | INFO     | assistant.voice_engine | [VOICE] Transcription: 'merci.'
2026-05-02 08:29:56,405 | INFO     | assistant.voice_engine | [VOICE] Parole RMS=0.0023 — Whisper lancé
2026-05-02 08:29:56,406 | INFO     | faster_whisper | Processing audio with duration 00:01.980
2026-05-02 08:29:56,411 | INFO     | faster_whisper | VAD filter removed 00:01.392 of audio
2026-05-02 08:29:59,550 | INFO     | assistant.voice_engine | [VOICE] Transcription: 'sous-titres réalisés par la communauté d'amara.org'
2026-05-02 08:29:59,550 | INFO     | assistant.voice_engine | [VOICE] Parole RMS=0.0056 — Whisper lancé
2026-05-02 08:29:59,552 | INFO     | faster_whisper | Processing audio with duration 00:01.980
2026-05-02 08:29:59,556 | INFO     | faster_whisper | VAD filter removed 00:00.304 of audio
2026-05-02 08:30:02,015 | INFO     | assistant.voice_engine | [VOICE] Transcription: 'et on y est, c'est quoi ?'
2026-05-02 08:30:02,017 | INFO     | assistant.voice_engine | [VOICE] Parole RMS=0.0092 — Whisper lancé
2026-05-02 08:30:02,018 | INFO     | faster_whisper | Processing audio with duration 00:01.980
2026-05-02 08:30:02,022 | INFO     | faster_whisper | VAD filter removed 00:00.080 of audio
2026-05-02 08:30:06,869 | INFO     | assistant.voice_engine | [VOICE] Transcription: 'non'
2026-05-02 08:30:06,871 | INFO     | assistant.voice_engine | [VOICE] Parole RMS=0.0271 — Whisper lancé
2026-05-02 08:30:06,871 | INFO     | faster_whisper | Processing audio with duration 00:01.980
2026-05-02 08:30:06,873 | INFO     | faster_whisper | VAD filter removed 00:00.000 of audio
2026-05-02 08:30:08,853 | INFO     | assistant.voice_engine | [VOICE] Transcription: 'ça a l'air un peu lancé'
2026-05-02 08:30:08,854 | INFO     | assistant.voice_engine | [VOICE] Parole RMS=0.0051 — Whisper lancé
2026-05-02 08:30:08,854 | INFO     | faster_whisper | Processing audio with duration 00:01.980
2026-05-02 08:30:08,858 | INFO     | faster_whisper | VAD filter removed 00:00.368 of audio
2026-05-02 08:30:11,038 | INFO     | assistant.voice_engine | [VOICE] Transcription: 'merci d'avoir regardé cette vidéo. merci d'avoir regardé cette vidéo.'
2026-05-02 08:30:11,039 | INFO     | assistant.voice_engine | [VOICE] Parole RMS=0.0161 — Whisper lancé
2026-05-02 08:30:11,039 | INFO     | faster_whisper | Processing audio with duration 00:01.980
2026-05-02 08:30:11,043 | INFO     | faster_whisper | VAD filter removed 00:00.160 of audio
2026-05-02 08:30:12,962 | INFO     | assistant.voice_engine | [VOICE] Transcription: 'on peut lancer avec adam.'
2026-05-02 08:30:12,966 | INFO     | assistant.voice_engine | [VOICE] Parole RMS=0.0150 — Whisper lancé
2026-05-02 08:30:12,966 | INFO     | faster_whisper | Processing audio with duration 00:01.980
2026-05-02 08:30:12,970 | INFO     | faster_whisper | VAD filter removed 00:00.000 of audio
2026-05-02 08:30:15,934 | INFO     | assistant.voice_engine | [VOICE] Transcription: 'c'est un peu de texte, j'ai l'impression.'
2026-05-02 08:30:15,936 | INFO     | assistant.voice_engine | [VOICE] Parole RMS=0.0348 — Whisper lancé
2026-05-02 08:30:15,936 | INFO     | faster_whisper | Processing audio with duration 00:01.980
2026-05-02 08:30:15,941 | INFO     | faster_whisper | VAD filter removed 00:00.208 of audio
2026-05-02 08:30:18,422 | INFO     | assistant.voice_engine | [VOICE] Transcription: 'c'est lequel qu'on a pris de plus. je ne me pargasse pas.'
2026-05-02 08:30:18,423 | INFO     | assistant.voice_engine | [VOICE] Parole RMS=0.0095 — Whisper lancé
2026-05-02 08:30:18,423 | INFO     | faster_whisper | Processing audio with duration 00:01.980
2026-05-02 08:30:18,427 | INFO     | faster_whisper | VAD filter removed 00:00.208 of audio
2026-05-02 08:30:20,789 | INFO     | assistant.voice_engine | [VOICE] Parole RMS=0.0121 — Whisper lancé
2026-05-02 08:30:20,791 | INFO     | faster_whisper | Processing audio with duration 00:01.980
2026-05-02 08:30:20,794 | INFO     | faster_whisper | VAD filter removed 00:00.000 of audio
2026-05-02 08:30:22,741 | INFO     | assistant.voice_engine | [VOICE] Parole RMS=0.0094 — Whisper lancé
2026-05-02 08:30:22,742 | INFO     | faster_whisper | Processing audio with duration 00:01.980
2026-05-02 08:30:22,747 | INFO     | faster_whisper | VAD filter removed 00:01.036 of audio
INFO:     127.0.0.1:55299 - "GET /api/state HTTP/1.1" 200 OK
2026-05-02 08:30:30,335 | INFO     | assistant.voice_engine | [VOICE] Transcription: 'bonne soirée.'
2026-05-02 08:30:30,336 | INFO     | assistant.voice_engine | [VOICE] Parole RMS=0.0116 — Whisper lancé
2026-05-02 08:30:30,337 | INFO     | faster_whisper | Processing audio with duration 00:01.980
2026-05-02 08:30:30,342 | INFO     | faster_whisper | VAD filter removed 00:01.296 of audio
2026-05-02 08:30:33,150 | INFO     | assistant.voice_engine | [VOICE] Parole RMS=0.0031 — Whisper lancé
2026-05-02 08:30:33,152 | INFO     | faster_whisper | Processing audio with duration 00:01.980
2026-05-02 08:30:33,158 | INFO     | faster_whisper | VAD filter removed 00:00.864 of audio
2026-05-02 08:30:35,819 | INFO     | assistant.voice_engine | [VOICE] Parole RMS=0.0035 — Whisper lancé
2026-05-02 08:30:35,821 | INFO     | faster_whisper | Processing audio with duration 00:01.980
2026-05-02 08:30:35,825 | INFO     | faster_whisper | VAD filter removed 00:01.980 of audio
2026-05-02 08:30:40,471 | INFO     | assistant.voice_engine | [VOICE] Parole RMS=0.0024 — Whisper lancé
2026-05-02 08:30:40,471 | INFO     | faster_whisper | Processing audio with duration 00:01.980
2026-05-02 08:30:40,475 | INFO     | faster_whisper | VAD filter removed 00:01.520 of audio
2026-05-02 08:30:43,351 | INFO     | assistant.voice_engine | [VOICE] Transcription: 'sous-titres réalisés par la communauté d'amara.org'
2026-05-02 08:30:43,352 | INFO     | assistant.voice_engine | [VOICE] Parole RMS=0.0043 — Whisper lancé
2026-05-02 08:30:43,352 | INFO     | faster_whisper | Processing audio with duration 00:01.980
2026-05-02 08:30:43,356 | INFO     | faster_whisper | VAD filter removed 00:00.988 of audio
2026-05-02 08:30:50,252 | INFO     | assistant.voice_engine | [VOICE] Transcription: 'non, non, non.'
2026-05-02 08:30:50,252 | INFO     | assistant.voice_engine | [VOICE] Parole RMS=0.0173 — Whisper lancé
2026-05-02 08:30:50,252 | INFO     | faster_whisper | Processing audio with duration 00:01.980
2026-05-02 08:30:50,257 | INFO     | faster_whisper | VAD filter removed 00:00.000 of audio
2026-05-02 08:30:53,164 | INFO     | assistant.voice_engine | [VOICE] Transcription: 'les chats et les messages.'
2026-05-02 08:30:53,943 | INFO     | assistant.voice_engine | [VOICE] Parole RMS=0.0029 — Whisper lancé
2026-05-02 08:30:53,944 | INFO     | faster_whisper | Processing audio with duration 00:01.980
2026-05-02 08:30:53,948 | INFO     | faster_whisper | VAD filter removed 00:01.552 of audio
2026-05-02 08:30:56,256 | INFO     | assistant.voice_engine | [VOICE] Transcription: 'sous-titres réalisés par la communauté d'amara.org'
2026-05-02 08:30:56,257 | INFO     | assistant.voice_engine | [VOICE] Parole RMS=0.0067 — Whisper lancé
2026-05-02 08:30:56,257 | INFO     | faster_whisper | Processing audio with duration 00:01.980
2026-05-02 08:30:56,261 | INFO     | faster_whisper | VAD filter removed 00:00.332 of audio
2026-05-02 08:30:59,255 | INFO     | assistant.voice_engine | [VOICE] Parole RMS=0.0032 — Whisper lancé
2026-05-02 08:30:59,257 | INFO     | faster_whisper | Processing audio with duration 00:01.980
2026-05-02 08:30:59,260 | INFO     | faster_whisper | VAD filter removed 00:01.296 of audio
2026-05-02 08:31:01,471 | INFO     | assistant.voice_engine | [VOICE] Transcription: 'sous-titres réalisés par la communauté d'amara.org'
2026-05-02 08:31:01,472 | INFO     | assistant.voice_engine | [VOICE] Parole RMS=0.0287 — Whisper lancé
2026-05-02 08:31:01,472 | INFO     | faster_whisper | Processing audio with duration 00:01.980
2026-05-02 08:31:01,478 | INFO     | faster_whisper | VAD filter removed 00:00.204 of audio
2026-05-02 08:31:03,606 | INFO     | assistant.voice_engine | [VOICE] Transcription: 'dans le bruit entre 5 et 7.'
2026-05-02 08:31:04,535 | INFO     | assistant.voice_engine | [VOICE] Parole RMS=0.0040 — Whisper lancé
2026-05-02 08:31:04,537 | INFO     | faster_whisper | Processing audio with duration 00:01.980
2026-05-02 08:31:04,540 | INFO     | faster_whisper | VAD filter removed 00:01.520 of audio
2026-05-02 08:31:07,168 | INFO     | assistant.voice_engine | [VOICE] Transcription: 'sous-titres réalisés par la communauté d'amara.org'
2026-05-02 08:31:07,169 | INFO     | assistant.voice_engine | [VOICE] Parole RMS=0.0204 — Whisper lancé
2026-05-02 08:31:07,169 | INFO     | faster_whisper | Processing audio with duration 00:01.980
2026-05-02 08:31:07,174 | INFO     | faster_whisper | VAD filter removed 00:00.268 of audio
2026-05-02 08:31:21,720 | INFO     | assistant.voice_engine | [VOICE] Parole RMS=0.0026 — Whisper lancé
2026-05-02 08:31:21,720 | INFO     | faster_whisper | Processing audio with duration 00:01.980
2026-05-02 08:31:21,725 | INFO     | faster_whisper | VAD filter removed 00:01.040 of audio
2026-05-02 08:31:22,293 | INFO     | data.gold_provider | [GOLD/TD] XAU/USD/4h → 500 bougies
2026-05-02 08:31:23,807 | INFO     | data.gold_provider | [GOLD/TD] XAU/USD/2h → 500 bougies
2026-05-02 08:31:25,333 | INFO     | data.gold_provider | [GOLD/TD] XAU/USD/1h → 500 bougies
INFO:     127.0.0.1:60575 - "GET /api/state HTTP/1.1" 200 OK
2026-05-02 08:31:26,817 | INFO     | data.gold_provider | [GOLD/TD] XAU/USD/30m → 500 bougies
2026-05-02 08:31:27,160 | INFO     | assistant.voice_engine | [VOICE] Transcription: 'au revoir.'
2026-05-02 08:31:27,163 | INFO     | assistant.voice_engine | [VOICE] Parole RMS=0.0205 — Whisper lancé
2026-05-02 08:31:27,165 | INFO     | faster_whisper | Processing audio with duration 00:01.980
2026-05-02 08:31:27,178 | INFO     | faster_whisper | VAD filter removed 00:00.000 of audio
2026-05-02 08:31:28,304 | INFO     | data.gold_provider | [GOLD/TD] XAU/USD/15m → 500 bougies
2026-05-02 08:31:29,344 | INFO     | assistant.voice_engine | [VOICE] Transcription: 'de toute façon, c'est de se prendre fort, collecter, se collecter.'
2026-05-02 08:31:29,346 | INFO     | assistant.voice_engine | [VOICE] Parole RMS=0.0269 — Whisper lancé
2026-05-02 08:31:29,346 | INFO     | faster_whisper | Processing audio with duration 00:01.980
2026-05-02 08:31:29,350 | INFO     | faster_whisper | VAD filter removed 00:00.000 of audio
2026-05-02 08:31:29,845 | INFO     | data.gold_provider | [GOLD/TD] XAU/USD/5m → 500 bougies
2026-05-02 08:31:31,342 | INFO     | data.gold_provider | [GOLD/TD] XAU/USD/1m → 500 bougies
2026-05-02 08:31:31,384 | INFO     | assistant.voice_engine | [VOICE] Transcription: 'de poussière sacs'
2026-05-02 08:31:31,385 | INFO     | assistant.voice_engine | [VOICE] Parole RMS=0.0263 — Whisper lancé
2026-05-02 08:31:31,385 | INFO     | faster_whisper | Processing audio with duration 00:01.980
2026-05-02 08:31:31,389 | INFO     | faster_whisper | VAD filter removed 00:00.080 of audio
2026-05-02 08:31:32,860 | INFO     | data.gold_provider | [GOLD/TD] XAU/USD/1d → 500 bougies
2026-05-02 08:31:33,369 | INFO     | assistant.voice_engine | [VOICE] Transcription: 'capacité de connaissance.'
2026-05-02 08:31:33,370 | INFO     | assistant.voice_engine | [VOICE] Parole RMS=0.0198 — Whisper lancé
2026-05-02 08:31:33,370 | INFO     | faster_whisper | Processing audio with duration 00:01.980
2026-05-02 08:31:33,374 | INFO     | faster_whisper | VAD filter removed 00:00.000 of audio
2026-05-02 08:31:35,308 | INFO     | assistant.voice_engine | [VOICE] Transcription: 'le directeur du 195'
2026-05-02 08:31:35,308 | INFO     | assistant.voice_engine | [VOICE] Parole RMS=0.0198 — Whisper lancé
2026-05-02 08:31:35,310 | INFO     | faster_whisper | Processing audio with duration 00:01.980
2026-05-02 08:31:35,314 | INFO     | faster_whisper | VAD filter removed 00:00.476 of audio
2026-05-02 08:31:40,289 | INFO     | assistant.voice_engine | [VOICE] Transcription: 'et vous sonore.'
2026-05-02 08:31:40,290 | INFO     | assistant.voice_engine | [VOICE] Parole RMS=0.0126 — Whisper lancé
2026-05-02 08:31:40,290 | INFO     | faster_whisper | Processing audio with duration 00:01.980
2026-05-02 08:31:40,294 | INFO     | faster_whisper | VAD filter removed 00:00.172 of audio
2026-05-02 08:31:42,304 | INFO     | assistant.voice_engine | [VOICE] Transcription: 'et une détection de tapis.'
2026-05-02 08:31:42,306 | INFO     | assistant.voice_engine | [VOICE] Parole RMS=0.0074 — Whisper lancé
2026-05-02 08:31:42,307 | INFO     | faster_whisper | Processing audio with duration 00:01.980
2026-05-02 08:31:42,310 | INFO     | faster_whisper | VAD filter removed 00:00.976 of audio
2026-05-02 08:31:48,813 | INFO     | assistant.voice_engine | [VOICE] Transcription: 'et'
2026-05-02 08:31:48,814 | INFO     | assistant.voice_engine | [VOICE] Parole RMS=0.0109 — Whisper lancé
2026-05-02 08:31:48,815 | INFO     | faster_whisper | Processing audio with duration 00:01.980
2026-05-02 08:31:48,818 | INFO     | faster_whisper | VAD filter removed 00:00.000 of audio
2026-05-02 08:31:50,977 | INFO     | assistant.voice_engine | [VOICE] Transcription: 'du travail d'étoilage de la sécurité.'
2026-05-02 08:31:51,361 | INFO     | assistant.voice_engine | [VOICE] Parole RMS=0.0020 — Whisper lancé
2026-05-02 08:31:51,363 | INFO     | faster_whisper | Processing audio with duration 00:01.980
2026-05-02 08:31:51,367 | INFO     | faster_whisper | VAD filter removed 00:01.980 of audio
2026-05-02 08:31:51,841 | INFO     | assistant.voice_engine | [VOICE] Parole RMS=0.0061 — Whisper lancé
2026-05-02 08:31:51,842 | INFO     | faster_whisper | Processing audio with duration 00:01.980
2026-05-02 08:31:51,846 | INFO     | faster_whisper | VAD filter removed 00:01.136 of audio
2026-05-02 08:31:56,855 | INFO     | assistant.voice_engine | [VOICE] Transcription: 'on dirait...'
2026-05-02 08:31:56,857 | INFO     | assistant.voice_engine | [VOICE] Parole RMS=0.0109 — Whisper lancé
2026-05-02 08:31:56,858 | INFO     | faster_whisper | Processing audio with duration 00:01.980
2026-05-02 08:31:56,861 | INFO     | faster_whisper | VAD filter removed 00:00.336 of audio
2026-05-02 08:31:59,160 | INFO     | assistant.voice_engine | [VOICE] Transcription: 'toi je vais dire que je vais faire ça mais c'est ça, non ?'
2026-05-02 08:31:59,161 | INFO     | assistant.voice_engine | [VOICE] Parole RMS=0.0062 — Whisper lancé
2026-05-02 08:31:59,162 | INFO     | faster_whisper | Processing audio with duration 00:01.980
2026-05-02 08:31:59,166 | INFO     | faster_whisper | VAD filter removed 00:01.980 of audio
2026-05-02 08:31:59,641 | INFO     | assistant.voice_engine | [VOICE] Parole RMS=0.0036 — Whisper lancé
2026-05-02 08:31:59,642 | INFO     | faster_whisper | Processing audio with duration 00:01.980
2026-05-02 08:31:59,646 | INFO     | faster_whisper | VAD filter removed 00:01.980 of audio
2026-05-02 08:32:12,184 | INFO     | assistant.voice_engine | [VOICE] Parole RMS=0.0022 — Whisper lancé
2026-05-02 08:32:12,185 | INFO     | faster_whisper | Processing audio with duration 00:01.980
2026-05-02 08:32:12,190 | INFO     | faster_whisper | VAD filter removed 00:01.104 of audio
2026-05-02 08:32:14,106 | INFO     | assistant.voice_engine | [VOICE] Parole RMS=0.0238 — Whisper lancé
2026-05-02 08:32:14,107 | INFO     | faster_whisper | Processing audio with duration 00:01.980
2026-05-02 08:32:14,111 | INFO     | faster_whisper | VAD filter removed 00:00.144 of audio
2026-05-02 08:32:19,713 | INFO     | assistant.voice_engine | [VOICE] Transcription: 'je vais aller voir qui est-il.'
2026-05-02 08:32:19,715 | INFO     | assistant.voice_engine | [VOICE] Parole RMS=0.0335 — Whisper lancé
2026-05-02 08:32:19,715 | INFO     | faster_whisper | Processing audio with duration 00:01.980
2026-05-02 08:32:19,720 | INFO     | faster_whisper | VAD filter removed 00:00.240 of audio
2026-05-02 08:32:21,998 | INFO     | assistant.voice_engine | [VOICE] Transcription: 'non mais je pense qu'il est bien, ça va ?'
2026-05-02 08:32:22,350 | INFO     | assistant.voice_engine | [VOICE] Parole RMS=0.0025 — Whisper lancé
2026-05-02 08:32:22,352 | INFO     | faster_whisper | Processing audio with duration 00:01.980
2026-05-02 08:32:22,357 | INFO     | faster_whisper | VAD filter removed 00:01.520 of audio
2026-05-02 08:32:24,577 | INFO     | assistant.voice_engine | [VOICE] Transcription: 'sous-titres réalisés par la communauté d'amara.org'
2026-05-02 08:32:24,578 | INFO     | assistant.voice_engine | [VOICE] Parole RMS=0.0120 — Whisper lancé
2026-05-02 08:32:24,578 | INFO     | faster_whisper | Processing audio with duration 00:01.980
2026-05-02 08:32:24,583 | INFO     | faster_whisper | VAD filter removed 00:00.000 of audio
INFO:     127.0.0.1:55294 - "GET /api/state HTTP/1.1" 200 OK
2026-05-02 08:32:26,673 | INFO     | assistant.voice_engine | [VOICE] Transcription: 'c'est le résultat au final'
2026-05-02 08:32:26,673 | INFO     | assistant.voice_engine | [VOICE] Parole RMS=0.0097 — Whisper lancé
2026-05-02 08:32:26,674 | INFO     | faster_whisper | Processing audio with duration 00:01.980
2026-05-02 08:32:26,677 | INFO     | faster_whisper | VAD filter removed 00:00.720 of audio
2026-05-02 08:32:27,802 | INFO     | execution.signal_manager | [SIGNAL] PAXG/USDT VENTE score=7/11 confs=['EMA200-H4 baissier', 'OB/FVG 30m (fvg)', 'OB/FVG double conf 15m', 'Rejet 5m/15m', 'TRIX 5m', 'Delta volume confirme', 'ADX régime RANGE'] cid=b297e4b527b1
2026-05-02 08:32:27,969 | INFO     | notifications.telegram | [TG] Alerte envoyée PAXG/USDT score=7
2026-05-02 08:32:28,097 | INFO     | notifications.telegram | [TG] Alerte envoyée PAXG/USDT score=7
2026-05-02 08:32:32,610 | INFO     | assistant.voice_engine | [VOICE] Transcription: 'bon, c'est un bon doigt.'
2026-05-02 08:32:32,611 | INFO     | assistant.voice_engine | [VOICE] Parole RMS=0.0050 — Whisper lancé
2026-05-02 08:32:32,611 | INFO     | faster_whisper | Processing audio with duration 00:01.980
2026-05-02 08:32:32,616 | INFO     | faster_whisper | VAD filter removed 00:01.360 of audio
2026-05-02 08:32:34,563 | INFO     | assistant.voice_engine | [VOICE] Transcription: 'oui'
2026-05-02 08:32:34,563 | INFO     | assistant.voice_engine | [VOICE] Parole RMS=0.0119 — Whisper lancé
2026-05-02 08:32:34,565 | INFO     | faster_whisper | Processing audio with duration 00:01.980
2026-05-02 08:32:34,570 | INFO     | faster_whisper | VAD filter removed 00:00.000 of audio
2026-05-02 08:32:36,879 | INFO     | assistant.voice_engine | [VOICE] Transcription: 'pour ce n'autre, pour moi, c'est à l'aménager.'
2026-05-02 08:32:36,880 | INFO     | assistant.voice_engine | [VOICE] Parole RMS=0.0551 — Whisper lancé
2026-05-02 08:32:36,880 | INFO     | faster_whisper | Processing audio with duration 00:01.980
2026-05-02 08:32:36,885 | INFO     | faster_whisper | VAD filter removed 00:00.944 of audio
2026-05-02 08:32:38,850 | INFO     | assistant.voice_engine | [VOICE] Transcription: 'mais là, ça aspire...'
2026-05-02 08:32:38,851 | INFO     | assistant.voice_engine | [VOICE] Parole RMS=0.0605 — Whisper lancé
2026-05-02 08:32:38,851 | INFO     | faster_whisper | Processing audio with duration 00:01.980
2026-05-02 08:32:38,855 | INFO     | faster_whisper | VAD filter removed 00:00.000 of audio
2026-05-02 08:32:41,017 | INFO     | assistant.voice_engine | [VOICE] Transcription: 'la poussière et c'est la plus seule.'
2026-05-02 08:32:41,018 | INFO     | assistant.voice_engine | [VOICE] Parole RMS=0.0050 — Whisper lancé
2026-05-02 08:32:41,018 | INFO     | faster_whisper | Processing audio with duration 00:01.980
2026-05-02 08:32:41,023 | INFO     | faster_whisper | VAD filter removed 00:00.988 of audio
2026-05-02 08:32:42,874 | INFO     | assistant.voice_engine | [VOICE] Transcription: 'ok.'
2026-05-02 08:32:43,567 | INFO     | assistant.voice_engine | [VOICE] Parole RMS=0.0025 — Whisper lancé
2026-05-02 08:32:43,569 | INFO     | faster_whisper | Processing audio with duration 00:01.980
2026-05-02 08:32:43,573 | INFO     | faster_whisper | VAD filter removed 00:01.488 of audio
2026-05-02 08:32:45,850 | INFO     | assistant.voice_engine | [VOICE] Transcription: 'sous-titres réalisés par la communauté d'amara.org'
2026-05-02 08:32:45,851 | INFO     | assistant.voice_engine | [VOICE] Parole RMS=0.0106 — Whisper lancé
2026-05-02 08:32:45,853 | INFO     | faster_whisper | Processing audio with duration 00:01.980
2026-05-02 08:32:45,858 | INFO     | faster_whisper | VAD filter removed 00:00.460 of audio
2026-05-02 08:32:50,734 | INFO     | assistant.voice_engine | [VOICE] Transcription: 'oui, c'est bon.'
2026-05-02 08:32:52,688 | INFO     | assistant.voice_engine | [VOICE] Parole RMS=0.0023 — Whisper lancé
2026-05-02 08:32:52,689 | INFO     | faster_whisper | Processing audio with duration 00:01.980
2026-05-02 08:32:52,693 | INFO     | faster_whisper | VAD filter removed 00:01.980 of audio
2026-05-02 08:32:53,167 | INFO     | assistant.voice_engine | [VOICE] Parole RMS=0.0036 — Whisper lancé
2026-05-02 08:32:53,168 | INFO     | faster_whisper | Processing audio with duration 00:01.980
2026-05-02 08:32:53,172 | INFO     | faster_whisper | VAD filter removed 00:01.104 of audio
2026-05-02 08:32:58,531 | INFO     | assistant.voice_engine | [VOICE] Transcription: 'au revoir.'
2026-05-02 08:33:09,905 | INFO     | assistant.voice_engine | [VOICE] Parole RMS=0.0021 — Whisper lancé
2026-05-02 08:33:09,906 | INFO     | faster_whisper | Processing audio with duration 00:01.980
2026-05-02 08:33:09,910 | INFO     | faster_whisper | VAD filter removed 00:01.520 of audio
2026-05-02 08:33:12,003 | INFO     | assistant.voice_engine | [VOICE] Transcription: 'sous-titres réalisés par la communauté d'amara.org'
2026-05-02 08:33:12,006 | INFO     | assistant.voice_engine | [VOICE] Parole RMS=0.0059 — Whisper lancé
2026-05-02 08:33:12,011 | INFO     | faster_whisper | Processing audio with duration 00:01.980
2026-05-02 08:33:12,018 | INFO     | faster_whisper | VAD filter removed 00:00.000 of audio
2026-05-02 08:33:14,224 | INFO     | assistant.voice_engine | [VOICE] Transcription: 'c'est sans qu'il n'y ait pas mal d'autres choses.'
INFO:     127.0.0.1:63081 - "GET /api/state HTTP/1.1" 200 OK
2026-05-02 08:33:25,860 | INFO     | assistant.voice_engine | [VOICE] Parole RMS=0.0024 — Whisper lancé
2026-05-02 08:33:25,861 | INFO     | faster_whisper | Processing audio with duration 00:01.980
2026-05-02 08:33:25,866 | INFO     | faster_whisper | VAD filter removed 00:01.980 of audio
2026-05-02 08:33:26,340 | INFO     | assistant.voice_engine | [VOICE] Parole RMS=0.0091 — Whisper lancé
2026-05-02 08:33:26,340 | INFO     | faster_whisper | Processing audio with duration 00:01.980
2026-05-02 08:33:26,346 | INFO     | faster_whisper | VAD filter removed 00:01.104 of audio
2026-05-02 08:33:28,208 | INFO     | assistant.voice_engine | [VOICE] Transcription: 'bonne scene.'
2026-05-02 08:33:28,210 | INFO     | assistant.voice_engine | [VOICE] Parole RMS=0.0244 — Whisper lancé
2026-05-02 08:33:28,210 | INFO     | faster_whisper | Processing audio with duration 00:01.980
2026-05-02 08:33:28,214 | INFO     | faster_whisper | VAD filter removed 00:00.000 of audio
2026-05-02 08:33:30,307 | INFO     | assistant.voice_engine | [VOICE] Transcription: '200 sur 9, le petit 100, le petit 700.'
2026-05-02 08:33:30,307 | INFO     | assistant.voice_engine | [VOICE] Parole RMS=0.0078 — Whisper lancé
2026-05-02 08:33:30,307 | INFO     | faster_whisper | Processing audio with duration 00:01.980
2026-05-02 08:33:30,312 | INFO     | faster_whisper | VAD filter removed 00:00.976 of audio
2026-05-02 08:33:32,259 | INFO     | assistant.voice_engine | [VOICE] Transcription: 'merci d'avoir regardé.'
2026-05-02 08:33:32,260 | INFO     | assistant.voice_engine | [VOICE] Parole RMS=0.0099 — Whisper lancé
2026-05-02 08:33:32,260 | INFO     | faster_whisper | Processing audio with duration 00:01.980
2026-05-02 08:33:32,265 | INFO     | faster_whisper | VAD filter removed 00:00.192 of audio
2026-05-02 08:33:37,597 | INFO     | assistant.voice_engine | [VOICE] Transcription: 'ah, oui.'
2026-05-02 08:33:38,820 | INFO     | assistant.voice_engine | [VOICE] Parole RMS=0.0021 — Whisper lancé
2026-05-02 08:33:38,821 | INFO     | faster_whisper | Processing audio with duration 00:01.980
2026-05-02 08:33:38,825 | INFO     | faster_whisper | VAD filter removed 00:01.488 of audio
2026-05-02 08:33:40,900 | INFO     | assistant.voice_engine | [VOICE] Parole RMS=0.0104 — Whisper lancé
2026-05-02 08:33:40,901 | INFO     | faster_whisper | Processing audio with duration 00:01.980
2026-05-02 08:33:40,906 | INFO     | faster_whisper | VAD filter removed 00:00.000 of audio
2026-05-02 08:33:43,504 | INFO     | assistant.voice_engine | [VOICE] Transcription: 'je vous le dis encore un peu, si tu n'as qu'un souleveur.'
2026-05-02 08:33:43,506 | INFO     | assistant.voice_engine | [VOICE] Parole RMS=0.0057 — Whisper lancé
2026-05-02 08:33:43,507 | INFO     | faster_whisper | Processing audio with duration 00:01.980
2026-05-02 08:33:43,511 | INFO     | faster_whisper | VAD filter removed 00:00.108 of audio
2026-05-02 08:33:48,484 | INFO     | assistant.voice_engine | [VOICE] Transcription: 'en formes.'
2026-05-02 08:33:48,486 | INFO     | assistant.voice_engine | [VOICE] Parole RMS=0.0042 — Whisper lancé
2026-05-02 08:33:48,486 | INFO     | faster_whisper | Processing audio with duration 00:01.980
2026-05-02 08:33:48,491 | INFO     | faster_whisper | VAD filter removed 00:01.020 of audio
2026-05-02 08:33:50,524 | INFO     | assistant.voice_engine | [VOICE] Transcription: 'oh'
2026-05-02 08:33:51,035 | INFO     | assistant.voice_engine | [VOICE] Parole RMS=0.0053 — Whisper lancé
2026-05-02 08:33:51,037 | INFO     | faster_whisper | Processing audio with duration 00:01.980
2026-05-02 08:33:51,042 | INFO     | faster_whisper | VAD filter removed 00:01.520 of audio
2026-05-02 08:33:53,648 | INFO     | assistant.voice_engine | [VOICE] Transcription: 'sous-titres réalisés par la communauté d'amara.org'
2026-05-02 08:33:53,651 | INFO     | assistant.voice_engine | [VOICE] Parole RMS=0.0112 — Whisper lancé
2026-05-02 08:33:53,651 | INFO     | faster_whisper | Processing audio with duration 00:01.980
2026-05-02 08:33:53,655 | INFO     | faster_whisper | VAD filter removed 00:00.224 of audio
2026-05-02 08:34:04,900 | INFO     | assistant.voice_engine | [VOICE] Transcription: 'merci.'
2026-05-02 08:34:09,522 | INFO     | assistant.voice_engine | [VOICE] Parole RMS=0.0022 — Whisper lancé
2026-05-02 08:34:09,523 | INFO     | faster_whisper | Processing audio with duration 00:01.980
2026-05-02 08:34:09,528 | INFO     | faster_whisper | VAD filter removed 00:01.552 of audio
2026-05-02 08:34:11,676 | INFO     | assistant.voice_engine | [VOICE] Transcription: 'sous-titres réalisés par la communauté d'amara.org'
2026-05-02 08:34:11,677 | INFO     | assistant.voice_engine | [VOICE] Parole RMS=0.0074 — Whisper lancé
2026-05-02 08:34:11,678 | INFO     | faster_whisper | Processing audio with duration 00:01.980
2026-05-02 08:34:11,681 | INFO     | faster_whisper | VAD filter removed 00:00.000 of audio
2026-05-02 08:34:13,841 | INFO     | assistant.voice_engine | [VOICE] Transcription: 'pour en s'entraîner un autre comme du coup.'
2026-05-02 08:34:14,141 | INFO     | assistant.voice_engine | [VOICE] Parole RMS=0.0020 — Whisper lancé
2026-05-02 08:34:14,141 | INFO     | faster_whisper | Processing audio with duration 00:01.980
2026-05-02 08:34:14,146 | INFO     | faster_whisper | VAD filter removed 00:00.592 of audio
2026-05-02 08:34:16,114 | INFO     | assistant.voice_engine | [VOICE] Transcription: 'merci.'
2026-05-02 08:34:16,116 | INFO     | assistant.voice_engine | [VOICE] Parole RMS=0.0105 — Whisper lancé
2026-05-02 08:34:16,117 | INFO     | faster_whisper | Processing audio with duration 00:01.980
2026-05-02 08:34:16,147 | INFO     | faster_whisper | VAD filter removed 00:00.000 of audio
2026-05-02 08:34:19,122 | INFO     | assistant.voice_engine | [VOICE] Transcription: 'c'est pour ça que je suis là.'
2026-05-02 08:34:19,123 | INFO     | assistant.voice_engine | [VOICE] Parole RMS=0.0074 — Whisper lancé
2026-05-02 08:34:19,124 | INFO     | faster_whisper | Processing audio with duration 00:01.980
2026-05-02 08:34:19,127 | INFO     | faster_whisper | VAD filter removed 00:00.240 of audio
2026-05-02 08:34:21,125 | INFO     | assistant.voice_engine | [VOICE] Transcription: 'c'est bon.'
2026-05-02 08:34:21,157 | INFO     | assistant.voice_engine | [VOICE] Parole RMS=0.0029 — Whisper lancé
2026-05-02 08:34:21,158 | INFO     | faster_whisper | Processing audio with duration 00:01.980
2026-05-02 08:34:21,161 | INFO     | faster_whisper | VAD filter removed 00:01.552 of audio
2026-05-02 08:34:23,345 | INFO     | assistant.voice_engine | [VOICE] Transcription: 'sous-titres réalisés par la communauté d'amara.org'
2026-05-02 08:34:23,346 | INFO     | assistant.voice_engine | [VOICE] Parole RMS=0.0042 — Whisper lancé
2026-05-02 08:34:23,346 | INFO     | faster_whisper | Processing audio with duration 00:01.980
2026-05-02 08:34:23,351 | INFO     | faster_whisper | VAD filter removed 00:00.624 of audio
2026-05-02 08:34:25,265 | INFO     | assistant.voice_engine | [VOICE] Transcription: 'bonjour.'
2026-05-02 08:34:25,266 | INFO     | assistant.voice_engine | [VOICE] Parole RMS=0.0053 — Whisper lancé
2026-05-02 08:34:25,266 | INFO     | faster_whisper | Processing audio with duration 00:01.980
2026-05-02 08:34:25,271 | INFO     | faster_whisper | VAD filter removed 00:00.860 of audio
INFO:     127.0.0.1:60057 - "GET /api/state HTTP/1.1" 200 OK
2026-05-02 08:34:27,249 | INFO     | assistant.voice_engine | [VOICE] Transcription: 'et ça?'
2026-05-02 08:34:27,250 | INFO     | assistant.voice_engine | [VOICE] Parole RMS=0.0125 — Whisper lancé
2026-05-02 08:34:27,250 | INFO     | faster_whisper | Processing audio with duration 00:01.980
2026-05-02 08:34:27,255 | INFO     | faster_whisper | VAD filter removed 00:00.464 of audio
2026-05-02 08:34:33,221 | INFO     | assistant.voice_engine | [VOICE] Transcription: 'tu n'es qu'une petite femme, merci.'
2026-05-02 08:34:33,223 | INFO     | assistant.voice_engine | [VOICE] Parole RMS=0.0030 — Whisper lancé
2026-05-02 08:34:33,223 | INFO     | faster_whisper | Processing audio with duration 00:01.980
2026-05-02 08:34:33,227 | INFO     | faster_whisper | VAD filter removed 00:00.752 of audio
2026-05-02 08:34:34,685 | INFO     | data.gold_provider | [GOLD/TD] XAU/USD/4h → 500 bougies
2026-05-02 08:34:35,292 | INFO     | assistant.voice_engine | [VOICE] Transcription: 'ok, ça c'est chiant.'
2026-05-02 08:34:35,293 | INFO     | assistant.voice_engine | [VOICE] Parole RMS=0.0086 — Whisper lancé
2026-05-02 08:34:35,294 | INFO     | faster_whisper | Processing audio with duration 00:01.980
2026-05-02 08:34:35,298 | INFO     | faster_whisper | VAD filter removed 00:01.200 of audio
2026-05-02 08:34:36,281 | INFO     | data.gold_provider | [GOLD/TD] XAU/USD/2h → 500 bougies
2026-05-02 08:34:37,266 | INFO     | assistant.voice_engine | [VOICE] Transcription: 'merci pour ça.'
2026-05-02 08:34:37,268 | INFO     | assistant.voice_engine | [VOICE] Parole RMS=0.0144 — Whisper lancé
2026-05-02 08:34:37,268 | INFO     | faster_whisper | Processing audio with duration 00:01.980
2026-05-02 08:34:37,272 | INFO     | faster_whisper | VAD filter removed 00:00.000 of audio
2026-05-02 08:34:37,781 | INFO     | data.gold_provider | [GOLD/TD] XAU/USD/1h → 500 bougies
2026-05-02 08:34:39,266 | INFO     | data.gold_provider | [GOLD/TD] XAU/USD/30m → 500 bougies
2026-05-02 08:34:40,820 | INFO     | data.gold_provider | [GOLD/TD] XAU/USD/15m → 500 bougies
2026-05-02 08:34:42,341 | INFO     | data.gold_provider | [GOLD/TD] XAU/USD/5m → 500 bougies
2026-05-02 08:34:43,834 | INFO     | data.gold_provider | [GOLD/TD] XAU/USD/1m → 500 bougies
2026-05-02 08:34:45,319 | INFO     | data.gold_provider | [GOLD/TD] XAU/USD/1d → 500 bougies
2026-05-02 08:34:51,799 | INFO     | assistant.voice_engine | [VOICE] Transcription: 'c'est à l'oeil de l'entraînement.'
2026-05-02 08:34:51,805 | INFO     | assistant.voice_engine | [VOICE] Parole RMS=0.0093 — Whisper lancé
2026-05-02 08:34:51,807 | INFO     | faster_whisper | Processing audio with duration 00:01.980
2026-05-02 08:34:51,821 | INFO     | faster_whisper | VAD filter removed 00:00.064 of audio
2026-05-02 08:34:53,862 | INFO     | assistant.voice_engine | [VOICE] Transcription: 'que tu n'aimes.'
2026-05-02 08:34:53,863 | INFO     | assistant.voice_engine | [VOICE] Parole RMS=0.0056 — Whisper lancé
2026-05-02 08:34:53,864 | INFO     | faster_whisper | Processing audio with duration 00:01.980
2026-05-02 08:34:53,868 | INFO     | faster_whisper | VAD filter removed 00:00.000 of audio
2026-05-02 08:34:56,350 | INFO     | assistant.voice_engine | [VOICE] Parole RMS=0.0024 — Whisper lancé
2026-05-02 08:34:56,357 | INFO     | faster_whisper | Processing audio with duration 00:01.980
2026-05-02 08:34:56,361 | INFO     | faster_whisper | VAD filter removed 00:01.392 of audio
2026-05-02 08:34:58,302 | INFO     | assistant.voice_engine | [VOICE] Transcription: 'merci.'
2026-05-02 08:34:58,303 | INFO     | assistant.voice_engine | [VOICE] Parole RMS=0.0041 — Whisper lancé
2026-05-02 08:34:58,304 | INFO     | faster_whisper | Processing audio with duration 00:01.980
2026-05-02 08:34:58,307 | INFO     | faster_whisper | VAD filter removed 00:00.748 of audio
2026-05-02 08:35:00,253 | INFO     | assistant.voice_engine | [VOICE] Parole RMS=0.0045 — Whisper lancé
2026-05-02 08:35:00,254 | INFO     | faster_whisper | Processing audio with duration 00:01.980
2026-05-02 08:35:00,258 | INFO     | faster_whisper | VAD filter removed 00:00.976 of audio
2026-05-02 08:35:05,405 | INFO     | assistant.voice_engine | [VOICE] Transcription: 'merci beaucoup.'
2026-05-02 08:35:05,406 | INFO     | assistant.voice_engine | [VOICE] Parole RMS=0.0060 — Whisper lancé
2026-05-02 08:35:05,406 | INFO     | faster_whisper | Processing audio with duration 00:01.980
2026-05-02 08:35:05,410 | INFO     | faster_whisper | VAD filter removed 00:00.160 of audio
2026-05-02 08:35:07,357 | INFO     | assistant.voice_engine | [VOICE] Parole RMS=0.0034 — Whisper lancé
2026-05-02 08:35:07,357 | INFO     | faster_whisper | Processing audio with duration 00:01.980
2026-05-02 08:35:07,362 | INFO     | faster_whisper | VAD filter removed 00:01.980 of audio
2026-05-02 08:35:07,838 | INFO     | assistant.voice_engine | [VOICE] Parole RMS=0.0112 — Whisper lancé
2026-05-02 08:35:07,839 | INFO     | faster_whisper | Processing audio with duration 00:01.980
2026-05-02 08:35:07,844 | INFO     | faster_whisper | VAD filter removed 00:01.296 of audio
2026-05-02 08:35:09,789 | INFO     | assistant.voice_engine | [VOICE] Transcription: 'merci.'
2026-05-02 08:35:09,790 | INFO     | assistant.voice_engine | [VOICE] Parole RMS=0.0137 — Whisper lancé
2026-05-02 08:35:09,792 | INFO     | faster_whisper | Processing audio with duration 00:01.980
2026-05-02 08:35:09,796 | INFO     | faster_whisper | VAD filter removed 00:00.748 of audio
2026-05-02 08:35:12,070 | INFO     | assistant.voice_engine | [VOICE] Transcription: 'putain, c'est...'
2026-05-02 08:35:12,071 | INFO     | assistant.voice_engine | [VOICE] Parole RMS=0.0158 — Whisper lancé
2026-05-02 08:35:12,071 | INFO     | faster_whisper | Processing audio with duration 00:01.980
2026-05-02 08:35:12,076 | INFO     | faster_whisper | VAD filter removed 00:00.000 of audio
2026-05-02 08:35:14,503 | INFO     | assistant.voice_engine | [VOICE] Transcription: 'je pensais que c'était ça comme un coup de barrière.'
2026-05-02 08:35:14,504 | INFO     | assistant.voice_engine | [VOICE] Parole RMS=0.0038 — Whisper lancé
2026-05-02 08:35:14,504 | INFO     | faster_whisper | Processing audio with duration 00:01.980
2026-05-02 08:35:14,508 | INFO     | faster_whisper | VAD filter removed 00:01.324 of audio
2026-05-02 08:35:17,702 | INFO     | assistant.voice_engine | [VOICE] Transcription: 'merci d'avoir regardé cette vidéo.'
2026-05-02 08:35:17,704 | INFO     | assistant.voice_engine | [VOICE] Parole RMS=0.0086 — Whisper lancé
2026-05-02 08:35:17,705 | INFO     | faster_whisper | Processing audio with duration 00:01.980
2026-05-02 08:35:17,709 | INFO     | faster_whisper | VAD filter removed 00:00.336 of audio
2026-05-02 08:35:19,955 | INFO     | assistant.voice_engine | [VOICE] Transcription: 'après c'était ton bureau de l'or.'
2026-05-02 08:35:19,956 | INFO     | assistant.voice_engine | [VOICE] Parole RMS=0.0050 — Whisper lancé
2026-05-02 08:35:19,957 | INFO     | faster_whisper | Processing audio with duration 00:01.980
2026-05-02 08:35:19,962 | INFO     | faster_whisper | VAD filter removed 00:00.780 of audio
INFO:     127.0.0.1:60058 - "GET /api/state HTTP/1.1" 200 OK
2026-05-02 08:35:28,445 | INFO     | assistant.voice_engine | [VOICE] Transcription: 'merci d'avoir regardé la vidéo.'
2026-05-02 08:35:40,264 | INFO     | assistant.voice_engine | [VOICE] Parole RMS=0.0021 — Whisper lancé
2026-05-02 08:35:40,265 | INFO     | faster_whisper | Processing audio with duration 00:01.980
2026-05-02 08:35:40,269 | INFO     | faster_whisper | VAD filter removed 00:01.424 of audio
2026-05-02 08:35:42,548 | INFO     | assistant.voice_engine | [VOICE] Transcription: 'sous-titres réalisés par la communauté d'amara.org'
2026-05-02 08:35:42,549 | INFO     | assistant.voice_engine | [VOICE] Parole RMS=0.0037 — Whisper lancé
2026-05-02 08:35:42,549 | INFO     | faster_whisper | Processing audio with duration 00:01.980
2026-05-02 08:35:42,554 | INFO     | faster_whisper | VAD filter removed 00:00.812 of audio
2026-05-02 08:35:44,679 | INFO     | assistant.voice_engine | [VOICE] Transcription: 'c'est très bien.'
2026-05-02 08:35:51,816 | INFO     | assistant.voice_engine | [VOICE] Parole RMS=0.0031 — Whisper lancé
2026-05-02 08:35:51,818 | INFO     | faster_whisper | Processing audio with duration 00:01.980
2026-05-02 08:35:51,822 | INFO     | faster_whisper | VAD filter removed 00:01.520 of audio
2026-05-02 08:35:54,644 | INFO     | assistant.voice_engine | [VOICE] Transcription: 'sous-titres réalisés par la communauté d'amara.org'
2026-05-02 08:35:54,646 | INFO     | assistant.voice_engine | [VOICE] Parole RMS=0.0035 — Whisper lancé
2026-05-02 08:35:54,646 | INFO     | faster_whisper | Processing audio with duration 00:01.980
2026-05-02 08:35:54,650 | INFO     | faster_whisper | VAD filter removed 00:00.604 of audio
2026-05-02 08:36:01,812 | INFO     | assistant.voice_engine | [VOICE] Transcription: 'qu'est-ce qu'on peut dire?'
2026-05-02 08:36:01,815 | INFO     | assistant.voice_engine | [VOICE] Parole RMS=0.0095 — Whisper lancé
2026-05-02 08:36:01,815 | INFO     | faster_whisper | Processing audio with duration 00:01.980
2026-05-02 08:36:01,820 | INFO     | faster_whisper | VAD filter removed 00:01.980 of audio
2026-05-02 08:36:02,292 | INFO     | assistant.voice_engine | [VOICE] Parole RMS=0.0075 — Whisper lancé
2026-05-02 08:36:02,295 | INFO     | faster_whisper | Processing audio with duration 00:01.980
2026-05-02 08:36:02,299 | INFO     | faster_whisper | VAD filter removed 00:01.324 of audio
2026-05-02 08:36:08,767 | INFO     | assistant.voice_engine | [VOICE] Transcription: 'bonne journée.'
2026-05-02 08:36:25,000 | INFO     | assistant.voice_engine | [VOICE] Parole RMS=0.0021 — Whisper lancé
2026-05-02 08:36:25,002 | INFO     | faster_whisper | Processing audio with duration 00:01.980
2026-05-02 08:36:25,007 | INFO     | faster_whisper | VAD filter removed 00:01.520 of audio
INFO:     127.0.0.1:59310 - "GET /api/state HTTP/1.1" 200 OK
2026-05-02 08:36:27,368 | INFO     | assistant.voice_engine | [VOICE] Transcription: 'sous-titres réalisés par la communauté d'amara.org'
2026-05-02 08:36:27,370 | INFO     | assistant.voice_engine | [VOICE] Parole RMS=0.0074 — Whisper lancé
2026-05-02 08:36:27,370 | INFO     | faster_whisper | Processing audio with duration 00:01.980
2026-05-02 08:36:27,374 | INFO     | faster_whisper | VAD filter removed 00:00.000 of audio
2026-05-02 08:36:29,621 | INFO     | assistant.voice_engine | [VOICE] Transcription: 'c'est tout de toute façon il n'y a pas envie.'
2026-05-02 08:36:29,621 | INFO     | assistant.voice_engine | [VOICE] Parole RMS=0.0096 — Whisper lancé
2026-05-02 08:36:29,621 | INFO     | faster_whisper | Processing audio with duration 00:01.980
2026-05-02 08:36:29,623 | INFO     | faster_whisper | VAD filter removed 00:01.424 of audio
2026-05-02 08:36:35,168 | INFO     | assistant.voice_engine | [VOICE] Parole RMS=0.0106 — Whisper lancé
2026-05-02 08:36:35,168 | INFO     | faster_whisper | Processing audio with duration 00:01.980
2026-05-02 08:36:35,173 | INFO     | faster_whisper | VAD filter removed 00:00.976 of audio
2026-05-02 08:36:37,333 | INFO     | assistant.voice_engine | [VOICE] Transcription: 'c'est pas bon, c'est bon'
2026-05-02 08:36:37,334 | INFO     | assistant.voice_engine | [VOICE] Parole RMS=0.0044 — Whisper lancé
2026-05-02 08:36:37,334 | INFO     | faster_whisper | Processing audio with duration 00:01.980
2026-05-02 08:36:37,339 | INFO     | faster_whisper | VAD filter removed 00:01.260 of audio
2026-05-02 08:36:39,285 | INFO     | assistant.voice_engine | [VOICE] Parole RMS=0.0048 — Whisper lancé
2026-05-02 08:36:39,285 | INFO     | faster_whisper | Processing audio with duration 00:01.980
2026-05-02 08:36:39,289 | INFO     | faster_whisper | VAD filter removed 00:00.624 of audio
2026-05-02 08:36:41,385 | INFO     | assistant.voice_engine | [VOICE] Parole RMS=0.0039 — Whisper lancé
2026-05-02 08:36:41,387 | INFO     | faster_whisper | Processing audio with duration 00:01.980
2026-05-02 08:36:41,389 | INFO     | faster_whisper | VAD filter removed 00:01.420 of audio
2026-05-02 08:36:43,362 | INFO     | assistant.voice_engine | [VOICE] Parole RMS=0.0040 — Whisper lancé
2026-05-02 08:36:43,363 | INFO     | faster_whisper | Processing audio with duration 00:01.980
2026-05-02 08:36:43,366 | INFO     | faster_whisper | VAD filter removed 00:01.980 of audio
2026-05-02 08:36:43,840 | INFO     | assistant.voice_engine | [VOICE] Parole RMS=0.0031 — Whisper lancé
2026-05-02 08:36:43,841 | INFO     | faster_whisper | Processing audio with duration 00:01.980
2026-05-02 08:36:43,844 | INFO     | faster_whisper | VAD filter removed 00:01.980 of audio
2026-05-02 08:37:09,643 | INFO     | assistant.voice_engine | [VOICE] Parole RMS=0.0074 — Whisper lancé
2026-05-02 08:37:09,644 | INFO     | faster_whisper | Processing audio with duration 00:01.980
2026-05-02 08:37:09,648 | INFO     | faster_whisper | VAD filter removed 00:01.552 of audio
2026-05-02 08:37:11,776 | INFO     | assistant.voice_engine | [VOICE] Transcription: 'sous-titres réalisés par la communauté d'amara.org'
2026-05-02 08:37:11,776 | INFO     | assistant.voice_engine | [VOICE] Parole RMS=0.0230 — Whisper lancé
2026-05-02 08:37:11,776 | INFO     | faster_whisper | Processing audio with duration 00:01.980
2026-05-02 08:37:11,780 | INFO     | faster_whisper | VAD filter removed 00:00.128 of audio
2026-05-02 08:37:13,846 | INFO     | assistant.voice_engine | [VOICE] Transcription: 'c'est bien'
2026-05-02 08:37:15,287 | INFO     | assistant.voice_engine | [VOICE] Parole RMS=0.0020 — Whisper lancé
2026-05-02 08:37:15,288 | INFO     | faster_whisper | Processing audio with duration 00:01.980
2026-05-02 08:37:15,292 | INFO     | faster_whisper | VAD filter removed 00:01.980 of audio
2026-05-02 08:37:15,767 | INFO     | assistant.voice_engine | [VOICE] Parole RMS=0.0035 — Whisper lancé
2026-05-02 08:37:15,769 | INFO     | faster_whisper | Processing audio with duration 00:01.980
2026-05-02 08:37:15,773 | INFO     | faster_whisper | VAD filter removed 00:00.944 of audio
2026-05-02 08:37:20,801 | INFO     | assistant.voice_engine | [VOICE] Transcription: 'ok, on y va.'
2026-05-02 08:37:20,803 | INFO     | assistant.voice_engine | [VOICE] Parole RMS=0.0037 — Whisper lancé
2026-05-02 08:37:20,803 | INFO     | faster_whisper | Processing audio with duration 00:01.980
2026-05-02 08:37:20,807 | INFO     | faster_whisper | VAD filter removed 00:00.112 of audio
INFO:     127.0.0.1:64461 - "GET /api/state HTTP/1.1" 200 OK
2026-05-02 08:37:28,151 | INFO     | assistant.voice_engine | [VOICE] Transcription: 'merci.'
2026-05-02 08:37:28,152 | INFO     | assistant.voice_engine | [VOICE] Parole RMS=0.0049 — Whisper lancé
2026-05-02 08:37:28,153 | INFO     | faster_whisper | Processing audio with duration 00:01.980
2026-05-02 08:37:28,157 | INFO     | faster_whisper | VAD filter removed 00:01.040 of audio
2026-05-02 08:37:29,550 | INFO     | execution.signal_manager | [SIGNAL] PAXG/USDT VENTE score=6/11 confs=['EMA200-H4 baissier', 'OB/FVG 30m (fvg)', 'OB/FVG double conf 15m', 'TRIX 5m', 'Delta volume confirme', 'ADX régime RANGE'] cid=c84f92c9e0b9
2026-05-02 08:37:30,136 | INFO     | assistant.voice_engine | [VOICE] Transcription: 'non'
2026-05-02 08:37:30,136 | INFO     | assistant.voice_engine | [VOICE] Parole RMS=0.0066 — Whisper lancé
2026-05-02 08:37:30,139 | INFO     | faster_whisper | Processing audio with duration 00:01.980
2026-05-02 08:37:30,143 | INFO     | faster_whisper | VAD filter removed 00:00.272 of audio
2026-05-02 08:37:32,087 | INFO     | assistant.voice_engine | [VOICE] Parole RMS=0.0069 — Whisper lancé
2026-05-02 08:37:32,088 | INFO     | faster_whisper | Processing audio with duration 00:01.980
2026-05-02 08:37:32,092 | INFO     | faster_whisper | VAD filter removed 00:00.364 of audio
2026-05-02 08:37:34,090 | INFO     | assistant.voice_engine | [VOICE] Transcription: 'oui, c'est bien bien.'
2026-05-02 08:37:34,092 | INFO     | assistant.voice_engine | [VOICE] Parole RMS=0.0035 — Whisper lancé
2026-05-02 08:37:34,092 | INFO     | faster_whisper | Processing audio with duration 00:01.980
2026-05-02 08:37:34,095 | INFO     | faster_whisper | VAD filter removed 00:00.764 of audio
2026-05-02 08:37:36,042 | INFO     | assistant.voice_engine | [VOICE] Transcription: 'oui'
2026-05-02 08:37:40,961 | INFO     | assistant.voice_engine | [VOICE] Parole RMS=0.0029 — Whisper lancé
2026-05-02 08:37:40,963 | INFO     | faster_whisper | Processing audio with duration 00:01.980
2026-05-02 08:37:40,965 | INFO     | faster_whisper | VAD filter removed 00:01.520 of audio
2026-05-02 08:37:43,094 | INFO     | assistant.voice_engine | [VOICE] Transcription: 'sous-titres réalisés par la communauté d'amara.org'
2026-05-02 08:37:43,096 | INFO     | assistant.voice_engine | [VOICE] Parole RMS=0.0234 — Whisper lancé
2026-05-02 08:37:43,096 | INFO     | faster_whisper | Processing audio with duration 00:01.980
2026-05-02 08:37:43,100 | INFO     | faster_whisper | VAD filter removed 00:00.000 of audio
2026-05-02 08:37:45,249 | INFO     | assistant.voice_engine | [VOICE] Transcription: 'ouais, on se forget tout le temps, c'est à qui on sort.'
2026-05-02 08:37:45,250 | INFO     | assistant.voice_engine | [VOICE] Parole RMS=0.0100 — Whisper lancé
2026-05-02 08:37:45,252 | INFO     | faster_whisper | Processing audio with duration 00:01.980
2026-05-02 08:37:45,255 | INFO     | faster_whisper | VAD filter removed 00:00.812 of audio
2026-05-02 08:37:47,063 | INFO     | data.gold_provider | [GOLD/TD] XAU/USD/4h → 500 bougies
2026-05-02 08:37:47,351 | INFO     | assistant.voice_engine | [VOICE] Parole RMS=0.0031 — Whisper lancé
2026-05-02 08:37:47,353 | INFO     | faster_whisper | Processing audio with duration 00:01.980
2026-05-02 08:37:47,357 | INFO     | faster_whisper | VAD filter removed 00:01.552 of audio
2026-05-02 08:37:48,602 | INFO     | data.gold_provider | [GOLD/TD] XAU/USD/2h → 500 bougies
2026-05-02 08:37:49,515 | INFO     | assistant.voice_engine | [VOICE] Transcription: 'sous-titres réalisés par la communauté d'amara.org'
2026-05-02 08:37:49,516 | INFO     | assistant.voice_engine | [VOICE] Parole RMS=0.0035 — Whisper lancé
2026-05-02 08:37:49,516 | INFO     | faster_whisper | Processing audio with duration 00:01.980
2026-05-02 08:37:49,520 | INFO     | faster_whisper | VAD filter removed 00:00.044 of audio
2026-05-02 08:37:50,112 | INFO     | data.gold_provider | [GOLD/TD] XAU/USD/1h → 500 bougies
2026-05-02 08:37:51,596 | INFO     | data.gold_provider | [GOLD/TD] XAU/USD/30m → 500 bougies
2026-05-02 08:37:51,617 | INFO     | assistant.voice_engine | [VOICE] Transcription: 'merci beaucoup.'
2026-05-02 08:37:51,618 | INFO     | assistant.voice_engine | [VOICE] Parole RMS=0.0088 — Whisper lancé
2026-05-02 08:37:51,618 | INFO     | faster_whisper | Processing audio with duration 00:01.980
2026-05-02 08:37:51,622 | INFO     | faster_whisper | VAD filter removed 00:00.096 of audio
2026-05-02 08:37:53,108 | INFO     | data.gold_provider | [GOLD/TD] XAU/USD/15m → 500 bougies
2026-05-02 08:37:53,538 | INFO     | assistant.voice_engine | [VOICE] Parole RMS=0.0112 — Whisper lancé
2026-05-02 08:37:53,538 | INFO     | faster_whisper | Processing audio with duration 00:01.980
2026-05-02 08:37:53,544 | INFO     | faster_whisper | VAD filter removed 00:00.000 of audio
2026-05-02 08:37:54,609 | INFO     | data.gold_provider | [GOLD/TD] XAU/USD/5m → 500 bougies
2026-05-02 08:37:55,575 | INFO     | assistant.voice_engine | [VOICE] Transcription: 'de partout si je n'ai pas.'
2026-05-02 08:37:55,576 | INFO     | assistant.voice_engine | [VOICE] Parole RMS=0.0036 — Whisper lancé
2026-05-02 08:37:55,577 | INFO     | faster_whisper | Processing audio with duration 00:01.980
2026-05-02 08:37:55,579 | INFO     | faster_whisper | VAD filter removed 00:01.132 of audio
2026-05-02 08:37:56,109 | INFO     | data.gold_provider | [GOLD/TD] XAU/USD/1m → 500 bougies
2026-05-02 08:37:57,463 | INFO     | assistant.voice_engine | [VOICE] Parole RMS=0.0048 — Whisper lancé
2026-05-02 08:37:57,463 | INFO     | faster_whisper | Processing audio with duration 00:01.980
2026-05-02 08:37:57,463 | INFO     | faster_whisper | VAD filter removed 00:00.944 of audio
2026-05-02 08:37:57,661 | INFO     | data.gold_provider | [GOLD/TD] XAU/USD/1d → 500 bougies
2026-05-02 08:37:59,383 | INFO     | assistant.voice_engine | [VOICE] Transcription: 'c'est cool.'
2026-05-02 08:37:59,595 | INFO     | assistant.voice_engine | [VOICE] Parole RMS=0.0023 — Whisper lancé
2026-05-02 08:37:59,596 | INFO     | faster_whisper | Processing audio with duration 00:01.980
2026-05-02 08:37:59,600 | INFO     | faster_whisper | VAD filter removed 00:00.720 of audio
2026-05-02 08:38:01,508 | INFO     | assistant.voice_engine | [VOICE] Parole RMS=0.0076 — Whisper lancé
2026-05-02 08:38:01,516 | INFO     | faster_whisper | Processing audio with duration 00:01.980
2026-05-02 08:38:01,519 | INFO     | faster_whisper | VAD filter removed 00:00.192 of audio
2026-05-02 08:38:06,827 | INFO     | assistant.voice_engine | [VOICE] Transcription: 'oui, c'est vrai.'
2026-05-02 08:38:09,795 | INFO     | assistant.voice_engine | [VOICE] Parole RMS=0.0020 — Whisper lancé
2026-05-02 08:38:09,797 | INFO     | faster_whisper | Processing audio with duration 00:01.980
2026-05-02 08:38:09,800 | INFO     | faster_whisper | VAD filter removed 00:00.400 of audio
2026-05-02 08:38:11,896 | INFO     | assistant.voice_engine | [VOICE] Parole RMS=0.0073 — Whisper lancé
2026-05-02 08:38:11,897 | INFO     | faster_whisper | Processing audio with duration 00:01.980
2026-05-02 08:38:11,901 | INFO     | faster_whisper | VAD filter removed 00:00.000 of audio
2026-05-02 08:38:17,923 | INFO     | assistant.voice_engine | [VOICE] Transcription: 'je ne sais pas si je suis sur le texte.'
INFO:     127.0.0.1:63962 - "GET /api/state HTTP/1.1" 200 OK
2026-05-02 08:38:26,264 | INFO     | assistant.voice_engine | [VOICE] Parole RMS=0.0035 — Whisper lancé
2026-05-02 08:38:26,264 | INFO     | faster_whisper | Processing audio with duration 00:01.980
2026-05-02 08:38:26,269 | INFO     | faster_whisper | VAD filter removed 00:01.520 of audio
2026-05-02 08:38:28,424 | INFO     | assistant.voice_engine | [VOICE] Transcription: 'sous-titres réalisés par la communauté d'amara.org'
2026-05-02 08:38:28,429 | INFO     | assistant.voice_engine | [VOICE] Parole RMS=0.0294 — Whisper lancé
2026-05-02 08:38:28,430 | INFO     | faster_whisper | Processing audio with duration 00:01.980
2026-05-02 08:38:28,432 | INFO     | faster_whisper | VAD filter removed 00:00.000 of audio
2026-05-02 08:38:30,405 | INFO     | assistant.voice_engine | [VOICE] Transcription: 'doudou doudou doudou'
2026-05-02 08:38:30,409 | INFO     | assistant.voice_engine | [VOICE] Parole RMS=0.0226 — Whisper lancé
2026-05-02 08:38:30,412 | INFO     | faster_whisper | Processing audio with duration 00:01.980
2026-05-02 08:38:30,424 | INFO     | faster_whisper | VAD filter removed 00:00.268 of audio
2026-05-02 08:38:47,981 | INFO     | assistant.voice_engine | [VOICE] Parole RMS=0.0020 — Whisper lancé
2026-05-02 08:38:47,982 | INFO     | faster_whisper | Processing audio with duration 00:01.980
2026-05-02 08:38:47,986 | INFO     | faster_whisper | VAD filter removed 00:01.456 of audio
2026-05-02 08:38:49,816 | INFO     | assistant.voice_engine | [VOICE] Transcription: 'merci.'
2026-05-02 08:38:49,818 | INFO     | assistant.voice_engine | [VOICE] Parole RMS=0.0027 — Whisper lancé
2026-05-02 08:38:49,818 | INFO     | faster_whisper | Processing audio with duration 00:01.980
2026-05-02 08:38:49,818 | INFO     | faster_whisper | VAD filter removed 00:00.000 of audio
2026-05-02 08:38:56,237 | INFO     | assistant.voice_engine | [VOICE] Transcription: 'merci.'
2026-05-02 08:38:56,238 | INFO     | assistant.voice_engine | [VOICE] Parole RMS=0.0160 — Whisper lancé
2026-05-02 08:38:56,238 | INFO     | faster_whisper | Processing audio with duration 00:01.980
2026-05-02 08:38:56,243 | INFO     | faster_whisper | VAD filter removed 00:00.684 of audio
2026-05-02 08:39:06,169 | INFO     | assistant.voice_engine | [VOICE] Transcription: 'je vais le faire, je vais le faire.'
INFO:     127.0.0.1:52972 - "GET /api/state HTTP/1.1" 200 OK
2026-05-02 08:39:55,067 | INFO     | assistant.voice_engine | [VOICE] Parole RMS=0.0022 — Whisper lancé
2026-05-02 08:39:55,067 | INFO     | faster_whisper | Processing audio with duration 00:01.980
2026-05-02 08:39:55,067 | INFO     | faster_whisper | VAD filter removed 00:01.488 of audio
2026-05-02 08:39:57,102 | INFO     | assistant.voice_engine | [VOICE] Transcription: 'sous-titres réalisés par la communauté d'amara.org'
2026-05-02 08:39:57,104 | INFO     | assistant.voice_engine | [VOICE] Parole RMS=0.0055 — Whisper lancé
2026-05-02 08:39:57,104 | INFO     | faster_whisper | Processing audio with duration 00:01.980
2026-05-02 08:39:57,107 | INFO     | faster_whisper | VAD filter removed 00:00.208 of audio
2026-05-02 08:39:58,971 | INFO     | assistant.voice_engine | [VOICE] Transcription: 'c'est'
2026-05-02 08:39:58,972 | INFO     | assistant.voice_engine | [VOICE] Parole RMS=0.0057 — Whisper lancé
2026-05-02 08:39:58,972 | INFO     | faster_whisper | Processing audio with duration 00:01.980
2026-05-02 08:39:58,976 | INFO     | faster_whisper | VAD filter removed 00:00.000 of audio
2026-05-02 08:40:01,004 | INFO     | assistant.voice_engine | [VOICE] Transcription: 'c'est beau, je suis ça, je suis ça'
INFO:     127.0.0.1:49726 - "GET /api/state HTTP/1.1" 200 OK
2026-05-02 08:40:59,389 | INFO     | data.gold_provider | [GOLD/TD] XAU/USD/4h → 500 bougies
2026-05-02 08:41:01,145 | INFO     | data.gold_provider | [GOLD/TD] XAU/USD/2h → 500 bougies
2026-05-02 08:41:02,641 | INFO     | data.gold_provider | [GOLD/TD] XAU/USD/1h → 500 bougies
2026-05-02 08:41:04,127 | INFO     | data.gold_provider | [GOLD/TD] XAU/USD/30m → 500 bougies
2026-05-02 08:41:05,577 | INFO     | data.gold_provider | [GOLD/TD] XAU/USD/15m → 500 bougies
2026-05-02 08:41:07,186 | INFO     | data.gold_provider | [GOLD/TD] XAU/USD/5m → 500 bougies
2026-05-02 08:41:08,715 | INFO     | data.gold_provider | [GOLD/TD] XAU/USD/1m → 500 bougies
2026-05-02 08:41:10,224 | INFO     | data.gold_provider | [GOLD/TD] XAU/USD/1d → 500 bougies
2026-05-02 08:41:13,289 | INFO     | execution.signal_manager | [SIGNAL] BTC/USDT ACHAT score=6/11 confs=['EMA200-H4 haussier', 'OB/FVG 30m (fvg)', 'OB/FVG double conf 15m', 'Rejet 5m/15m', 'Delta volume confirme', 'ADX régime RANGE'] cid=bc2089c8b740
INFO:     127.0.0.1:64090 - "GET /api/state HTTP/1.1" 200 OK
INFO:     127.0.0.1:63948 - "GET /api/state HTTP/1.1" 200 OK
2026-05-02 08:42:32,144 | INFO     | execution.signal_manager | [SIGNAL] PAXG/USDT VENTE score=7/11 confs=['EMA200-H4 baissier', 'OB/FVG 30m (fvg)', 'OB/FVG double conf 15m', 'Rejet 5m/15m', 'TRIX 5m', 'Delta volume confirme', 'ADX régime RANGE'] cid=4ab38e8f1b36
2026-05-02 08:42:32,391 | INFO     | notifications.telegram | [TG] Alerte envoyée PAXG/USDT score=7
2026-05-02 08:42:32,515 | INFO     | notifications.telegram | [TG] Alerte envoyée PAXG/USDT score=7
INFO:     127.0.0.1:64898 - "GET /api/state HTTP/1.1" 200 OK
2026-05-02 08:44:05,901 | INFO     | assistant.voice_engine | [VOICE] Parole RMS=0.0022 — Whisper lancé
2026-05-02 08:44:05,904 | INFO     | faster_whisper | Processing audio with duration 00:01.980
2026-05-02 08:44:05,908 | INFO     | faster_whisper | VAD filter removed 00:01.980 of audio
2026-05-02 08:44:06,382 | INFO     | assistant.voice_engine | [VOICE] Parole RMS=0.0023 — Whisper lancé
2026-05-02 08:44:06,382 | INFO     | faster_whisper | Processing audio with duration 00:01.980
2026-05-02 08:44:06,387 | INFO     | faster_whisper | VAD filter removed 00:01.980 of audio
2026-05-02 08:44:06,860 | INFO     | assistant.voice_engine | [VOICE] Parole RMS=0.0029 — Whisper lancé
2026-05-02 08:44:06,862 | INFO     | faster_whisper | Processing audio with duration 00:01.980
2026-05-02 08:44:06,863 | INFO     | faster_whisper | VAD filter removed 00:01.136 of audio
2026-05-02 08:44:11,976 | INFO     | data.gold_provider | [GOLD/TD] XAU/USD/4h → 500 bougies
2026-05-02 08:44:13,478 | INFO     | data.gold_provider | [GOLD/TD] XAU/USD/2h → 500 bougies
2026-05-02 08:44:14,517 | INFO     | assistant.voice_engine | [VOICE] Transcription: 'merci.'
2026-05-02 08:44:14,519 | INFO     | assistant.voice_engine | [VOICE] Parole RMS=0.0026 — Whisper lancé
2026-05-02 08:44:14,519 | INFO     | faster_whisper | Processing audio with duration 00:01.980
2026-05-02 08:44:14,523 | INFO     | faster_whisper | VAD filter removed 00:00.208 of audio
2026-05-02 08:44:14,971 | INFO     | data.gold_provider | [GOLD/TD] XAU/USD/1h → 500 bougies
2026-05-02 08:44:16,443 | INFO     | data.gold_provider | [GOLD/TD] XAU/USD/30m → 500 bougies
2026-05-02 08:44:17,936 | INFO     | data.gold_provider | [GOLD/TD] XAU/USD/15m → 500 bougies
2026-05-02 08:44:19,479 | INFO     | data.gold_provider | [GOLD/TD] XAU/USD/5m → 500 bougies
2026-05-02 08:44:20,954 | INFO     | data.gold_provider | [GOLD/TD] XAU/USD/1m → 500 bougies
2026-05-02 08:44:22,402 | INFO     | data.gold_provider | [GOLD/TD] XAU/USD/1d → 500 bougies
INFO:     127.0.0.1:60123 - "GET /api/state HTTP/1.1" 200 OK
2026-05-02 08:44:27,053 | INFO     | assistant.voice_engine | [VOICE] Transcription: 'c'est un chien.'
INFO:     127.0.0.1:59869 - "GET /api/state HTTP/1.1" 200 OK
INFO:     127.0.0.1:52512 - "GET /api/state HTTP/1.1" 200 OK
2026-05-02 08:47:17,340 | INFO     | execution.paper_trading | [PAPER] BTC/USDT LONG TP1 prix=78198.8383 pnl=-0.03$ (-0.0%)
2026-05-02 08:47:17,341 | INFO     | execution.paper_trading | [PAPER] BTC/USDT SL → breakeven (78206.7059)
2026-05-02 08:47:24,020 | INFO     | data.gold_provider | [GOLD/TD] XAU/USD/4h → 500 bougies
INFO:     127.0.0.1:49375 - "GET /api/state HTTP/1.1" 200 OK
2026-05-02 08:47:25,489 | INFO     | data.gold_provider | [GOLD/TD] XAU/USD/2h → 500 bougies
2026-05-02 08:47:26,943 | INFO     | data.gold_provider | [GOLD/TD] XAU/USD/1h → 500 bougies
2026-05-02 08:47:28,372 | INFO     | data.gold_provider | [GOLD/TD] XAU/USD/30m → 500 bougies
2026-05-02 08:47:29,917 | INFO     | data.gold_provider | [GOLD/TD] XAU/USD/15m → 500 bougies
2026-05-02 08:47:31,403 | INFO     | data.gold_provider | [GOLD/TD] XAU/USD/5m → 500 bougies
2026-05-02 08:47:32,870 | INFO     | data.gold_provider | [GOLD/TD] XAU/USD/1m → 500 bougies
2026-05-02 08:47:33,479 | INFO     | execution.signal_manager | [SIGNAL] PAXG/USDT VENTE score=6/11 confs=['EMA200-H4 baissier', 'OB/FVG 30m (fvg)', 'OB/FVG double conf 15m', 'TRIX 5m', 'Delta volume confirme', 'ADX régime RANGE'] cid=bf27aeff3d73
2026-05-02 08:47:34,325 | INFO     | data.gold_provider | [GOLD/TD] XAU/USD/1d → 500 bougies
INFO:     127.0.0.1:54589 - "GET /api/state HTTP/1.1" 200 OK
2026-05-02 08:49:04,749 | INFO     | execution.paper_trading | [PAPER] BTC/USDT LONG TP2 prix=78245.7061 pnl=+0.01$ (+0.0%)
INFO:     127.0.0.1:60626 - "GET /api/state HTTP/1.1" 200 OK
INFO:     127.0.0.1:63556 - "GET /api/state HTTP/1.1" 200 OK
2026-05-02 08:50:36,162 | INFO     | data.gold_provider | [GOLD/TD] XAU/USD/4h → 500 bougies
2026-05-02 08:50:37,692 | INFO     | data.gold_provider | [GOLD/TD] XAU/USD/2h → 500 bougies
2026-05-02 08:50:39,128 | INFO     | data.gold_provider | [GOLD/TD] XAU/USD/1h → 500 bougies
2026-05-02 08:50:40,585 | INFO     | data.gold_provider | [GOLD/TD] XAU/USD/30m → 500 bougies
2026-05-02 08:50:42,238 | INFO     | data.gold_provider | [GOLD/TD] XAU/USD/15m → 500 bougies
2026-05-02 08:50:43,695 | INFO     | data.gold_provider | [GOLD/TD] XAU/USD/5m → 500 bougies
2026-05-02 08:50:45,309 | INFO     | data.gold_provider | [GOLD/TD] XAU/USD/1m → 500 bougies
2026-05-02 08:50:46,757 | INFO     | data.gold_provider | [GOLD/TD] XAU/USD/1d → 500 bougies
INFO:     127.0.0.1:58734 - "GET /api/state HTTP/1.1" 200 OK
2026-05-02 08:51:54,875 | INFO     | assistant.voice_engine | [VOICE] Parole RMS=0.0021 — Whisper lancé
2026-05-02 08:51:54,876 | INFO     | faster_whisper | Processing audio with duration 00:01.980
2026-05-02 08:51:54,880 | INFO     | faster_whisper | VAD filter removed 00:01.488 of audio
2026-05-02 08:51:56,921 | INFO     | assistant.voice_engine | [VOICE] Transcription: 'sous-titres réalisés par la communauté d'amara.org'
2026-05-02 08:51:56,922 | INFO     | assistant.voice_engine | [VOICE] Parole RMS=0.0045 — Whisper lancé
2026-05-02 08:51:56,922 | INFO     | faster_whisper | Processing audio with duration 00:01.980
2026-05-02 08:51:56,927 | INFO     | faster_whisper | VAD filter removed 00:01.148 of audio
2026-05-02 08:51:58,990 | INFO     | assistant.voice_engine | [VOICE] Transcription: 'sous-titres réalisés par la communauté d'amara.org'
2026-05-02 08:51:58,990 | INFO     | assistant.voice_engine | [VOICE] Parole RMS=0.0040 — Whisper lancé
2026-05-02 08:51:58,992 | INFO     | faster_whisper | Processing audio with duration 00:01.980
2026-05-02 08:51:58,994 | INFO     | faster_whisper | VAD filter removed 00:01.488 of audio
2026-05-02 08:52:00,879 | INFO     | assistant.voice_engine | [VOICE] Parole RMS=0.0041 — Whisper lancé
2026-05-02 08:52:00,880 | INFO     | faster_whisper | Processing audio with duration 00:01.980
2026-05-02 08:52:00,883 | INFO     | faster_whisper | VAD filter removed 00:00.000 of audio
2026-05-02 08:52:06,938 | INFO     | assistant.voice_engine | [VOICE] Transcription: 'a tout à l'heure !'
2026-05-02 08:52:06,939 | INFO     | assistant.voice_engine | [VOICE] Parole RMS=0.0026 — Whisper lancé
2026-05-02 08:52:06,939 | INFO     | faster_whisper | Processing audio with duration 00:01.980
2026-05-02 08:52:06,943 | INFO     | faster_whisper | VAD filter removed 00:00.700 of audio
2026-05-02 08:52:08,942 | INFO     | assistant.voice_engine | [VOICE] Transcription: 'qu'est-ce qu'il y a là ?'
INFO:     127.0.0.1:57823 - "GET /api/state HTTP/1.1" 200 OK
2026-05-02 08:52:33,567 | INFO     | execution.signal_manager | [SIGNAL] PAXG/USDT VENTE score=6/11 confs=['EMA200-H4 baissier', 'OB/FVG 30m (fvg)', 'OB/FVG double conf 15m', 'TRIX 5m', 'Delta volume confirme', 'ADX régime RANGE'] cid=8efdc6f4d2e7
2026-05-02 08:52:39,844 | INFO     | assistant.voice_engine | [VOICE] Parole RMS=0.0023 — Whisper lancé
2026-05-02 08:52:39,845 | INFO     | faster_whisper | Processing audio with duration 00:01.980
2026-05-02 08:52:39,850 | INFO     | faster_whisper | VAD filter removed 00:01.488 of audio
2026-05-02 08:52:41,915 | INFO     | assistant.voice_engine | [VOICE] Transcription: 'sous-titres réalisés par la communauté d'amara.org'
2026-05-02 08:52:41,916 | INFO     | assistant.voice_engine | [VOICE] Parole RMS=0.0050 — Whisper lancé
2026-05-02 08:52:41,916 | INFO     | faster_whisper | Processing audio with duration 00:01.980
2026-05-02 08:52:41,920 | INFO     | faster_whisper | VAD filter removed 00:00.000 of audio
2026-05-02 08:52:43,899 | INFO     | assistant.voice_engine | [VOICE] Parole RMS=0.0045 — Whisper lancé
2026-05-02 08:52:43,900 | INFO     | faster_whisper | Processing audio with duration 00:01.980
2026-05-02 08:52:43,904 | INFO     | faster_whisper | VAD filter removed 00:00.460 of audio
2026-05-02 08:52:45,786 | INFO     | assistant.voice_engine | [VOICE] Parole RMS=0.0042 — Whisper lancé
2026-05-02 08:52:45,788 | INFO     | faster_whisper | Processing audio with duration 00:01.980
2026-05-02 08:52:45,791 | INFO     | faster_whisper | VAD filter removed 00:01.980 of audio
2026-05-02 08:52:46,268 | INFO     | assistant.voice_engine | [VOICE] Parole RMS=0.0040 — Whisper lancé
2026-05-02 08:52:46,270 | INFO     | faster_whisper | Processing audio with duration 00:01.980
2026-05-02 08:52:46,274 | INFO     | faster_whisper | VAD filter removed 00:01.980 of audio
2026-05-02 08:52:46,747 | INFO     | assistant.voice_engine | [VOICE] Parole RMS=0.0033 — Whisper lancé
2026-05-02 08:52:46,749 | INFO     | faster_whisper | Processing audio with duration 00:01.980
2026-05-02 08:52:46,753 | INFO     | faster_whisper | VAD filter removed 00:01.084 of audio
2026-05-02 08:52:48,784 | INFO     | assistant.voice_engine | [VOICE] Transcription: 'sous-titres réalisés par la communauté d'amara.org'
2026-05-02 08:52:48,785 | INFO     | assistant.voice_engine | [VOICE] Parole RMS=0.0057 — Whisper lancé
2026-05-02 08:52:48,785 | INFO     | faster_whisper | Processing audio with duration 00:01.980
2026-05-02 08:52:48,789 | INFO     | faster_whisper | VAD filter removed 00:00.784 of audio
2026-05-02 08:52:50,618 | INFO     | assistant.voice_engine | [VOICE] Parole RMS=0.0075 — Whisper lancé
2026-05-02 08:52:50,618 | INFO     | faster_whisper | Processing audio with duration 00:01.980
2026-05-02 08:52:50,621 | INFO     | faster_whisper | VAD filter removed 00:00.000 of audio
2026-05-02 08:52:52,507 | INFO     | assistant.voice_engine | [VOICE] Transcription: '...'
2026-05-02 08:52:52,508 | INFO     | assistant.voice_engine | [VOICE] Parole RMS=0.0068 — Whisper lancé
2026-05-02 08:52:52,508 | INFO     | faster_whisper | Processing audio with duration 00:01.980
2026-05-02 08:52:52,511 | INFO     | faster_whisper | VAD filter removed 00:00.000 of audio
2026-05-02 08:52:54,576 | INFO     | assistant.voice_engine | [VOICE] Parole RMS=0.0023 — Whisper lancé
2026-05-02 08:52:54,578 | INFO     | faster_whisper | Processing audio with duration 00:01.980
2026-05-02 08:52:54,582 | INFO     | faster_whisper | VAD filter removed 00:00.812 of audio
2026-05-02 08:53:02,683 | INFO     | assistant.voice_engine | [VOICE] Transcription: 'merci.'
INFO:     127.0.0.1:64863 - "GET /api/state HTTP/1.1" 200 OK
2026-05-02 08:53:48,531 | INFO     | data.gold_provider | [GOLD/TD] XAU/USD/4h → 500 bougies
2026-05-02 08:53:50,005 | INFO     | data.gold_provider | [GOLD/TD] XAU/USD/2h → 500 bougies
2026-05-02 08:53:51,439 | INFO     | data.gold_provider | [GOLD/TD] XAU/USD/1h → 500 bougies
2026-05-02 08:53:52,959 | INFO     | data.gold_provider | [GOLD/TD] XAU/USD/30m → 500 bougies
2026-05-02 08:53:54,408 | INFO     | data.gold_provider | [GOLD/TD] XAU/USD/15m → 500 bougies
2026-05-02 08:53:55,822 | INFO     | data.gold_provider | [GOLD/TD] XAU/USD/5m → 500 bougies
2026-05-02 08:53:57,261 | INFO     | data.gold_provider | [GOLD/TD] XAU/USD/1m → 500 bougies
2026-05-02 08:53:58,711 | INFO     | data.gold_provider | [GOLD/TD] XAU/USD/1d → 500 bougies
INFO:     127.0.0.1:63700 - "GET /api/state HTTP/1.1" 200 OK
INFO:     127.0.0.1:55620 - "GET /api/state HTTP/1.1" 200 OK
2026-05-02 08:55:40,316 | INFO     | execution.signal_manager | [SIGNAL] BTC/USDT ACHAT score=6/11 confs=['EMA200-H4 haussier', 'OB/FVG 30m (fvg)', 'OB/FVG double conf 15m', 'Rejet 5m/15m', 'Delta volume confirme', 'ADX régime RANGE'] cid=6064b6de13ff
INFO:     127.0.0.1:63891 - "GET /api/state HTTP/1.1" 200 OK
2026-05-02 08:57:00,421 | INFO     | data.gold_provider | [GOLD/TD] XAU/USD/4h → 500 bougies
2026-05-02 08:57:01,844 | INFO     | data.gold_provider | [GOLD/TD] XAU/USD/2h → 500 bougies
2026-05-02 08:57:03,311 | INFO     | data.gold_provider | [GOLD/TD] XAU/USD/1h → 500 bougies
2026-05-02 08:57:04,758 | INFO     | data.gold_provider | [GOLD/TD] XAU/USD/30m → 500 bougies
2026-05-02 08:57:06,253 | INFO     | data.gold_provider | [GOLD/TD] XAU/USD/15m → 500 bougies
2026-05-02 08:57:07,705 | INFO     | data.gold_provider | [GOLD/TD] XAU/USD/5m → 500 bougies
2026-05-02 08:57:09,175 | INFO     | data.gold_provider | [GOLD/TD] XAU/USD/1m → 500 bougies
2026-05-02 08:57:10,660 | INFO     | data.gold_provider | [GOLD/TD] XAU/USD/1d → 500 bougies
INFO:     127.0.0.1:55762 - "GET /api/state HTTP/1.1" 200 OK
2026-05-02 08:57:35,036 | INFO     | execution.signal_manager | [SIGNAL] PAXG/USDT VENTE score=6/11 confs=['EMA200-H4 baissier', 'OB/FVG 30m (fvg)', 'OB/FVG double conf 15m', 'TRIX 5m', 'Delta volume confirme', 'ADX régime RANGE'] cid=873437d4a6b6
INFO:     127.0.0.1:53226 - "GET /api/state HTTP/1.1" 200 OK
2026-05-02 08:58:46,523 | INFO     | assistant.voice_engine | [VOICE] Parole RMS=0.0024 — Whisper lancé
2026-05-02 08:58:46,525 | INFO     | faster_whisper | Processing audio with duration 00:01.980
2026-05-02 08:58:46,528 | INFO     | faster_whisper | VAD filter removed 00:01.328 of audio
2026-05-02 08:58:48,619 | INFO     | assistant.voice_engine | [VOICE] Transcription: 'sous-titres réalisés par la communauté d'amara.org'
2026-05-02 08:58:48,648 | INFO     | assistant.voice_engine | [VOICE] Parole RMS=0.0020 — Whisper lancé
2026-05-02 08:58:48,648 | INFO     | faster_whisper | Processing audio with duration 00:01.980
2026-05-02 08:58:48,659 | INFO     | faster_whisper | VAD filter removed 00:01.980 of audio
2026-05-02 08:58:49,127 | INFO     | assistant.voice_engine | [VOICE] Parole RMS=0.0025 — Whisper lancé
2026-05-02 08:58:49,129 | INFO     | faster_whisper | Processing audio with duration 00:01.980
2026-05-02 08:58:49,133 | INFO     | faster_whisper | VAD filter removed 00:01.980 of audio
2026-05-02 08:58:49,604 | INFO     | assistant.voice_engine | [VOICE] Parole RMS=0.0025 — Whisper lancé
2026-05-02 08:58:49,604 | INFO     | faster_whisper | Processing audio with duration 00:01.980
2026-05-02 08:58:49,611 | INFO     | faster_whisper | VAD filter removed 00:01.980 of audio
2026-05-02 08:58:50,082 | INFO     | assistant.voice_engine | [VOICE] Parole RMS=0.0025 — Whisper lancé
2026-05-02 08:58:50,082 | INFO     | faster_whisper | Processing audio with duration 00:01.980
2026-05-02 08:58:50,089 | INFO     | faster_whisper | VAD filter removed 00:01.980 of audio
2026-05-02 08:58:50,565 | INFO     | assistant.voice_engine | [VOICE] Parole RMS=0.0022 — Whisper lancé
2026-05-02 08:58:50,565 | INFO     | faster_whisper | Processing audio with duration 00:01.980
2026-05-02 08:58:50,569 | INFO     | faster_whisper | VAD filter removed 00:01.980 of audio
2026-05-02 08:58:51,045 | INFO     | assistant.voice_engine | [VOICE] Parole RMS=0.0034 — Whisper lancé
2026-05-02 08:58:51,045 | INFO     | faster_whisper | Processing audio with duration 00:01.980
2026-05-02 08:58:51,050 | INFO     | faster_whisper | VAD filter removed 00:01.072 of audio
2026-05-02 08:58:52,941 | INFO     | assistant.voice_engine | [VOICE] Parole RMS=0.0041 — Whisper lancé
2026-05-02 08:58:52,941 | INFO     | faster_whisper | Processing audio with duration 00:01.980
2026-05-02 08:58:52,945 | INFO     | faster_whisper | VAD filter removed 00:00.912 of audio
2026-05-02 08:58:54,830 | INFO     | assistant.voice_engine | [VOICE] Parole RMS=0.0048 — Whisper lancé
2026-05-02 08:58:54,830 | INFO     | faster_whisper | Processing audio with duration 00:01.980
2026-05-02 08:58:54,833 | INFO     | faster_whisper | VAD filter removed 00:01.980 of audio
2026-05-02 08:58:55,324 | INFO     | assistant.voice_engine | [VOICE] Parole RMS=0.0047 — Whisper lancé
2026-05-02 08:58:55,324 | INFO     | faster_whisper | Processing audio with duration 00:01.980
2026-05-02 08:58:55,335 | INFO     | faster_whisper | VAD filter removed 00:01.980 of audio
2026-05-02 08:58:55,786 | INFO     | assistant.voice_engine | [VOICE] Parole RMS=0.0047 — Whisper lancé
2026-05-02 08:58:55,786 | INFO     | faster_whisper | Processing audio with duration 00:01.980
2026-05-02 08:58:55,786 | INFO     | faster_whisper | VAD filter removed 00:01.980 of audio
2026-05-02 08:58:56,266 | INFO     | assistant.voice_engine | [VOICE] Parole RMS=0.0043 — Whisper lancé
2026-05-02 08:58:56,266 | INFO     | faster_whisper | Processing audio with duration 00:01.980
2026-05-02 08:58:56,266 | INFO     | faster_whisper | VAD filter removed 00:01.980 of audio
2026-05-02 08:58:56,745 | INFO     | assistant.voice_engine | [VOICE] Parole RMS=0.0032 — Whisper lancé
2026-05-02 08:58:56,745 | INFO     | faster_whisper | Processing audio with duration 00:01.980
2026-05-02 08:58:56,745 | INFO     | faster_whisper | VAD filter removed 00:01.980 of audio
2026-05-02 08:58:57,226 | INFO     | assistant.voice_engine | [VOICE] Parole RMS=0.0037 — Whisper lancé
2026-05-02 08:58:57,226 | INFO     | faster_whisper | Processing audio with duration 00:01.980
2026-05-02 08:58:57,226 | INFO     | faster_whisper | VAD filter removed 00:01.360 of audio
2026-05-02 08:58:59,303 | INFO     | assistant.voice_engine | [VOICE] Transcription: 'sous-titres réalisés par la communauté d'amara.org'
2026-05-02 08:58:59,303 | INFO     | assistant.voice_engine | [VOICE] Parole RMS=0.0021 — Whisper lancé
2026-05-02 08:58:59,305 | INFO     | faster_whisper | Processing audio with duration 00:01.980
2026-05-02 08:58:59,305 | INFO     | faster_whisper | VAD filter removed 00:01.980 of audio
INFO:     127.0.0.1:50417 - "GET /api/state HTTP/1.1" 200 OK
2026-05-02 08:59:33,091 | INFO     | execution.paper_trading | [PAPER] BTC/USDT LONG TP3 prix=78284.7625 pnl=+0.04$ (+0.0%)
2026-05-02 08:59:33,092 | INFO     | execution.paper_trading | [PAPER] 🔒 FERMÉ BTC/USDT LONG | pnl=+0.01$ (0.0%) | raison=tp_cascade durée=34min
2026-05-02 08:59:50,183 | INFO     | assistant.voice_engine | [VOICE] Parole RMS=0.0024 — Whisper lancé
2026-05-02 08:59:50,184 | INFO     | faster_whisper | Processing audio with duration 00:01.980
2026-05-02 08:59:50,188 | INFO     | faster_whisper | VAD filter removed 00:01.520 of audio
2026-05-02 08:59:52,251 | INFO     | assistant.voice_engine | [VOICE] Transcription: 'sous-titres réalisés par la communauté d'amara.org'
2026-05-02 08:59:52,253 | INFO     | assistant.voice_engine | [VOICE] Parole RMS=0.0056 — Whisper lancé
2026-05-02 08:59:52,253 | INFO     | faster_whisper | Processing audio with duration 00:01.980
2026-05-02 08:59:52,257 | INFO     | faster_whisper | VAD filter removed 00:00.176 of audio
2026-05-02 08:59:54,315 | INFO     | assistant.voice_engine | [VOICE] Transcription: 'sous-titres réalisés par la communauté d'amara.org'
2026-05-02 09:00:12,682 | INFO     | data.gold_provider | [GOLD/TD] XAU/USD/4h → 500 bougies
2026-05-02 09:00:17,205 | INFO     | data.gold_provider | [GOLD/TD] XAU/USD/2h → 500 bougies
2026-05-02 09:00:19,623 | INFO     | data.gold_provider | [GOLD/TD] XAU/USD/1h → 500 bougies
2026-05-02 09:00:21,280 | INFO     | data.gold_provider | [GOLD/TD] XAU/USD/30m → 500 bougies
2026-05-02 09:00:24,175 | INFO     | data.gold_provider | [GOLD/TD] XAU/USD/15m → 500 bougies
2026-05-02 09:00:25,739 | INFO     | data.gold_provider | [GOLD/TD] XAU/USD/5m → 500 bougies
INFO:     127.0.0.1:62192 - "GET /api/state HTTP/1.1" 200 OK
2026-05-02 09:00:27,447 | INFO     | data.gold_provider | [GOLD/TD] XAU/USD/1m → 500 bougies
2026-05-02 09:00:28,993 | INFO     | data.gold_provider | [GOLD/TD] XAU/USD/1d → 500 bougies
2026-05-02 09:00:35,600 | INFO     | assistant.voice_engine | [VOICE] Parole RMS=0.0038 — Whisper lancé
2026-05-02 09:00:35,602 | INFO     | faster_whisper | Processing audio with duration 00:01.980
2026-05-02 09:00:35,606 | INFO     | faster_whisper | VAD filter removed 00:01.980 of audio
2026-05-02 09:00:36,081 | INFO     | assistant.voice_engine | [VOICE] Parole RMS=0.0223 — Whisper lancé
2026-05-02 09:00:36,082 | INFO     | faster_whisper | Processing audio with duration 00:01.980
2026-05-02 09:00:36,086 | INFO     | faster_whisper | VAD filter removed 00:01.072 of audio
2026-05-02 09:00:40,816 | INFO     | assistant.voice_engine | [VOICE] Transcription: 't'inquiètes pas.'
2026-05-02 09:00:42,422 | INFO     | execution.signal_manager | [SIGNAL] BTC/USDT ACHAT score=6/11 confs=['EMA200-H4 haussier', 'OB/FVG 30m (fvg)', 'OB/FVG double conf 15m', 'Rejet 5m/15m', 'Delta volume confirme', 'ADX régime RANGE'] cid=f88044c89c54
2026-05-02 09:00:42,440 | INFO     | execution.paper_trading | [PAPER] ✅ OUVERTURE BTC/USDT LONG | prix=78389.1853 size=179.1$ sl=78232.5009 tp1=78428.3564 tp2=78475.3617 tp3=78514.5328 | score=6 cid=f88044c89c54
2026-05-02 09:00:42,888 | INFO     | assistant.voice_engine | [VOICE] Parole RMS=0.0022 — Whisper lancé
2026-05-02 09:00:42,888 | INFO     | faster_whisper | Processing audio with duration 00:01.980
2026-05-02 09:00:42,893 | INFO     | faster_whisper | VAD filter removed 00:00.912 of audio
2026-05-02 09:00:44,685 | INFO     | assistant.voice_engine | [VOICE] Parole RMS=0.0044 — Whisper lancé
2026-05-02 09:00:44,690 | INFO     | faster_whisper | Processing audio with duration 00:01.980
2026-05-02 09:00:44,693 | INFO     | faster_whisper | VAD filter removed 00:01.132 of audio
2026-05-02 09:00:52,733 | INFO     | assistant.voice_engine | [VOICE] Transcription: 'merci.'
2026-05-02 09:00:54,504 | INFO     | assistant.voice_engine | [VOICE] Parole RMS=0.0040 — Whisper lancé
2026-05-02 09:00:54,505 | INFO     | faster_whisper | Processing audio with duration 00:01.980
2026-05-02 09:00:54,509 | INFO     | faster_whisper | VAD filter removed 00:01.980 of audio
2026-05-02 09:00:54,985 | INFO     | assistant.voice_engine | [VOICE] Parole RMS=0.0232 — Whisper lancé
2026-05-02 09:00:54,985 | INFO     | faster_whisper | Processing audio with duration 00:01.980
2026-05-02 09:00:54,990 | INFO     | faster_whisper | VAD filter removed 00:01.072 of audio
2026-05-02 09:00:56,840 | INFO     | assistant.voice_engine | [VOICE] Transcription: 'c'est bien'
2026-05-02 09:00:56,841 | INFO     | assistant.voice_engine | [VOICE] Parole RMS=0.0099 — Whisper lancé
2026-05-02 09:00:56,841 | INFO     | faster_whisper | Processing audio with duration 00:01.980
2026-05-02 09:00:56,845 | INFO     | faster_whisper | VAD filter removed 00:00.000 of audio
2026-05-02 09:01:01,737 | INFO     | assistant.voice_engine | [VOICE] Transcription: 'alors, c'est...'
2026-05-02 09:01:04,585 | INFO     | assistant.voice_engine | [VOICE] Parole RMS=0.0021 — Whisper lancé
2026-05-02 09:01:04,586 | INFO     | faster_whisper | Processing audio with duration 00:01.980
2026-05-02 09:01:04,590 | INFO     | faster_whisper | VAD filter removed 00:01.552 of audio
2026-05-02 09:01:06,767 | INFO     | assistant.voice_engine | [VOICE] Transcription: 'sous-titres réalisés par la communauté d'amara.org'
2026-05-02 09:01:06,767 | INFO     | assistant.voice_engine | [VOICE] Parole RMS=0.0020 — Whisper lancé
2026-05-02 09:01:06,771 | INFO     | faster_whisper | Processing audio with duration 00:01.980
2026-05-02 09:01:06,773 | INFO     | faster_whisper | VAD filter removed 00:00.892 of audio
2026-05-02 09:01:08,809 | INFO     | assistant.voice_engine | [VOICE] Parole RMS=0.0039 — Whisper lancé
2026-05-02 09:01:08,811 | INFO     | faster_whisper | Processing audio with duration 00:01.980
2026-05-02 09:01:08,814 | INFO     | faster_whisper | VAD filter removed 00:00.988 of audio
2026-05-02 09:01:13,342 | INFO     | assistant.voice_engine | [VOICE] Transcription: 'ah'
INFO:     127.0.0.1:65086 - "GET /api/state HTTP/1.1" 200 OK
INFO:     127.0.0.1:54689 - "GET /api/state HTTP/1.1" 200 OK
2026-05-02 09:02:35,960 | INFO     | execution.signal_manager | [SIGNAL] PAXG/USDT VENTE score=7/11 confs=['EMA200-H4 baissier', 'OB/FVG 30m (fvg)', 'OB/FVG double conf 15m', 'Rejet 5m/15m', 'TRIX 5m', 'Delta volume confirme', 'ADX régime RANGE'] cid=f5253f7dc19c
2026-05-02 09:02:36,191 | INFO     | notifications.telegram | [TG] Alerte envoyée PAXG/USDT score=7
2026-05-02 09:02:36,313 | INFO     | notifications.telegram | [TG] Alerte envoyée PAXG/USDT score=7
INFO:     127.0.0.1:54231 - "GET /api/state HTTP/1.1" 200 OK
2026-05-02 09:03:30,894 | INFO     | data.gold_provider | [GOLD/TD] XAU/USD/4h → 500 bougies
2026-05-02 09:03:32,351 | INFO     | data.gold_provider | [GOLD/TD] XAU/USD/2h → 500 bougies
2026-05-02 09:03:33,924 | INFO     | data.gold_provider | [GOLD/TD] XAU/USD/1h → 500 bougies
2026-05-02 09:03:35,360 | INFO     | data.gold_provider | [GOLD/TD] XAU/USD/30m → 500 bougies
2026-05-02 09:03:36,799 | INFO     | data.gold_provider | [GOLD/TD] XAU/USD/15m → 500 bougies
2026-05-02 09:03:38,672 | INFO     | data.gold_provider | [GOLD/TD] XAU/USD/5m → 500 bougies
2026-05-02 09:03:40,186 | INFO     | data.gold_provider | [GOLD/TD] XAU/USD/1m → 500 bougies
2026-05-02 09:03:41,626 | INFO     | data.gold_provider | [GOLD/TD] XAU/USD/1d → 500 bougies
INFO:     127.0.0.1:49327 - "GET /api/state HTTP/1.1" 200 OK
INFO:     127.0.0.1:62789 - "GET /api/state HTTP/1.1" 200 OK
INFO:     127.0.0.1:52758 - "GET /api/state HTTP/1.1" 200 OK
2026-05-02 09:06:43,197 | INFO     | data.gold_provider | [GOLD/TD] XAU/USD/4h → 500 bougies
2026-05-02 09:06:44,743 | INFO     | data.gold_provider | [GOLD/TD] XAU/USD/2h → 500 bougies
INFO:     127.0.0.1:62956 - "GET /api/state HTTP/1.1" 200 OK
2026-05-02 09:06:46,282 | INFO     | data.gold_provider | [GOLD/TD] XAU/USD/1h → 500 bougies
INFO:     127.0.0.1:62956 - "GET /api/state HTTP/1.1" 200 OK
2026-05-02 09:06:47,868 | INFO     | data.gold_provider | [GOLD/TD] XAU/USD/30m → 500 bougies
2026-05-02 09:06:49,350 | INFO     | data.gold_provider | [GOLD/TD] XAU/USD/15m → 500 bougies
2026-05-02 09:06:50,815 | INFO     | data.gold_provider | [GOLD/TD] XAU/USD/5m → 500 bougies
2026-05-02 09:06:52,256 | INFO     | data.gold_provider | [GOLD/TD] XAU/USD/1m → 500 bougies
INFO:     127.0.0.1:62956 - "GET /api/state HTTP/1.1" 200 OK
2026-05-02 09:06:53,703 | INFO     | data.gold_provider | [GOLD/TD] XAU/USD/1d → 500 bougies
INFO:     127.0.0.1:62956 - "GET /api/state HTTP/1.1" 200 OK
INFO:     127.0.0.1:62956 - "GET /api/state HTTP/1.1" 200 OK
INFO:     127.0.0.1:62956 - "GET /api/state HTTP/1.1" 200 OK
INFO:     127.0.0.1:62956 - "GET /api/state HTTP/1.1" 200 OK
INFO:     127.0.0.1:62956 - "GET /api/state HTTP/1.1" 200 OK
INFO:     127.0.0.1:62956 - "GET /paper/state HTTP/1.1" 200 OK
INFO:     127.0.0.1:62956 - "GET /paper/equity-curve?last_n=300 HTTP/1.1" 200 OK
INFO:     127.0.0.1:62956 - "GET /api/state HTTP/1.1" 200 OK
INFO:     127.0.0.1:49329 - "GET /paper/state HTTP/1.1" 200 OK
INFO:     127.0.0.1:62956 - "GET /paper/equity-curve?last_n=300 HTTP/1.1" 200 OK
INFO:     127.0.0.1:62956 - "GET /api/state HTTP/1.1" 200 OK
INFO:     127.0.0.1:60285 - "GET /paper/equity-curve?last_n=300 HTTP/1.1" 200 OK
INFO:     127.0.0.1:62956 - "GET /paper/state HTTP/1.1" 200 OK
INFO:     127.0.0.1:62956 - "GET /api/state HTTP/1.1" 200 OK
INFO:     127.0.0.1:62668 - "GET /paper/equity-curve?last_n=300 HTTP/1.1" 200 OK
INFO:     127.0.0.1:62956 - "GET /paper/state HTTP/1.1" 200 OK
INFO:     127.0.0.1:62956 - "GET /api/state HTTP/1.1" 200 OK
INFO:     127.0.0.1:63403 - "GET /paper/equity-curve?last_n=300 HTTP/1.1" 200 OK
INFO:     127.0.0.1:62956 - "GET /paper/state HTTP/1.1" 200 OK
2026-05-02 09:07:37,644 | INFO     | execution.signal_manager | [SIGNAL] PAXG/USDT VENTE score=6/11 confs=['EMA200-H4 baissier', 'OB/FVG 30m (fvg)', 'OB/FVG double conf 15m', 'Rejet 5m/15m', 'TRIX 5m', 'ADX régime RANGE'] cid=5abb9988b089
INFO:     127.0.0.1:62956 - "GET /api/state HTTP/1.1" 200 OK
INFO:     127.0.0.1:54177 - "GET /paper/equity-curve?last_n=300 HTTP/1.1" 200 OK
INFO:     127.0.0.1:62956 - "GET /paper/state HTTP/1.1" 200 OK
INFO:     127.0.0.1:62956 - "GET /api/state HTTP/1.1" 200 OK
INFO:     127.0.0.1:62861 - "GET /paper/equity-curve?last_n=300 HTTP/1.1" 200 OK
INFO:     127.0.0.1:62956 - "GET /paper/state HTTP/1.1" 200 OK
INFO:     127.0.0.1:56278 - "GET /api/state HTTP/1.1" 200 OK
INFO:     127.0.0.1:56278 - "GET /paper/state HTTP/1.1" 200 OK
INFO:     127.0.0.1:56278 - "GET /paper/equity-curve?last_n=300 HTTP/1.1" 200 OK
INFO:     127.0.0.1:56278 - "GET /api/state HTTP/1.1" 200 OK
INFO:     127.0.0.1:62767 - "GET /paper/state HTTP/1.1" 200 OK
INFO:     127.0.0.1:50722 - "GET /paper/equity-curve?last_n=300 HTTP/1.1" 200 OK
INFO:     127.0.0.1:54275 - "GET /paper/equity-curve?last_n=300 HTTP/1.1" 200 OK
INFO:     127.0.0.1:55370 - "GET /paper/state HTTP/1.1" 200 OK
INFO:     127.0.0.1:51414 - "GET /api/state HTTP/1.1" 200 OK
INFO:     127.0.0.1:51414 - "GET /api/state HTTP/1.1" 200 OK
INFO:     127.0.0.1:55370 - "GET /paper/state HTTP/1.1" 200 OK
INFO:     127.0.0.1:54275 - "GET /paper/equity-curve?last_n=300 HTTP/1.1" 200 OK
INFO:     127.0.0.1:51161 - "GET /api/state HTTP/1.1" 200 OK
INFO:     127.0.0.1:52193 - "GET /paper/state HTTP/1.1" 200 OK
INFO:     127.0.0.1:51115 - "GET /paper/equity-curve?last_n=300 HTTP/1.1" 200 OK
INFO:     127.0.0.1:51115 - "GET /api/state HTTP/1.1" 200 OK
INFO:     127.0.0.1:52193 - "GET /paper/state HTTP/1.1" 200 OK
INFO:     127.0.0.1:51161 - "GET /paper/equity-curve?last_n=300 HTTP/1.1" 200 OK
INFO:     127.0.0.1:51161 - "GET /api/state HTTP/1.1" 200 OK
INFO:     127.0.0.1:56713 - "GET /paper/state HTTP/1.1" 200 OK
INFO:     127.0.0.1:51161 - "GET /paper/equity-curve?last_n=300 HTTP/1.1" 200 OK
INFO:     127.0.0.1:51161 - "GET /api/state HTTP/1.1" 200 OK
INFO:     127.0.0.1:64967 - "GET /paper/equity-curve?last_n=300 HTTP/1.1" 200 OK
INFO:     127.0.0.1:51161 - "GET /paper/state HTTP/1.1" 200 OK
INFO:     127.0.0.1:51161 - "GET /api/state HTTP/1.1" 200 OK
INFO:     127.0.0.1:50414 - "GET /paper/equity-curve?last_n=300 HTTP/1.1" 200 OK
INFO:     127.0.0.1:51161 - "GET /paper/state HTTP/1.1" 200 OK
INFO:     127.0.0.1:51161 - "GET /api/state HTTP/1.1" 200 OK
INFO:     127.0.0.1:51161 - "GET /api/state HTTP/1.1" 200 OK
INFO:     127.0.0.1:51161 - "GET /api/state HTTP/1.1" 200 OK
INFO:     127.0.0.1:51161 - "GET /api/state HTTP/1.1" 200 OK
INFO:     127.0.0.1:51161 - "GET /api/state HTTP/1.1" 200 OK
INFO:     127.0.0.1:51161 - "GET /api/state HTTP/1.1" 200 OK
INFO:     127.0.0.1:51161 - "GET /api/state HTTP/1.1" 200 OK
INFO:     127.0.0.1:51161 - "GET /api/state HTTP/1.1" 200 OK
INFO:     127.0.0.1:51161 - "GET /api/state HTTP/1.1" 200 OK
INFO:     127.0.0.1:51161 - "GET /api/state HTTP/1.1" 200 OK
INFO:     127.0.0.1:51161 - "GET /api/state HTTP/1.1" 200 OK
2026-05-02 09:09:08,665 | WARNING  | vision.ollama_vision | [VISION] llava attempt 1/2: Ollama HTTP 500: {"error":"model requires more system memory (4.3 GiB) than is available (3.8 GiB)"}
2026-05-02 09:09:10,010 | WARNING  | vision.ollama_vision | [VISION] llava attempt 2/2: Ollama HTTP 500: {"error":"model requires more system memory (4.3 GiB) than is available (3.8 GiB)"}
2026-05-02 09:09:10,010 | WARNING  | vision.ollama_vision | [VISION] Fallback texte-only — Ollama HTTP 500: {"error":"model requires more system memory (4.3 GiB) than is available (3.8 GiB)"}
INFO:     127.0.0.1:51161 - "POST /api/chat HTTP/1.1" 200 OK
INFO:     127.0.0.1:51161 - "GET /api/state HTTP/1.1" 200 OK
INFO:     127.0.0.1:51161 - "GET /api/state HTTP/1.1" 200 OK
INFO:     127.0.0.1:51161 - "GET /api/state HTTP/1.1" 200 OK
INFO:     127.0.0.1:51161 - "GET /api/state HTTP/1.1" 200 OK
INFO:     127.0.0.1:51161 - "GET /api/state HTTP/1.1" 200 OK
INFO:     127.0.0.1:61127 - "GET /api/state HTTP/1.1" 200 OK
INFO:     127.0.0.1:61127 - "GET /api/state HTTP/1.1" 200 OK
INFO:     127.0.0.1:61127 - "GET /api/state HTTP/1.1" 200 OK
INFO:     127.0.0.1:61127 - "GET /api/state HTTP/1.1" 200 OK
2026-05-02 09:09:55,409 | INFO     | data.gold_provider | [GOLD/TD] XAU/USD/4h → 500 bougies
2026-05-02 09:09:56,892 | INFO     | data.gold_provider | [GOLD/TD] XAU/USD/2h → 500 bougies
INFO:     127.0.0.1:56977 - "GET /api/state HTTP/1.1" 200 OK
2026-05-02 09:09:58,365 | INFO     | data.gold_provider | [GOLD/TD] XAU/USD/1h → 500 bougies
2026-05-02 09:09:59,829 | INFO     | data.gold_provider | [GOLD/TD] XAU/USD/30m → 500 bougies
2026-05-02 09:10:01,269 | INFO     | data.gold_provider | [GOLD/TD] XAU/USD/15m → 500 bougies
2026-05-02 09:10:02,757 | INFO     | data.gold_provider | [GOLD/TD] XAU/USD/5m → 500 bougies
INFO:     127.0.0.1:59866 - "GET /api/state HTTP/1.1" 200 OK
2026-05-02 09:10:05,162 | INFO     | data.gold_provider | [GOLD/TD] XAU/USD/1m → 500 bougies
2026-05-02 09:10:06,816 | INFO     | data.gold_provider | [GOLD/TD] XAU/USD/1d → 500 bougies
INFO:     127.0.0.1:59866 - "GET /api/state HTTP/1.1" 200 OK
INFO:     127.0.0.1:59866 - "GET /api/state HTTP/1.1" 200 OK
INFO:     127.0.0.1:59866 - "GET /api/state HTTP/1.1" 200 OK
INFO:     127.0.0.1:61776 - "GET /api/state HTTP/1.1" 200 OK
INFO:     127.0.0.1:61776 - "GET /api/state HTTP/1.1" 200 OK
INFO:     127.0.0.1:61776 - "GET /api/state HTTP/1.1" 200 OK
INFO:     127.0.0.1:61776 - "GET /api/state HTTP/1.1" 200 OK
INFO:     127.0.0.1:58034 - "GET /api/state HTTP/1.1" 200 OK
INFO:     127.0.0.1:58034 - "GET /api/state HTTP/1.1" 200 OK
INFO:     127.0.0.1:58034 - "GET /api/state HTTP/1.1" 200 OK
INFO:     127.0.0.1:62046 - "GET /api/state HTTP/1.1" 200 OK
INFO:     127.0.0.1:62046 - "GET /api/state HTTP/1.1" 200 OK
INFO:     127.0.0.1:62046 - "GET /api/state HTTP/1.1" 200 OK
INFO:     127.0.0.1:62046 - "GET /api/state HTTP/1.1" 200 OK
INFO:     127.0.0.1:59316 - "GET /api/state HTTP/1.1" 200 OK
INFO:     127.0.0.1:59316 - "GET /api/state HTTP/1.1" 200 OK
INFO:     127.0.0.1:59316 - "GET /api/state HTTP/1.1" 200 OK
2026-05-02 09:11:30,554 | INFO     | assistant.voice_engine | [VOICE] Parole RMS=0.0022 — Whisper lancé
2026-05-02 09:11:30,554 | INFO     | faster_whisper | Processing audio with duration 00:01.980
2026-05-02 09:11:30,558 | INFO     | faster_whisper | VAD filter removed 00:01.552 of audio
2026-05-02 09:11:32,802 | INFO     | assistant.voice_engine | [VOICE] Transcription: 'sous-titres réalisés par la communauté d'amara.org'
2026-05-02 09:11:32,804 | INFO     | assistant.voice_engine | [VOICE] Parole RMS=0.0440 — Whisper lancé
2026-05-02 09:11:32,804 | INFO     | faster_whisper | Processing audio with duration 00:01.980
2026-05-02 09:11:32,808 | INFO     | faster_whisper | VAD filter removed 00:00.320 of audio
INFO:     127.0.0.1:57144 - "GET /api/state HTTP/1.1" 200 OK
INFO:     127.0.0.1:51828 - "GET /api/state HTTP/1.1" 200 OK
2026-05-02 09:11:39,161 | INFO     | assistant.voice_engine | [VOICE] Transcription: 'en tout cas, au revoir.'
2026-05-02 09:11:39,163 | INFO     | assistant.voice_engine | [VOICE] Parole RMS=0.0023 — Whisper lancé
2026-05-02 09:11:39,163 | INFO     | faster_whisper | Processing audio with duration 00:01.980
2026-05-02 09:11:39,167 | INFO     | faster_whisper | VAD filter removed 00:00.656 of audio
2026-05-02 09:11:41,135 | INFO     | assistant.voice_engine | [VOICE] Transcription: 'merci.'
2026-05-02 09:11:41,282 | INFO     | assistant.voice_engine | [VOICE] Parole RMS=0.0023 — Whisper lancé
2026-05-02 09:11:41,284 | INFO     | faster_whisper | Processing audio with duration 00:01.980
2026-05-02 09:11:41,288 | INFO     | faster_whisper | VAD filter removed 00:01.552 of audio
INFO:     127.0.0.1:51828 - "GET /api/state HTTP/1.1" 200 OK
2026-05-02 09:11:43,450 | INFO     | assistant.voice_engine | [VOICE] Transcription: 'sous-titres réalisés par la communauté d'amara.org'
INFO:     127.0.0.1:51828 - "GET /api/state HTTP/1.1" 200 OK
INFO:     127.0.0.1:58285 - "GET /api/state HTTP/1.1" 200 OK
INFO:     127.0.0.1:58285 - "GET /api/state HTTP/1.1" 200 OK
INFO:     127.0.0.1:58285 - "GET /api/state HTTP/1.1" 200 OK
INFO:     127.0.0.1:58285 - "GET /api/state HTTP/1.1" 200 OK
INFO:     127.0.0.1:52651 - "GET /api/state HTTP/1.1" 200 OK
INFO:     127.0.0.1:60667 - "GET /api/state HTTP/1.1" 200 OK
2026-05-02 09:12:32,977 | INFO     | assistant.voice_engine | [VOICE] Parole RMS=0.0060 — Whisper lancé
2026-05-02 09:12:32,979 | INFO     | faster_whisper | Processing audio with duration 00:01.980
2026-05-02 09:12:32,982 | INFO     | faster_whisper | VAD filter removed 00:01.552 of audio
2026-05-02 09:12:35,044 | INFO     | assistant.voice_engine | [VOICE] Transcription: 'sous-titres réalisés par la communauté d'amara.org'
2026-05-02 09:12:35,046 | INFO     | assistant.voice_engine | [VOICE] Parole RMS=0.0415 — Whisper lancé
2026-05-02 09:12:35,047 | INFO     | faster_whisper | Processing audio with duration 00:01.980
2026-05-02 09:12:35,050 | INFO     | faster_whisper | VAD filter removed 00:00.000 of audio
2026-05-02 09:12:37,180 | INFO     | assistant.voice_engine | [VOICE] Transcription: 'j'attends un peu ma mère qui fait...'
2026-05-02 09:12:38,761 | INFO     | execution.signal_manager | [SIGNAL] PAXG/USDT VENTE score=6/11 confs=['EMA200-H4 baissier', 'OB/FVG 30m (fvg)', 'OB/FVG double conf 15m', 'Rejet 5m/15m', 'TRIX 5m', 'ADX régime RANGE'] cid=9908a1d47b2b
2026-05-02 09:12:45,701 | INFO     | assistant.voice_engine | [VOICE] Parole RMS=0.0025 — Whisper lancé
2026-05-02 09:12:45,702 | INFO     | faster_whisper | Processing audio with duration 00:01.980
2026-05-02 09:12:45,705 | INFO     | faster_whisper | VAD filter removed 00:01.392 of audio
2026-05-02 09:12:47,621 | INFO     | assistant.voice_engine | [VOICE] Parole RMS=0.0215 — Whisper lancé
2026-05-02 09:12:47,622 | INFO     | faster_whisper | Processing audio with duration 00:01.980
2026-05-02 09:12:47,625 | INFO     | faster_whisper | VAD filter removed 00:00.684 of audio
2026-05-02 09:12:52,926 | INFO     | assistant.voice_engine | [VOICE] Transcription: 'merci, monsieur le président.'
2026-05-02 09:12:52,926 | INFO     | assistant.voice_engine | [VOICE] Parole RMS=0.0133 — Whisper lancé
2026-05-02 09:12:52,926 | INFO     | faster_whisper | Processing audio with duration 00:01.980
2026-05-02 09:12:52,926 | INFO     | faster_whisper | VAD filter removed 00:00.000 of audio
2026-05-02 09:12:54,885 | INFO     | assistant.voice_engine | [VOICE] Transcription: 'c'était prêt ou quoi?'
2026-05-02 09:12:54,886 | INFO     | assistant.voice_engine | [VOICE] Parole RMS=0.0083 — Whisper lancé
2026-05-02 09:12:54,887 | INFO     | faster_whisper | Processing audio with duration 00:01.980
2026-05-02 09:12:54,890 | INFO     | faster_whisper | VAD filter removed 00:01.292 of audio
2026-05-02 09:12:56,891 | INFO     | assistant.voice_engine | [VOICE] Transcription: 'non'
2026-05-02 09:12:56,893 | INFO     | assistant.voice_engine | [VOICE] Parole RMS=0.0230 — Whisper lancé
2026-05-02 09:12:56,893 | INFO     | faster_whisper | Processing audio with duration 00:01.980
2026-05-02 09:12:56,897 | INFO     | faster_whisper | VAD filter removed 00:00.160 of audio
2026-05-02 09:13:02,289 | INFO     | assistant.voice_engine | [VOICE] Transcription: 'qu'est-ce que ça? ouais.'
2026-05-02 09:13:02,290 | INFO     | assistant.voice_engine | [VOICE] Parole RMS=0.0185 — Whisper lancé
2026-05-02 09:13:02,291 | INFO     | faster_whisper | Processing audio with duration 00:01.980
2026-05-02 09:13:02,296 | INFO     | faster_whisper | VAD filter removed 00:00.432 of audio
2026-05-02 09:13:04,395 | INFO     | assistant.voice_engine | [VOICE] Transcription: 'on va voir si on s'est baigné.'
2026-05-02 09:13:04,659 | INFO     | assistant.voice_engine | [VOICE] Parole RMS=0.0024 — Whisper lancé
2026-05-02 09:13:04,661 | INFO     | faster_whisper | Processing audio with duration 00:01.980
2026-05-02 09:13:04,661 | INFO     | faster_whisper | VAD filter removed 00:01.552 of audio
2026-05-02 09:13:06,789 | INFO     | assistant.voice_engine | [VOICE] Transcription: 'sous-titres réalisés par la communauté d'amara.org'
2026-05-02 09:13:06,790 | INFO     | assistant.voice_engine | [VOICE] Parole RMS=0.0106 — Whisper lancé
2026-05-02 09:13:06,790 | INFO     | faster_whisper | Processing audio with duration 00:01.980
2026-05-02 09:13:06,795 | INFO     | faster_whisper | VAD filter removed 00:01.164 of audio
2026-05-02 09:13:08,621 | INFO     | data.gold_provider | [GOLD/TD] XAU/USD/4h → 500 bougies
2026-05-02 09:13:10,335 | INFO     | data.gold_provider | [GOLD/TD] XAU/USD/2h → 500 bougies
2026-05-02 09:13:11,866 | INFO     | assistant.voice_engine | [VOICE] Transcription: 'bonne journée.'
2026-05-02 09:13:11,869 | INFO     | data.gold_provider | [GOLD/TD] XAU/USD/1h → 500 bougies
2026-05-02 09:13:11,869 | INFO     | assistant.voice_engine | [VOICE] Parole RMS=0.1262 — Whisper lancé
2026-05-02 09:13:11,871 | INFO     | faster_whisper | Processing audio with duration 00:01.980
2026-05-02 09:13:11,879 | INFO     | faster_whisper | VAD filter removed 00:00.000 of audio
2026-05-02 09:13:13,384 | INFO     | data.gold_provider | [GOLD/TD] XAU/USD/30m → 500 bougies
2026-05-02 09:13:14,878 | INFO     | data.gold_provider | [GOLD/TD] XAU/USD/15m → 500 bougies
2026-05-02 09:13:16,359 | INFO     | data.gold_provider | [GOLD/TD] XAU/USD/5m → 500 bougies
2026-05-02 09:13:17,234 | INFO     | assistant.voice_engine | [VOICE] Transcription: 'roséanie jetsengen'
2026-05-02 09:13:17,234 | INFO     | assistant.voice_engine | [VOICE] Parole RMS=0.0442 — Whisper lancé
2026-05-02 09:13:17,234 | INFO     | faster_whisper | Processing audio with duration 00:01.980
2026-05-02 09:13:17,238 | INFO     | faster_whisper | VAD filter removed 00:00.000 of audio
2026-05-02 09:13:17,889 | INFO     | data.gold_provider | [GOLD/TD] XAU/USD/1m → 500 bougies
2026-05-02 09:13:19,311 | INFO     | assistant.voice_engine | [VOICE] Transcription: 'navigate, c'est un second.'
2026-05-02 09:13:19,352 | INFO     | assistant.voice_engine | [VOICE] Parole RMS=0.0280 — Whisper lancé
2026-05-02 09:13:19,375 | INFO     | faster_whisper | Processing audio with duration 00:01.980
2026-05-02 09:13:19,403 | INFO     | data.gold_provider | [GOLD/TD] XAU/USD/1d → 500 bougies
2026-05-02 09:13:19,405 | INFO     | faster_whisper | VAD filter removed 00:00.000 of audio
2026-05-02 09:13:21,490 | INFO     | assistant.voice_engine | [VOICE] Transcription: 'texte blablablablablabla'
2026-05-02 09:13:21,491 | INFO     | assistant.voice_engine | [VOICE] Parole RMS=0.0279 — Whisper lancé
2026-05-02 09:13:21,492 | INFO     | faster_whisper | Processing audio with duration 00:01.980
2026-05-02 09:13:21,495 | INFO     | faster_whisper | VAD filter removed 00:00.192 of audio
2026-05-02 09:13:23,474 | INFO     | assistant.voice_engine | [VOICE] Parole RMS=0.0397 — Whisper lancé
2026-05-02 09:13:23,476 | INFO     | faster_whisper | Processing audio with duration 00:01.980
2026-05-02 09:13:23,478 | INFO     | faster_whisper | VAD filter removed 00:00.000 of audio
2026-05-02 09:13:25,574 | INFO     | assistant.voice_engine | [VOICE] Parole RMS=0.0158 — Whisper lancé
2026-05-02 09:13:25,575 | INFO     | faster_whisper | Processing audio with duration 00:01.980
2026-05-02 09:13:25,579 | INFO     | faster_whisper | VAD filter removed 00:00.000 of audio
INFO:     127.0.0.1:61776 - "GET /api/state HTTP/1.1" 200 OK
2026-05-02 09:13:35,026 | INFO     | assistant.voice_engine | [VOICE] Transcription: 'dans une plus petite instance.'
2026-05-02 09:13:38,983 | INFO     | assistant.voice_engine | [VOICE] Parole RMS=0.0040 — Whisper lancé
2026-05-02 09:13:38,984 | INFO     | faster_whisper | Processing audio with duration 00:01.980
2026-05-02 09:13:38,988 | INFO     | faster_whisper | VAD filter removed 00:01.520 of audio
2026-05-02 09:13:41,085 | INFO     | assistant.voice_engine | [VOICE] Transcription: 'sous-titres réalisés par la communauté d'amara.org'
2026-05-02 09:13:41,085 | INFO     | assistant.voice_engine | [VOICE] Parole RMS=0.0123 — Whisper lancé
2026-05-02 09:13:41,087 | INFO     | faster_whisper | Processing audio with duration 00:01.980
2026-05-02 09:13:41,089 | INFO     | faster_whisper | VAD filter removed 00:00.524 of audio
2026-05-02 09:13:43,058 | INFO     | assistant.voice_engine | [VOICE] Transcription: 'je te fais chier ton fils.'
2026-05-02 09:13:43,058 | INFO     | assistant.voice_engine | [VOICE] Parole RMS=0.0089 — Whisper lancé
2026-05-02 09:13:43,060 | INFO     | faster_whisper | Processing audio with duration 00:01.980
2026-05-02 09:13:43,062 | INFO     | faster_whisper | VAD filter removed 00:00.304 of audio
2026-05-02 09:13:44,893 | INFO     | assistant.voice_engine | [VOICE] Parole RMS=0.0096 — Whisper lancé
2026-05-02 09:13:44,894 | INFO     | faster_whisper | Processing audio with duration 00:01.980
2026-05-02 09:13:44,898 | INFO     | faster_whisper | VAD filter removed 00:00.672 of audio
2026-05-02 09:13:49,693 | INFO     | assistant.voice_engine | [VOICE] Transcription: 'bon.'
2026-05-02 09:13:49,694 | INFO     | assistant.voice_engine | [VOICE] Parole RMS=0.0243 — Whisper lancé
2026-05-02 09:13:49,694 | INFO     | faster_whisper | Processing audio with duration 00:01.980
2026-05-02 09:13:49,698 | INFO     | faster_whisper | VAD filter removed 00:00.000 of audio
2026-05-02 09:13:56,647 | INFO     | assistant.voice_engine | [VOICE] Transcription: 'euh, là, il s'est mis en place.'
2026-05-02 09:13:56,647 | INFO     | assistant.voice_engine | [VOICE] Parole RMS=0.0048 — Whisper lancé
2026-05-02 09:13:56,648 | INFO     | faster_whisper | Processing audio with duration 00:01.980
2026-05-02 09:13:56,652 | INFO     | faster_whisper | VAD filter removed 00:00.716 of audio
2026-05-02 09:14:02,324 | INFO     | assistant.voice_engine | [VOICE] Transcription: 'oui, je vais vous parler d'un défi de la première fois, mais c'est pas ça. oui. oui, c'est ça. oui. oui. oui. oui. oui. oui. oui. oui. oui. oui. oui. oui. oui. oui. oui. oui. oui. oui. oui. oui. oui. oui. oui. oui. oui.'
2026-05-02 09:14:04,008 | INFO     | assistant.voice_engine | [VOICE] Parole RMS=0.0027 — Whisper lancé
2026-05-02 09:14:04,008 | INFO     | faster_whisper | Processing audio with duration 00:01.980
2026-05-02 09:14:04,011 | INFO     | faster_whisper | VAD filter removed 00:01.520 of audio
2026-05-02 09:14:06,310 | INFO     | assistant.voice_engine | [VOICE] Transcription: 'sous-titres réalisés par la communauté d'amara.org'
2026-05-02 09:14:06,312 | INFO     | assistant.voice_engine | [VOICE] Parole RMS=0.0056 — Whisper lancé
2026-05-02 09:14:06,312 | INFO     | faster_whisper | Processing audio with duration 00:01.980
2026-05-02 09:14:06,318 | INFO     | faster_whisper | VAD filter removed 00:01.132 of audio
2026-05-02 09:14:11,359 | INFO     | assistant.voice_engine | [VOICE] Transcription: 'merci beaucoup.'
2026-05-02 09:14:11,360 | INFO     | assistant.voice_engine | [VOICE] Parole RMS=0.0258 — Whisper lancé
2026-05-02 09:14:11,360 | INFO     | faster_whisper | Processing audio with duration 00:01.980
2026-05-02 09:14:11,363 | INFO     | faster_whisper | VAD filter removed 00:01.136 of audio
2026-05-02 09:14:13,395 | INFO     | assistant.voice_engine | [VOICE] Transcription: 'qu'est-ce que c'est ceci ?'
2026-05-02 09:14:13,396 | INFO     | assistant.voice_engine | [VOICE] Parole RMS=0.0111 — Whisper lancé
2026-05-02 09:14:13,396 | INFO     | faster_whisper | Processing audio with duration 00:01.980
2026-05-02 09:14:13,401 | INFO     | faster_whisper | VAD filter removed 00:00.192 of audio
2026-05-02 09:14:20,830 | INFO     | assistant.voice_engine | [VOICE] Parole RMS=0.0022 — Whisper lancé
2026-05-02 09:14:20,830 | INFO     | faster_whisper | Processing audio with duration 00:01.980
2026-05-02 09:14:20,837 | INFO     | faster_whisper | VAD filter removed 00:01.520 of audio
2026-05-02 09:14:23,027 | INFO     | assistant.voice_engine | [VOICE] Transcription: 'sous-titres réalisés par la communauté d'amara.org'
INFO:     127.0.0.1:62561 - "GET /api/state HTTP/1.1" 200 OK
2026-05-02 09:14:29,606 | INFO     | assistant.voice_engine | [VOICE] Parole RMS=0.0021 — Whisper lancé
2026-05-02 09:14:29,609 | INFO     | faster_whisper | Processing audio with duration 00:01.980
2026-05-02 09:14:29,613 | INFO     | faster_whisper | VAD filter removed 00:01.520 of audio
2026-05-02 09:14:31,682 | INFO     | assistant.voice_engine | [VOICE] Transcription: 'sous-titres réalisés par la communauté d'amara.org'
2026-05-02 09:14:31,682 | INFO     | assistant.voice_engine | [VOICE] Parole RMS=0.0284 — Whisper lancé
2026-05-02 09:14:31,689 | INFO     | faster_whisper | Processing audio with duration 00:01.980
2026-05-02 09:14:31,691 | INFO     | faster_whisper | VAD filter removed 00:00.000 of audio
2026-05-02 09:14:33,822 | INFO     | assistant.voice_engine | [VOICE] Transcription: 'non, ouais tu lui mets la mise-à-terre là.'
2026-05-02 09:14:33,825 | INFO     | assistant.voice_engine | [VOICE] Parole RMS=0.0179 — Whisper lancé
2026-05-02 09:14:33,825 | INFO     | faster_whisper | Processing audio with duration 00:01.980
2026-05-02 09:14:33,828 | INFO     | faster_whisper | VAD filter removed 00:00.044 of audio
2026-05-02 09:14:36,039 | INFO     | assistant.voice_engine | [VOICE] Transcription: 'tu n'énerves pas trop d'eau plus lente.'
2026-05-02 09:14:36,039 | INFO     | assistant.voice_engine | [VOICE] Parole RMS=0.0026 — Whisper lancé
2026-05-02 09:14:36,041 | INFO     | faster_whisper | Processing audio with duration 00:01.980
2026-05-02 09:14:36,044 | INFO     | faster_whisper | VAD filter removed 00:01.488 of audio
2026-05-02 09:14:38,239 | INFO     | assistant.voice_engine | [VOICE] Transcription: 'sous-titres réalisés par la communauté d'amara.org'
2026-05-02 09:14:40,324 | INFO     | assistant.voice_engine | [VOICE] Parole RMS=0.0024 — Whisper lancé
2026-05-02 09:14:40,324 | INFO     | faster_whisper | Processing audio with duration 00:01.980
2026-05-02 09:14:40,332 | INFO     | faster_whisper | VAD filter removed 00:01.520 of audio
2026-05-02 09:14:42,407 | INFO     | assistant.voice_engine | [VOICE] Transcription: 'sous-titres réalisés par la communauté d'amara.org'
2026-05-02 09:14:42,407 | INFO     | assistant.voice_engine | [VOICE] Parole RMS=0.0355 — Whisper lancé
2026-05-02 09:14:42,410 | INFO     | faster_whisper | Processing audio with duration 00:01.980
2026-05-02 09:14:42,411 | INFO     | faster_whisper | VAD filter removed 00:00.000 of audio
2026-05-02 09:14:44,532 | INFO     | assistant.voice_engine | [VOICE] Transcription: 'ah non, tu n'es pas ça, tu le cherches.'
2026-05-02 09:14:44,534 | INFO     | assistant.voice_engine | [VOICE] Parole RMS=0.0083 — Whisper lancé
2026-05-02 09:14:44,534 | INFO     | faster_whisper | Processing audio with duration 00:01.980
2026-05-02 09:14:44,535 | INFO     | faster_whisper | VAD filter removed 00:01.004 of audio
2026-05-02 09:14:50,568 | INFO     | assistant.voice_engine | [VOICE] Transcription: 'c'est pas possible.'
2026-05-02 09:14:50,568 | INFO     | assistant.voice_engine | [VOICE] Parole RMS=0.0149 — Whisper lancé
2026-05-02 09:14:50,569 | INFO     | faster_whisper | Processing audio with duration 00:01.980
2026-05-02 09:14:50,573 | INFO     | faster_whisper | VAD filter removed 00:00.000 of audio
2026-05-02 09:14:56,507 | INFO     | execution.signal_manager | [SIGNAL] BTC/USDT ACHAT score=6/11 confs=['EMA200-H4 haussier', 'OB/FVG 30m (fvg)', 'OB/FVG double conf 15m', 'Rejet 5m/15m', 'Delta volume confirme', 'ADX régime RANGE'] cid=c44d601ad042
2026-05-02 09:14:56,532 | INFO     | assistant.voice_engine | [VOICE] Transcription: 'c'est un peu des simulations de mesquines, c'est tout.'
2026-05-02 09:14:57,312 | INFO     | assistant.voice_engine | [VOICE] Parole RMS=0.0021 — Whisper lancé
2026-05-02 09:14:57,314 | INFO     | faster_whisper | Processing audio with duration 00:01.980
2026-05-02 09:14:57,318 | INFO     | faster_whisper | VAD filter removed 00:01.520 of audio
2026-05-02 09:14:59,444 | INFO     | assistant.voice_engine | [VOICE] Transcription: 'sous-titres réalisés par la communauté d'amara.org'
2026-05-02 09:15:00,256 | INFO     | assistant.voice_engine | [VOICE] Parole RMS=0.0021 — Whisper lancé
2026-05-02 09:15:00,256 | INFO     | faster_whisper | Processing audio with duration 00:01.980
2026-05-02 09:15:00,258 | INFO     | faster_whisper | VAD filter removed 00:00.528 of audio
2026-05-02 09:15:03,551 | INFO     | assistant.voice_engine | [VOICE] Parole RMS=0.0023 — Whisper lancé
2026-05-02 09:15:03,553 | INFO     | faster_whisper | Processing audio with duration 00:01.980
2026-05-02 09:15:03,557 | INFO     | faster_whisper | VAD filter removed 00:01.488 of audio
2026-05-02 09:15:05,896 | INFO     | assistant.voice_engine | [VOICE] Transcription: 'sous-titres réalisés par la communauté d'amara.org'
2026-05-02 09:15:06,079 | INFO     | assistant.voice_engine | [VOICE] Parole RMS=0.0021 — Whisper lancé
2026-05-02 09:15:06,080 | INFO     | faster_whisper | Processing audio with duration 00:01.980
2026-05-02 09:15:06,084 | INFO     | faster_whisper | VAD filter removed 00:01.520 of audio
2026-05-02 09:15:08,297 | INFO     | assistant.voice_engine | [VOICE] Transcription: 'sous-titres réalisés par la communauté d'amara.org'
2026-05-02 09:15:08,297 | INFO     | assistant.voice_engine | [VOICE] Parole RMS=0.0172 — Whisper lancé
2026-05-02 09:15:08,298 | INFO     | faster_whisper | Processing audio with duration 00:01.980
2026-05-02 09:15:08,301 | INFO     | faster_whisper | VAD filter removed 00:00.268 of audio
2026-05-02 09:15:10,369 | INFO     | assistant.voice_engine | [VOICE] Transcription: 'c'est beau, c'est beau.'
2026-05-02 09:15:18,711 | INFO     | assistant.voice_engine | [VOICE] Parole RMS=0.0024 — Whisper lancé
2026-05-02 09:15:18,712 | INFO     | faster_whisper | Processing audio with duration 00:01.980
2026-05-02 09:15:18,716 | INFO     | faster_whisper | VAD filter removed 00:01.980 of audio
2026-05-02 09:15:19,189 | INFO     | assistant.voice_engine | [VOICE] Parole RMS=0.0124 — Whisper lancé
2026-05-02 09:15:19,189 | INFO     | faster_whisper | Processing audio with duration 00:01.980
2026-05-02 09:15:19,189 | INFO     | faster_whisper | VAD filter removed 00:01.136 of audio
2026-05-02 09:15:21,109 | INFO     | assistant.voice_engine | [VOICE] Transcription: 'le quoi?'
2026-05-02 09:15:21,442 | INFO     | assistant.voice_engine | [VOICE] Parole RMS=0.0024 — Whisper lancé
2026-05-02 09:15:21,442 | INFO     | faster_whisper | Processing audio with duration 00:01.980
2026-05-02 09:15:21,444 | INFO     | faster_whisper | VAD filter removed 00:01.520 of audio
2026-05-02 09:15:23,561 | INFO     | assistant.voice_engine | [VOICE] Transcription: 'sous-titres réalisés par la communauté d'amara.org'
2026-05-02 09:15:23,657 | INFO     | assistant.voice_engine | [VOICE] Parole RMS=0.0021 — Whisper lancé
2026-05-02 09:15:23,659 | INFO     | faster_whisper | Processing audio with duration 00:01.980
2026-05-02 09:15:23,662 | INFO     | faster_whisper | VAD filter removed 00:01.232 of audio
INFO:     127.0.0.1:55561 - "GET /api/state HTTP/1.1" 200 OK
2026-05-02 09:15:25,760 | INFO     | assistant.voice_engine | [VOICE] Transcription: 'sous-titres réalisés par la communauté d'amara.org'
2026-05-02 09:15:25,761 | INFO     | assistant.voice_engine | [VOICE] Parole RMS=0.0040 — Whisper lancé
2026-05-02 09:15:25,762 | INFO     | faster_whisper | Processing audio with duration 00:01.980
2026-05-02 09:15:25,766 | INFO     | faster_whisper | VAD filter removed 00:00.716 of audio
2026-05-02 09:15:27,616 | INFO     | assistant.voice_engine | [VOICE] Parole RMS=0.0098 — Whisper lancé
2026-05-02 09:15:27,618 | INFO     | faster_whisper | Processing audio with duration 00:01.980
2026-05-02 09:15:27,619 | INFO     | faster_whisper | VAD filter removed 00:00.380 of audio
2026-05-02 09:15:35,477 | INFO     | assistant.voice_engine | [VOICE] Transcription: 'goodness in god'
2026-05-02 09:15:35,561 | INFO     | assistant.voice_engine | [VOICE] Parole RMS=0.0024 — Whisper lancé
2026-05-02 09:15:35,562 | INFO     | faster_whisper | Processing audio with duration 00:01.980
2026-05-02 09:15:35,567 | INFO     | faster_whisper | VAD filter removed 00:00.496 of audio
2026-05-02 09:15:37,507 | INFO     | assistant.voice_engine | [VOICE] Transcription: 'merci.'
2026-05-02 09:15:37,515 | INFO     | assistant.voice_engine | [VOICE] Parole RMS=0.0289 — Whisper lancé
2026-05-02 09:15:37,516 | INFO     | faster_whisper | Processing audio with duration 00:01.980
2026-05-02 09:15:37,519 | INFO     | faster_whisper | VAD filter removed 00:00.000 of audio
2026-05-02 09:15:39,584 | INFO     | assistant.voice_engine | [VOICE] Transcription: 'merci d'avoir regardé.'
2026-05-02 09:15:39,587 | INFO     | assistant.voice_engine | [VOICE] Parole RMS=0.0044 — Whisper lancé
2026-05-02 09:15:39,588 | INFO     | faster_whisper | Processing audio with duration 00:01.980
2026-05-02 09:15:39,592 | INFO     | faster_whisper | VAD filter removed 00:01.132 of audio
2026-05-02 09:15:41,505 | INFO     | assistant.voice_engine | [VOICE] Transcription: 'merci.'
2026-05-02 09:15:41,506 | INFO     | assistant.voice_engine | [VOICE] Parole RMS=0.0036 — Whisper lancé
2026-05-02 09:15:41,506 | INFO     | faster_whisper | Processing audio with duration 00:01.980
2026-05-02 09:15:41,510 | INFO     | faster_whisper | VAD filter removed 00:01.328 of audio
2026-05-02 09:15:43,424 | INFO     | assistant.voice_engine | [VOICE] Parole RMS=0.0033 — Whisper lancé
2026-05-02 09:15:43,426 | INFO     | faster_whisper | Processing audio with duration 00:01.980
2026-05-02 09:15:43,430 | INFO     | faster_whisper | VAD filter removed 00:00.924 of audio
2026-05-02 09:15:48,672 | INFO     | assistant.voice_engine | [VOICE] Transcription: 'merci.'
2026-05-02 09:15:48,672 | INFO     | assistant.voice_engine | [VOICE] Parole RMS=0.0059 — Whisper lancé
2026-05-02 09:15:48,674 | INFO     | faster_whisper | Processing audio with duration 00:01.980
2026-05-02 09:15:48,675 | INFO     | faster_whisper | VAD filter removed 00:00.848 of audio
2026-05-02 09:15:50,680 | INFO     | assistant.voice_engine | [VOICE] Parole RMS=0.0089 — Whisper lancé
2026-05-02 09:15:50,680 | INFO     | faster_whisper | Processing audio with duration 00:01.980
2026-05-02 09:15:50,680 | INFO     | faster_whisper | VAD filter removed 00:00.236 of audio
2026-05-02 09:15:52,662 | INFO     | assistant.voice_engine | [VOICE] Parole RMS=0.0055 — Whisper lancé
2026-05-02 09:15:52,664 | INFO     | faster_whisper | Processing audio with duration 00:01.980
2026-05-02 09:15:52,664 | INFO     | faster_whisper | VAD filter removed 00:00.592 of audio
2026-05-02 09:15:54,678 | INFO     | assistant.voice_engine | [VOICE] Transcription: 'bonne soirée.'
2026-05-02 09:15:54,680 | INFO     | assistant.voice_engine | [VOICE] Parole RMS=0.0035 — Whisper lancé
2026-05-02 09:15:54,680 | INFO     | faster_whisper | Processing audio with duration 00:01.980
2026-05-02 09:15:54,684 | INFO     | faster_whisper | VAD filter removed 00:00.032 of audio
2026-05-02 09:15:56,777 | INFO     | assistant.voice_engine | [VOICE] Transcription: 'sous-titres réalisés par la communauté d'amara.org'
2026-05-02 09:15:56,779 | INFO     | assistant.voice_engine | [VOICE] Parole RMS=0.0072 — Whisper lancé
2026-05-02 09:15:56,779 | INFO     | faster_whisper | Processing audio with duration 00:01.980
2026-05-02 09:15:56,784 | INFO     | faster_whisper | VAD filter removed 00:00.096 of audio
2026-05-02 09:15:58,817 | INFO     | assistant.voice_engine | [VOICE] Parole RMS=0.0100 — Whisper lancé
2026-05-02 09:15:58,818 | INFO     | faster_whisper | Processing audio with duration 00:01.980
2026-05-02 09:15:58,822 | INFO     | faster_whisper | VAD filter removed 00:00.176 of audio
2026-05-02 09:16:04,641 | INFO     | assistant.voice_engine | [VOICE] Transcription: 'je vais finir.'
2026-05-02 09:16:07,543 | INFO     | assistant.voice_engine | [VOICE] Parole RMS=0.0023 — Whisper lancé
2026-05-02 09:16:07,543 | INFO     | faster_whisper | Processing audio with duration 00:01.980
2026-05-02 09:16:07,547 | INFO     | faster_whisper | VAD filter removed 00:01.488 of audio
2026-05-02 09:16:09,642 | INFO     | assistant.voice_engine | [VOICE] Transcription: 'sous-titres réalisés par la communauté d'amara.org'
2026-05-02 09:16:09,643 | INFO     | assistant.voice_engine | [VOICE] Parole RMS=0.0128 — Whisper lancé
2026-05-02 09:16:09,643 | INFO     | faster_whisper | Processing audio with duration 00:01.980
2026-05-02 09:16:09,648 | INFO     | faster_whisper | VAD filter removed 00:00.240 of audio
2026-05-02 09:16:15,617 | INFO     | assistant.voice_engine | [VOICE] Transcription: 'la filme n'est pas sur l'aise.'
2026-05-02 09:16:15,617 | INFO     | assistant.voice_engine | [VOICE] Parole RMS=0.0163 — Whisper lancé
2026-05-02 09:16:15,618 | INFO     | faster_whisper | Processing audio with duration 00:01.980
2026-05-02 09:16:15,622 | INFO     | faster_whisper | VAD filter removed 00:00.464 of audio
2026-05-02 09:16:17,718 | INFO     | assistant.voice_engine | [VOICE] Transcription: 'je vais y aller, je vais y aller, je vais y aller.'
2026-05-02 09:16:17,721 | INFO     | assistant.voice_engine | [VOICE] Parole RMS=0.0146 — Whisper lancé
2026-05-02 09:16:17,721 | INFO     | faster_whisper | Processing audio with duration 00:01.980
2026-05-02 09:16:17,721 | INFO     | faster_whisper | VAD filter removed 00:00.000 of audio
2026-05-02 09:16:21,084 | INFO     | data.gold_provider | [GOLD/TD] XAU/USD/4h → 500 bougies
2026-05-02 09:16:22,568 | INFO     | data.gold_provider | [GOLD/TD] XAU/USD/2h → 500 bougies
2026-05-02 09:16:23,297 | INFO     | assistant.voice_engine | [VOICE] Transcription: 'je vais faire un coup d'eau, je vais faire un coup d'eau.'
2026-05-02 09:16:23,300 | INFO     | assistant.voice_engine | [VOICE] Parole RMS=0.0094 — Whisper lancé
2026-05-02 09:16:23,300 | INFO     | faster_whisper | Processing audio with duration 00:01.980
2026-05-02 09:16:23,303 | INFO     | faster_whisper | VAD filter removed 00:00.304 of audio
2026-05-02 09:16:24,084 | INFO     | data.gold_provider | [GOLD/TD] XAU/USD/1h → 500 bougies
INFO:     127.0.0.1:62919 - "GET /api/state HTTP/1.1" 200 OK
2026-05-02 09:16:25,706 | INFO     | assistant.voice_engine | [VOICE] Transcription: 'sous-titres réalisés par la communauté d'amara.org'
2026-05-02 09:16:25,707 | INFO     | data.gold_provider | [GOLD/TD] XAU/USD/30m → 500 bougies
2026-05-02 09:16:25,708 | INFO     | assistant.voice_engine | [VOICE] Parole RMS=0.0191 — Whisper lancé
2026-05-02 09:16:25,708 | INFO     | faster_whisper | Processing audio with duration 00:01.980
2026-05-02 09:16:25,713 | INFO     | faster_whisper | VAD filter removed 00:00.240 of audio
2026-05-02 09:16:27,255 | INFO     | data.gold_provider | [GOLD/TD] XAU/USD/15m → 500 bougies
2026-05-02 09:16:28,853 | INFO     | data.gold_provider | [GOLD/TD] XAU/USD/5m → 500 bougies
2026-05-02 09:16:30,381 | INFO     | data.gold_provider | [GOLD/TD] XAU/USD/1m → 500 bougies
2026-05-02 09:16:30,795 | INFO     | assistant.voice_engine | [VOICE] Transcription: 'bonne chance !'
2026-05-02 09:16:30,796 | INFO     | assistant.voice_engine | [VOICE] Parole RMS=0.0236 — Whisper lancé
2026-05-02 09:16:30,797 | INFO     | faster_whisper | Processing audio with duration 00:01.980
2026-05-02 09:16:30,801 | INFO     | faster_whisper | VAD filter removed 00:00.272 of audio
2026-05-02 09:16:31,896 | INFO     | data.gold_provider | [GOLD/TD] XAU/USD/1d → 500 bougies
2026-05-02 09:16:33,047 | INFO     | assistant.voice_engine | [VOICE] Parole RMS=0.0083 — Whisper lancé
2026-05-02 09:16:33,047 | INFO     | faster_whisper | Processing audio with duration 00:01.980
2026-05-02 09:16:33,055 | INFO     | faster_whisper | VAD filter removed 00:00.492 of audio
2026-05-02 09:16:42,466 | INFO     | assistant.voice_engine | [VOICE] Transcription: 'merci beaucoup pour votre soutien.'
2026-05-02 09:16:42,467 | INFO     | assistant.voice_engine | [VOICE] Parole RMS=0.0143 — Whisper lancé
2026-05-02 09:16:42,467 | INFO     | faster_whisper | Processing audio with duration 00:01.980
2026-05-02 09:16:42,472 | INFO     | faster_whisper | VAD filter removed 00:00.620 of audio
2026-05-02 09:16:44,482 | INFO     | assistant.voice_engine | [VOICE] Transcription: 'mouche pas !'
2026-05-02 09:16:44,486 | INFO     | assistant.voice_engine | [VOICE] Parole RMS=0.0814 — Whisper lancé
2026-05-02 09:16:44,486 | INFO     | faster_whisper | Processing audio with duration 00:01.980
2026-05-02 09:16:44,492 | INFO     | faster_whisper | VAD filter removed 00:00.528 of audio
2026-05-02 09:16:46,424 | INFO     | assistant.voice_engine | [VOICE] Transcription: 'ah ouais !'
2026-05-02 09:16:46,425 | INFO     | assistant.voice_engine | [VOICE] Parole RMS=0.0365 — Whisper lancé
2026-05-02 09:16:46,425 | INFO     | faster_whisper | Processing audio with duration 00:01.980
2026-05-02 09:16:46,429 | INFO     | faster_whisper | VAD filter removed 00:00.080 of audio
2026-05-02 09:16:48,471 | INFO     | assistant.voice_engine | [VOICE] Transcription: 'c'est bien hein'
2026-05-02 09:16:48,473 | INFO     | assistant.voice_engine | [VOICE] Parole RMS=0.0202 — Whisper lancé
2026-05-02 09:16:48,473 | INFO     | faster_whisper | Processing audio with duration 00:01.980
2026-05-02 09:16:48,477 | INFO     | faster_whisper | VAD filter removed 00:00.080 of audio
2026-05-02 09:16:56,602 | INFO     | assistant.voice_engine | [VOICE] Transcription: 'ça me tient, ça ? oui.'
2026-05-02 09:16:59,591 | INFO     | assistant.voice_engine | [VOICE] Parole RMS=0.0021 — Whisper lancé
2026-05-02 09:16:59,597 | INFO     | faster_whisper | Processing audio with duration 00:01.980
2026-05-02 09:16:59,600 | INFO     | faster_whisper | VAD filter removed 00:01.520 of audio
2026-05-02 09:17:01,848 | INFO     | assistant.voice_engine | [VOICE] Transcription: 'sous-titres réalisés par la communauté d'amara.org'
2026-05-02 09:17:02,572 | INFO     | assistant.voice_engine | [VOICE] Parole RMS=0.0020 — Whisper lancé
2026-05-02 09:17:02,572 | INFO     | faster_whisper | Processing audio with duration 00:01.980
2026-05-02 09:17:02,578 | INFO     | faster_whisper | VAD filter removed 00:01.520 of audio
2026-05-02 09:17:04,908 | INFO     | assistant.voice_engine | [VOICE] Transcription: 'sous-titres réalisés par la communauté d'amara.org'
2026-05-02 09:17:05,452 | INFO     | assistant.voice_engine | [VOICE] Parole RMS=0.0021 — Whisper lancé
2026-05-02 09:17:05,453 | INFO     | faster_whisper | Processing audio with duration 00:01.980
2026-05-02 09:17:05,457 | INFO     | faster_whisper | VAD filter removed 00:01.552 of audio
2026-05-02 09:17:07,878 | INFO     | assistant.voice_engine | [VOICE] Transcription: 'sous-titres réalisés par la communauté d'amara.org'
2026-05-02 09:17:07,939 | INFO     | assistant.voice_engine | [VOICE] Parole RMS=0.0029 — Whisper lancé
2026-05-02 09:17:07,940 | INFO     | faster_whisper | Processing audio with duration 00:01.980
2026-05-02 09:17:07,944 | INFO     | faster_whisper | VAD filter removed 00:01.520 of audio
2026-05-02 09:17:10,155 | INFO     | assistant.voice_engine | [VOICE] Transcription: 'sous-titres réalisés par la communauté d'amara.org'
2026-05-02 09:17:10,179 | INFO     | assistant.voice_engine | [VOICE] Parole RMS=0.0271 — Whisper lancé
2026-05-02 09:17:10,181 | INFO     | faster_whisper | Processing audio with duration 00:01.980
2026-05-02 09:17:10,194 | INFO     | faster_whisper | VAD filter removed 00:00.000 of audio
2026-05-02 09:17:16,312 | INFO     | assistant.voice_engine | [VOICE] Transcription: 'j'ai vu les filles, j'ai vu les filles'
2026-05-02 09:17:16,314 | INFO     | assistant.voice_engine | [VOICE] Parole RMS=0.0061 — Whisper lancé
2026-05-02 09:17:16,314 | INFO     | faster_whisper | Processing audio with duration 00:01.980
2026-05-02 09:17:16,318 | INFO     | faster_whisper | VAD filter removed 00:01.324 of audio
2026-05-02 09:17:18,616 | INFO     | assistant.voice_engine | [VOICE] Transcription: 'sous-titres réalisés par la communauté d'amara.org'
2026-05-02 09:17:20,806 | INFO     | assistant.voice_engine | [VOICE] Parole RMS=0.0033 — Whisper lancé
2026-05-02 09:17:20,813 | INFO     | faster_whisper | Processing audio with duration 00:01.980
2026-05-02 09:17:20,816 | INFO     | faster_whisper | VAD filter removed 00:01.488 of audio
2026-05-02 09:17:22,970 | INFO     | assistant.voice_engine | [VOICE] Parole RMS=0.0259 — Whisper lancé
2026-05-02 09:17:22,970 | INFO     | faster_whisper | Processing audio with duration 00:01.980
2026-05-02 09:17:22,973 | INFO     | faster_whisper | VAD filter removed 00:00.000 of audio
INFO:     127.0.0.1:62472 - "GET /api/state HTTP/1.1" 200 OK
2026-05-02 09:17:28,940 | INFO     | assistant.voice_engine | [VOICE] Transcription: 'je vais t'aider.'
2026-05-02 09:17:29,177 | INFO     | assistant.voice_engine | [VOICE] Parole RMS=0.0029 — Whisper lancé
2026-05-02 09:17:29,177 | INFO     | faster_whisper | Processing audio with duration 00:01.980
2026-05-02 09:17:29,179 | INFO     | faster_whisper | VAD filter removed 00:01.520 of audio
2026-05-02 09:17:31,577 | INFO     | assistant.voice_engine | [VOICE] Transcription: 'sous-titres réalisés par la communauté d'amara.org'
2026-05-02 09:17:33,016 | INFO     | assistant.voice_engine | [VOICE] Parole RMS=0.0022 — Whisper lancé
2026-05-02 09:17:33,018 | INFO     | faster_whisper | Processing audio with duration 00:01.980
2026-05-02 09:17:33,022 | INFO     | faster_whisper | VAD filter removed 00:01.520 of audio
2026-05-02 09:17:35,366 | INFO     | assistant.voice_engine | [VOICE] Transcription: 'sous-titres réalisés par la communauté d'amara.org'
2026-05-02 09:17:35,367 | INFO     | assistant.voice_engine | [VOICE] Parole RMS=0.0328 — Whisper lancé
2026-05-02 09:17:35,368 | INFO     | faster_whisper | Processing audio with duration 00:01.980
2026-05-02 09:17:35,372 | INFO     | faster_whisper | VAD filter removed 00:00.000 of audio
2026-05-02 09:17:39,372 | INFO     | execution.signal_manager | [SIGNAL] PAXG/USDT VENTE score=6/11 confs=['EMA200-H4 baissier', 'OB/FVG 30m (fvg)', 'OB/FVG double conf 15m', 'Rejet 5m/15m', 'TRIX 5m', 'ADX régime RANGE'] cid=7cc9e7a44edc
2026-05-02 09:17:42,764 | INFO     | assistant.voice_engine | [VOICE] Transcription: 'c'est un truc de la sécurité que j'ai honte.'
2026-05-02 09:17:45,114 | INFO     | assistant.voice_engine | [VOICE] Parole RMS=0.0029 — Whisper lancé
2026-05-02 09:17:45,115 | INFO     | faster_whisper | Processing audio with duration 00:01.980
2026-05-02 09:17:45,119 | INFO     | faster_whisper | VAD filter removed 00:01.488 of audio
2026-05-02 09:17:47,533 | INFO     | assistant.voice_engine | [VOICE] Transcription: 'sous-titres réalisés par la communauté d'amara.org'
2026-05-02 09:17:47,534 | INFO     | assistant.voice_engine | [VOICE] Parole RMS=0.0034 — Whisper lancé
2026-05-02 09:17:47,535 | INFO     | faster_whisper | Processing audio with duration 00:01.980
2026-05-02 09:17:47,539 | INFO     | faster_whisper | VAD filter removed 00:01.980 of audio
2026-05-02 09:17:48,012 | INFO     | assistant.voice_engine | [VOICE] Parole RMS=0.0035 — Whisper lancé
2026-05-02 09:17:48,014 | INFO     | faster_whisper | Processing audio with duration 00:01.980
2026-05-02 09:17:48,018 | INFO     | faster_whisper | VAD filter removed 00:01.980 of audio
2026-05-02 09:17:48,493 | INFO     | assistant.voice_engine | [VOICE] Parole RMS=0.0026 — Whisper lancé
2026-05-02 09:17:48,495 | INFO     | faster_whisper | Processing audio with duration 00:01.980
2026-05-02 09:17:48,499 | INFO     | faster_whisper | VAD filter removed 00:01.980 of audio
2026-05-02 09:17:48,966 | INFO     | assistant.voice_engine | [VOICE] Parole RMS=0.0089 — Whisper lancé
2026-05-02 09:17:48,974 | INFO     | faster_whisper | Processing audio with duration 00:01.980
2026-05-02 09:17:48,977 | INFO     | faster_whisper | VAD filter removed 00:00.400 of audio
2026-05-02 09:17:50,923 | INFO     | assistant.voice_engine | [VOICE] Parole RMS=0.0060 — Whisper lancé
2026-05-02 09:17:50,926 | INFO     | faster_whisper | Processing audio with duration 00:01.980
2026-05-02 09:17:50,927 | INFO     | faster_whisper | VAD filter removed 00:01.356 of audio
2026-05-02 09:17:52,973 | INFO     | assistant.voice_engine | [VOICE] Parole RMS=0.0036 — Whisper lancé
2026-05-02 09:17:52,975 | INFO     | faster_whisper | Processing audio with duration 00:01.980
2026-05-02 09:17:52,979 | INFO     | faster_whisper | VAD filter removed 00:01.980 of audio
2026-05-02 09:17:53,453 | INFO     | assistant.voice_engine | [VOICE] Parole RMS=0.0036 — Whisper lancé
2026-05-02 09:17:53,454 | INFO     | faster_whisper | Processing audio with duration 00:01.980
2026-05-02 09:17:53,458 | INFO     | faster_whisper | VAD filter removed 00:01.980 of audio
2026-05-02 09:17:53,933 | INFO     | assistant.voice_engine | [VOICE] Parole RMS=0.0037 — Whisper lancé
2026-05-02 09:17:53,934 | INFO     | faster_whisper | Processing audio with duration 00:01.980
2026-05-02 09:17:53,938 | INFO     | faster_whisper | VAD filter removed 00:01.980 of audio
2026-05-02 09:17:54,413 | INFO     | assistant.voice_engine | [VOICE] Parole RMS=0.0114 — Whisper lancé
2026-05-02 09:17:54,414 | INFO     | faster_whisper | Processing audio with duration 00:01.980
2026-05-02 09:17:54,418 | INFO     | faster_whisper | VAD filter removed 00:01.264 of audio
2026-05-02 09:17:56,452 | INFO     | assistant.voice_engine | [VOICE] Transcription: 'adieu.'
2026-05-02 09:17:56,452 | INFO     | assistant.voice_engine | [VOICE] Parole RMS=0.0322 — Whisper lancé
2026-05-02 09:17:56,452 | INFO     | faster_whisper | Processing audio with duration 00:01.980
2026-05-02 09:17:56,458 | INFO     | faster_whisper | VAD filter removed 00:00.000 of audio
2026-05-02 09:17:58,905 | INFO     | assistant.voice_engine | [VOICE] Transcription: 'quand on va dans la maison, tout les nerfs sont autre chose.'
2026-05-02 09:17:58,907 | INFO     | assistant.voice_engine | [VOICE] Parole RMS=0.0226 — Whisper lancé
2026-05-02 09:17:58,907 | INFO     | faster_whisper | Processing audio with duration 00:01.980
2026-05-02 09:17:58,907 | INFO     | faster_whisper | VAD filter removed 00:00.108 of audio
2026-05-02 09:18:01,220 | INFO     | assistant.voice_engine | [VOICE] Transcription: 'on s'en ouvre et on tient.'
2026-05-02 09:18:03,589 | INFO     | assistant.voice_engine | [VOICE] Parole RMS=0.0023 — Whisper lancé
2026-05-02 09:18:03,590 | INFO     | faster_whisper | Processing audio with duration 00:01.980
2026-05-02 09:18:03,593 | INFO     | faster_whisper | VAD filter removed 00:01.980 of audio
2026-05-02 09:18:04,068 | INFO     | assistant.voice_engine | [VOICE] Parole RMS=0.0025 — Whisper lancé
2026-05-02 09:18:04,068 | INFO     | faster_whisper | Processing audio with duration 00:01.980
2026-05-02 09:18:04,072 | INFO     | faster_whisper | VAD filter removed 00:01.296 of audio
2026-05-02 09:18:06,234 | INFO     | assistant.voice_engine | [VOICE] Transcription: 'bon, c'est...'
2026-05-02 09:18:07,129 | INFO     | assistant.voice_engine | [VOICE] Parole RMS=0.0021 — Whisper lancé
2026-05-02 09:18:07,131 | INFO     | faster_whisper | Processing audio with duration 00:01.980
2026-05-02 09:18:07,134 | INFO     | faster_whisper | VAD filter removed 00:01.980 of audio
2026-05-02 09:18:07,610 | INFO     | assistant.voice_engine | [VOICE] Parole RMS=0.0031 — Whisper lancé
2026-05-02 09:18:07,612 | INFO     | faster_whisper | Processing audio with duration 00:01.980
2026-05-02 09:18:07,616 | INFO     | faster_whisper | VAD filter removed 00:01.980 of audio
2026-05-02 09:18:08,091 | INFO     | assistant.voice_engine | [VOICE] Parole RMS=0.0031 — Whisper lancé
2026-05-02 09:18:08,091 | INFO     | faster_whisper | Processing audio with duration 00:01.980
2026-05-02 09:18:08,096 | INFO     | faster_whisper | VAD filter removed 00:01.980 of audio
2026-05-02 09:18:08,588 | INFO     | assistant.voice_engine | [VOICE] Parole RMS=0.0090 — Whisper lancé
2026-05-02 09:18:08,591 | INFO     | faster_whisper | Processing audio with duration 00:01.980
2026-05-02 09:18:08,601 | INFO     | faster_whisper | VAD filter removed 00:01.264 of audio
2026-05-02 09:18:14,894 | INFO     | assistant.voice_engine | [VOICE] Transcription: 'on n'a pas...'
2026-05-02 09:18:14,895 | INFO     | assistant.voice_engine | [VOICE] Parole RMS=0.0045 — Whisper lancé
2026-05-02 09:18:14,895 | INFO     | faster_whisper | Processing audio with duration 00:01.980
2026-05-02 09:18:14,899 | INFO     | faster_whisper | VAD filter removed 00:01.328 of audio
2026-05-02 09:18:17,126 | INFO     | assistant.voice_engine | [VOICE] Parole RMS=0.0056 — Whisper lancé
2026-05-02 09:18:17,128 | INFO     | faster_whisper | Processing audio with duration 00:01.980
2026-05-02 09:18:17,131 | INFO     | faster_whisper | VAD filter removed 00:01.036 of audio
2026-05-02 09:18:19,246 | INFO     | assistant.voice_engine | [VOICE] Parole RMS=0.0133 — Whisper lancé
2026-05-02 09:18:19,247 | INFO     | faster_whisper | Processing audio with duration 00:01.980
2026-05-02 09:18:19,252 | INFO     | faster_whisper | VAD filter removed 00:00.668 of audio
2026-05-02 09:18:21,413 | INFO     | assistant.voice_engine | [VOICE] Transcription: 'je n'y crois pas.'
2026-05-02 09:18:23,482 | INFO     | assistant.voice_engine | [VOICE] Parole RMS=0.0028 — Whisper lancé
2026-05-02 09:18:23,482 | INFO     | faster_whisper | Processing audio with duration 00:01.980
2026-05-02 09:18:23,482 | INFO     | faster_whisper | VAD filter removed 00:01.520 of audio
INFO:     127.0.0.1:60851 - "GET /api/state HTTP/1.1" 200 OK
2026-05-02 09:18:25,934 | INFO     | assistant.voice_engine | [VOICE] Transcription: 'sous-titres réalisés par la communauté d'amara.org'
2026-05-02 09:18:25,935 | INFO     | assistant.voice_engine | [VOICE] Parole RMS=0.0168 — Whisper lancé
2026-05-02 09:18:25,936 | INFO     | faster_whisper | Processing audio with duration 00:01.980
2026-05-02 09:18:25,939 | INFO     | faster_whisper | VAD filter removed 00:00.000 of audio
2026-05-02 09:18:33,166 | INFO     | assistant.voice_engine | [VOICE] Transcription: 'je vais vous aborder ce que tu fais.'
2026-05-02 09:18:34,277 | INFO     | assistant.voice_engine | [VOICE] Parole RMS=0.0037 — Whisper lancé
2026-05-02 09:18:34,279 | INFO     | faster_whisper | Processing audio with duration 00:01.980
2026-05-02 09:18:34,283 | INFO     | faster_whisper | VAD filter removed 00:01.520 of audio
2026-05-02 09:18:36,709 | INFO     | assistant.voice_engine | [VOICE] Transcription: 'sous-titres réalisés par la communauté d'amara.org'
2026-05-02 09:18:38,149 | INFO     | assistant.voice_engine | [VOICE] Parole RMS=0.0023 — Whisper lancé
2026-05-02 09:18:38,150 | INFO     | faster_whisper | Processing audio with duration 00:01.980
2026-05-02 09:18:38,154 | INFO     | faster_whisper | VAD filter removed 00:01.552 of audio
2026-05-02 09:18:40,494 | INFO     | assistant.voice_engine | [VOICE] Transcription: 'sous-titres réalisés par la communauté d'amara.org'
2026-05-02 09:18:40,496 | INFO     | assistant.voice_engine | [VOICE] Parole RMS=0.0022 — Whisper lancé
2026-05-02 09:18:40,496 | INFO     | faster_whisper | Processing audio with duration 00:01.980
2026-05-02 09:18:40,500 | INFO     | faster_whisper | VAD filter removed 00:01.420 of audio
2026-05-02 09:18:42,533 | INFO     | assistant.voice_engine | [VOICE] Transcription: 'merci.'
2026-05-02 09:18:44,175 | INFO     | assistant.voice_engine | [VOICE] Parole RMS=0.0021 — Whisper lancé
2026-05-02 09:18:44,175 | INFO     | faster_whisper | Processing audio with duration 00:01.980
2026-05-02 09:18:44,179 | INFO     | faster_whisper | VAD filter removed 00:01.980 of audio
2026-05-02 09:18:44,655 | INFO     | assistant.voice_engine | [VOICE] Parole RMS=0.0090 — Whisper lancé
2026-05-02 09:18:44,656 | INFO     | faster_whisper | Processing audio with duration 00:01.980
2026-05-02 09:18:44,660 | INFO     | faster_whisper | VAD filter removed 00:01.072 of audio
INFO:     127.0.0.1:52327 - "GET /api/state HTTP/1.1" 200 OK
INFO:     127.0.0.1:52327 - "GET / HTTP/1.1" 200 OK
2026-05-02 09:18:45,903 | INFO     | api.websocket | [WS] Client déconnecté PAXG/USDT (total: 0)
2026-05-02 09:18:45,904 | INFO     | api.websocket | [WS] Client déconnecté BTC/USDT (total: 0)
INFO:     127.0.0.1:52327 - "GET /api/state HTTP/1.1" 200 OK
2026-05-02 09:18:46,909 | INFO     | api.websocket | [WS] Client connecté BTC/USDT (total: 1)
2026-05-02 09:18:46,934 | INFO     | api.websocket | [WS] Client connecté PAXG/USDT (total: 1)
INFO:     127.0.0.1:54474 - "GET /paper/state HTTP/1.1" 200 OK
INFO:     127.0.0.1:54474 - "GET /paper/equity-curve?last_n=300 HTTP/1.1" 200 OK
INFO:     127.0.0.1:54474 - "GET /services/github/status HTTP/1.1" 500 Internal Server Error
2026-05-02 09:18:50,095 | INFO     | assistant.voice_engine | [VOICE] Transcription: 'bonne soirée.'
2026-05-02 09:18:50,095 | INFO     | assistant.voice_engine | [VOICE] Parole RMS=0.0154 — Whisper lancé
2026-05-02 09:18:50,096 | INFO     | faster_whisper | Processing audio with duration 00:01.980
2026-05-02 09:18:50,100 | INFO     | faster_whisper | VAD filter removed 00:00.188 of audio
INFO:     127.0.0.1:54474 - "GET /api/state HTTP/1.1" 200 OK
INFO:     127.0.0.1:52327 - "GET /services/status HTTP/1.1" 200 OK
2026-05-02 09:18:54,764 | INFO     | api.websocket | [WS] Client déconnecté BTC/USDT (total: 0)
2026-05-02 09:18:54,766 | INFO     | api.websocket | [WS] Client déconnecté PAXG/USDT (total: 0)
2026-05-02 09:18:58,012 | INFO     | assistant.voice_engine | [VOICE] Transcription: 'on se fait d'ailleurs !'
2026-05-02 09:18:58,012 | INFO     | assistant.voice_engine | [VOICE] Parole RMS=0.0042 — Whisper lancé
2026-05-02 09:18:58,012 | INFO     | faster_whisper | Processing audio with duration 00:01.980
2026-05-02 09:18:58,017 | INFO     | faster_whisper | VAD filter removed 00:00.316 of audio
2026-05-02 09:19:00,294 | INFO     | assistant.voice_engine | [VOICE] Transcription: 'merci.'
2026-05-02 09:19:00,296 | INFO     | assistant.voice_engine | [VOICE] Parole RMS=0.0163 — Whisper lancé
2026-05-02 09:19:00,296 | INFO     | faster_whisper | Processing audio with duration 00:01.980
2026-05-02 09:19:00,301 | INFO     | faster_whisper | VAD filter removed 00:01.068 of audio
2026-05-02 09:19:05,959 | INFO     | assistant.voice_engine | [VOICE] Transcription: 'oh, c'est bon.'
2026-05-02 09:19:06,169 | INFO     | engine.learning_engine | [LEARNING] BTC/USDT poids adaptés journal paper (216 trades, critères: 0 actifs)
2026-05-02 09:19:06,172 | INFO     | engine.learning_engine | [LEARNING] PAXG/USDT poids adaptés journal paper (59 trades, critères: 0 actifs)
2026-05-02 09:19:21,743 | INFO     | assistant.voice_engine | [VOICE] Parole RMS=0.0028 — Whisper lancé
2026-05-02 09:19:21,745 | INFO     | faster_whisper | Processing audio with duration 00:01.980
2026-05-02 09:19:21,748 | INFO     | faster_whisper | VAD filter removed 00:01.520 of audio
2026-05-02 09:19:24,169 | INFO     | assistant.voice_engine | [VOICE] Transcription: 'sous-titres réalisés par la communauté d'amara.org'
2026-05-02 09:19:24,169 | INFO     | assistant.voice_engine | [VOICE] Parole RMS=0.0223 — Whisper lancé
2026-05-02 09:19:24,169 | INFO     | faster_whisper | Processing audio with duration 00:01.980
2026-05-02 09:19:24,178 | INFO     | faster_whisper | VAD filter removed 00:00.000 of audio
2026-05-02 09:19:33,661 | INFO     | assistant.voice_engine | [VOICE] Transcription: 'non mais on va pas faire de l'eau plus simple.'
2026-05-02 09:19:33,728 | INFO     | assistant.voice_engine | [VOICE] Parole RMS=0.0162 — Whisper lancé
2026-05-02 09:19:33,728 | INFO     | data.gold_provider | [GOLD/TD] XAU/USD/4h → 500 bougies
2026-05-02 09:19:33,729 | INFO     | faster_whisper | Processing audio with duration 00:01.980
2026-05-02 09:19:33,735 | INFO     | faster_whisper | VAD filter removed 00:00.944 of audio
2026-05-02 09:19:35,323 | INFO     | data.gold_provider | [GOLD/TD] XAU/USD/2h → 500 bougies
2026-05-02 09:19:36,882 | INFO     | data.gold_provider | [GOLD/TD] XAU/USD/1h → 500 bougies
2026-05-02 09:19:38,405 | INFO     | data.gold_provider | [GOLD/TD] XAU/USD/30m → 500 bougies
2026-05-02 09:19:38,928 | INFO     | assistant.voice_engine | [VOICE] Transcription: 'allez, pour moi.'
2026-05-02 09:19:38,930 | INFO     | assistant.voice_engine | [VOICE] Parole RMS=0.0324 — Whisper lancé
2026-05-02 09:19:38,930 | INFO     | faster_whisper | Processing audio with duration 00:01.980
2026-05-02 09:19:38,934 | INFO     | faster_whisper | VAD filter removed 00:00.304 of audio
2026-05-02 09:19:39,926 | INFO     | data.gold_provider | [GOLD/TD] XAU/USD/15m → 500 bougies
2026-05-02 09:19:41,258 | INFO     | assistant.voice_engine | [VOICE] Transcription: 'non, non, non, non, non, non, non, non.'
2026-05-02 09:19:41,328 | INFO     | assistant.voice_engine | [VOICE] Parole RMS=0.0053 — Whisper lancé
2026-05-02 09:19:41,379 | INFO     | faster_whisper | Processing audio with duration 00:01.980
2026-05-02 09:19:41,426 | INFO     | faster_whisper | VAD filter removed 00:00.940 of audio
2026-05-02 09:19:41,428 | INFO     | data.gold_provider | [GOLD/TD] XAU/USD/5m → 500 bougies
2026-05-02 09:19:43,012 | INFO     | data.gold_provider | [GOLD/TD] XAU/USD/1m → 500 bougies
2026-05-02 09:19:43,463 | INFO     | assistant.voice_engine | [VOICE] Parole RMS=0.0268 — Whisper lancé
2026-05-02 09:19:43,464 | INFO     | faster_whisper | Processing audio with duration 00:01.980
2026-05-02 09:19:43,468 | INFO     | faster_whisper | VAD filter removed 00:00.624 of audio
2026-05-02 09:19:44,572 | INFO     | data.gold_provider | [GOLD/TD] XAU/USD/1d → 500 bougies
2026-05-02 09:19:51,325 | INFO     | assistant.voice_engine | [VOICE] Transcription: 'zone'
2026-05-02 09:19:55,432 | INFO     | assistant.voice_engine | [VOICE] Parole RMS=0.0022 — Whisper lancé
2026-05-02 09:19:55,432 | INFO     | faster_whisper | Processing audio with duration 00:01.980
2026-05-02 09:19:55,436 | INFO     | faster_whisper | VAD filter removed 00:01.980 of audio
2026-05-02 09:19:55,911 | INFO     | assistant.voice_engine | [VOICE] Parole RMS=0.0055 — Whisper lancé
2026-05-02 09:19:55,912 | INFO     | faster_whisper | Processing audio with duration 00:01.980
2026-05-02 09:19:55,917 | INFO     | faster_whisper | VAD filter removed 00:01.488 of audio
2026-05-02 09:19:58,192 | INFO     | assistant.voice_engine | [VOICE] Transcription: 'sous-titres réalisés par la communauté d'amara.org'
2026-05-02 09:19:58,194 | INFO     | assistant.voice_engine | [VOICE] Parole RMS=0.0028 — Whisper lancé
2026-05-02 09:19:58,194 | INFO     | faster_whisper | Processing audio with duration 00:01.980
2026-05-02 09:19:58,199 | INFO     | faster_whisper | VAD filter removed 00:01.980 of audio
2026-05-02 09:20:02,030 | INFO     | assistant.voice_engine | [VOICE] Parole RMS=0.0020 — Whisper lancé
2026-05-02 09:20:02,034 | INFO     | faster_whisper | Processing audio with duration 00:01.980
2026-05-02 09:20:02,036 | INFO     | faster_whisper | VAD filter removed 00:01.264 of audio
2026-05-02 09:20:04,317 | INFO     | assistant.voice_engine | [VOICE] Parole RMS=0.0020 — Whisper lancé
2026-05-02 09:20:04,318 | INFO     | faster_whisper | Processing audio with duration 00:01.980
2026-05-02 09:20:04,322 | INFO     | faster_whisper | VAD filter removed 00:01.980 of audio
2026-05-02 09:20:05,277 | INFO     | assistant.voice_engine | [VOICE] Parole RMS=0.0022 — Whisper lancé
2026-05-02 09:20:05,279 | INFO     | faster_whisper | Processing audio with duration 00:01.980
2026-05-02 09:20:05,283 | INFO     | faster_whisper | VAD filter removed 00:01.980 of audio
2026-05-02 09:20:05,758 | INFO     | assistant.voice_engine | [VOICE] Parole RMS=0.0034 — Whisper lancé
2026-05-02 09:20:05,759 | INFO     | faster_whisper | Processing audio with duration 00:01.980
2026-05-02 09:20:05,763 | INFO     | faster_whisper | VAD filter removed 00:01.980 of audio
2026-05-02 09:20:06,237 | INFO     | assistant.voice_engine | [VOICE] Parole RMS=0.0034 — Whisper lancé
2026-05-02 09:20:06,239 | INFO     | faster_whisper | Processing audio with duration 00:01.980
2026-05-02 09:20:06,242 | INFO     | faster_whisper | VAD filter removed 00:01.980 of audio
2026-05-02 09:20:06,717 | INFO     | assistant.voice_engine | [VOICE] Parole RMS=0.0034 — Whisper lancé
2026-05-02 09:20:06,719 | INFO     | faster_whisper | Processing audio with duration 00:01.980
2026-05-02 09:20:06,720 | INFO     | faster_whisper | VAD filter removed 00:01.980 of audio
2026-05-02 09:20:07,213 | INFO     | assistant.voice_engine | [VOICE] Parole RMS=0.0034 — Whisper lancé
2026-05-02 09:20:07,213 | INFO     | faster_whisper | Processing audio with duration 00:01.980
2026-05-02 09:20:07,219 | INFO     | faster_whisper | VAD filter removed 00:01.980 of audio
2026-05-02 09:20:12,809 | INFO     | assistant.voice_engine | [VOICE] Parole RMS=0.0023 — Whisper lancé
2026-05-02 09:20:12,809 | INFO     | faster_whisper | Processing audio with duration 00:01.980
2026-05-02 09:20:12,814 | INFO     | faster_whisper | VAD filter removed 00:01.552 of audio
2026-05-02 09:20:15,359 | INFO     | assistant.voice_engine | [VOICE] Transcription: 'sous-titres réalisés par la communauté d'amara.org'
2026-05-02 09:20:15,360 | INFO     | assistant.voice_engine | [VOICE] Parole RMS=0.0126 — Whisper lancé
2026-05-02 09:20:15,360 | INFO     | faster_whisper | Processing audio with duration 00:01.980
2026-05-02 09:20:15,364 | INFO     | faster_whisper | VAD filter removed 00:00.076 of audio
2026-05-02 09:20:17,576 | INFO     | assistant.voice_engine | [VOICE] Transcription: 'si tu veux te brûler'
2026-05-02 09:20:18,257 | INFO     | assistant.voice_engine | [VOICE] Parole RMS=0.0033 — Whisper lancé
2026-05-02 09:20:18,259 | INFO     | faster_whisper | Processing audio with duration 00:01.980
2026-05-02 09:20:18,262 | INFO     | faster_whisper | VAD filter removed 00:01.488 of audio
2026-05-02 09:20:20,509 | INFO     | assistant.voice_engine | [VOICE] Transcription: 'sous-titres réalisés par la communauté d'amara.org'
2026-05-02 09:20:20,511 | INFO     | assistant.voice_engine | [VOICE] Parole RMS=0.0122 — Whisper lancé
2026-05-02 09:20:20,511 | INFO     | faster_whisper | Processing audio with duration 00:01.980
2026-05-02 09:20:20,515 | INFO     | faster_whisper | VAD filter removed 00:00.000 of audio
2026-05-02 09:20:36,113 | INFO     | assistant.voice_engine | [VOICE] Parole RMS=0.0024 — Whisper lancé
2026-05-02 09:20:36,115 | INFO     | faster_whisper | Processing audio with duration 00:01.980
2026-05-02 09:20:36,119 | INFO     | faster_whisper | VAD filter removed 00:01.520 of audio
2026-05-02 09:20:38,366 | INFO     | assistant.voice_engine | [VOICE] Transcription: 'sous-titres réalisés par la communauté d'amara.org'
2026-05-02 09:20:38,367 | INFO     | assistant.voice_engine | [VOICE] Parole RMS=0.0058 — Whisper lancé
2026-05-02 09:20:38,367 | INFO     | faster_whisper | Processing audio with duration 00:01.980
2026-05-02 09:20:38,370 | INFO     | faster_whisper | VAD filter removed 00:01.036 of audio
2026-05-02 09:20:40,434 | INFO     | assistant.voice_engine | [VOICE] Parole RMS=0.0024 — Whisper lancé
2026-05-02 09:20:40,435 | INFO     | faster_whisper | Processing audio with duration 00:01.980
2026-05-02 09:20:40,440 | INFO     | faster_whisper | VAD filter removed 00:01.980 of audio
2026-05-02 09:20:40,914 | INFO     | assistant.voice_engine | [VOICE] Parole RMS=0.0027 — Whisper lancé
2026-05-02 09:20:40,915 | INFO     | faster_whisper | Processing audio with duration 00:01.980
2026-05-02 09:20:40,919 | INFO     | faster_whisper | VAD filter removed 00:01.980 of audio
2026-05-02 09:20:41,394 | INFO     | assistant.voice_engine | [VOICE] Parole RMS=0.0055 — Whisper lancé
2026-05-02 09:20:41,395 | INFO     | faster_whisper | Processing audio with duration 00:01.980
2026-05-02 09:20:41,399 | INFO     | faster_whisper | VAD filter removed 00:01.232 of audio
2026-05-02 09:20:46,162 | INFO     | assistant.voice_engine | [VOICE] Transcription: 'bonjour.'
2026-05-02 09:20:46,163 | INFO     | assistant.voice_engine | [VOICE] Parole RMS=0.0181 — Whisper lancé
2026-05-02 09:20:46,163 | INFO     | faster_whisper | Processing audio with duration 00:01.980
2026-05-02 09:20:46,167 | INFO     | faster_whisper | VAD filter removed 00:00.000 of audio
2026-05-02 09:20:53,182 | INFO     | assistant.voice_engine | [VOICE] Transcription: 'd'annie merguez, moi je rie.'
2026-05-02 09:20:53,183 | INFO     | assistant.voice_engine | [VOICE] Parole RMS=0.0202 — Whisper lancé
2026-05-02 09:20:53,183 | INFO     | faster_whisper | Processing audio with duration 00:01.980
2026-05-02 09:20:53,185 | INFO     | faster_whisper | VAD filter removed 00:00.912 of audio
2026-05-02 09:20:58,430 | INFO     | assistant.voice_engine | [VOICE] Transcription: 'merci, merci.'
2026-05-02 09:20:58,431 | INFO     | assistant.voice_engine | [VOICE] Parole RMS=0.0470 — Whisper lancé
2026-05-02 09:20:58,433 | INFO     | faster_whisper | Processing audio with duration 00:01.980
2026-05-02 09:20:58,437 | INFO     | faster_whisper | VAD filter removed 00:00.000 of audio
2026-05-02 09:21:00,691 | INFO     | assistant.voice_engine | [VOICE] Transcription: 'moi c'était beau mais il y a que des verguettes'
2026-05-02 09:21:00,699 | INFO     | assistant.voice_engine | [VOICE] Parole RMS=0.0248 — Whisper lancé
2026-05-02 09:21:00,703 | INFO     | faster_whisper | Processing audio with duration 00:01.980
2026-05-02 09:21:00,731 | INFO     | faster_whisper | VAD filter removed 00:00.396 of audio
2026-05-02 09:21:06,418 | INFO     | assistant.voice_engine | [VOICE] Transcription: 'c'est la même chose.'
2026-05-02 09:21:06,418 | INFO     | assistant.voice_engine | [VOICE] Parole RMS=0.0117 — Whisper lancé
2026-05-02 09:21:06,420 | INFO     | faster_whisper | Processing audio with duration 00:01.980
2026-05-02 09:21:06,423 | INFO     | faster_whisper | VAD filter removed 00:01.072 of audio
2026-05-02 09:21:11,042 | INFO     | assistant.voice_engine | [VOICE] Transcription: 'et bien...'
2026-05-02 09:21:11,046 | INFO     | assistant.voice_engine | [VOICE] Parole RMS=0.0155 — Whisper lancé
2026-05-02 09:21:11,046 | INFO     | faster_whisper | Processing audio with duration 00:01.980
2026-05-02 09:21:11,050 | INFO     | faster_whisper | VAD filter removed 00:00.000 of audio
2026-05-02 09:21:18,240 | INFO     | assistant.voice_engine | [VOICE] Transcription: 'et j'en ai une, dans une petite zone.'
2026-05-02 09:21:19,583 | INFO     | assistant.voice_engine | [VOICE] Parole RMS=0.0028 — Whisper lancé
2026-05-02 09:21:19,583 | INFO     | faster_whisper | Processing audio with duration 00:01.980
2026-05-02 09:21:19,587 | INFO     | faster_whisper | VAD filter removed 00:01.552 of audio
2026-05-02 09:21:21,866 | INFO     | assistant.voice_engine | [VOICE] Transcription: 'sous-titres réalisés par la communauté d'amara.org'
2026-05-02 09:21:21,868 | INFO     | assistant.voice_engine | [VOICE] Parole RMS=0.0191 — Whisper lancé
2026-05-02 09:21:21,868 | INFO     | faster_whisper | Processing audio with duration 00:01.980
2026-05-02 09:21:21,872 | INFO     | faster_whisper | VAD filter removed 00:00.000 of audio
2026-05-02 09:21:28,074 | INFO     | assistant.voice_engine | [VOICE] Parole RMS=0.0024 — Whisper lancé
2026-05-02 09:21:28,075 | INFO     | faster_whisper | Processing audio with duration 00:01.980
2026-05-02 09:21:28,079 | INFO     | faster_whisper | VAD filter removed 00:01.488 of audio
2026-05-02 09:21:30,355 | INFO     | assistant.voice_engine | [VOICE] Transcription: 'sous-titres réalisés par la communauté d'amara.org'
2026-05-02 09:21:30,538 | INFO     | assistant.voice_engine | [VOICE] Parole RMS=0.0028 — Whisper lancé
2026-05-02 09:21:30,539 | INFO     | faster_whisper | Processing audio with duration 00:01.980
2026-05-02 09:21:30,544 | INFO     | faster_whisper | VAD filter removed 00:01.520 of audio
2026-05-02 09:21:32,906 | INFO     | assistant.voice_engine | [VOICE] Transcription: 'sous-titres réalisés par la communauté d'amara.org'
2026-05-02 09:21:32,908 | INFO     | assistant.voice_engine | [VOICE] Parole RMS=0.0158 — Whisper lancé
2026-05-02 09:21:32,908 | INFO     | faster_whisper | Processing audio with duration 00:01.980
2026-05-02 09:21:32,913 | INFO     | faster_whisper | VAD filter removed 00:01.328 of audio
2026-05-02 09:21:37,439 | INFO     | assistant.voice_engine | [VOICE] Transcription: 'ah oui...'
2026-05-02 09:21:41,459 | INFO     | assistant.voice_engine | [VOICE] Parole RMS=0.0035 — Whisper lancé
2026-05-02 09:21:41,461 | INFO     | faster_whisper | Processing audio with duration 00:01.980
2026-05-02 09:21:41,465 | INFO     | faster_whisper | VAD filter removed 00:01.520 of audio
2026-05-02 09:21:43,860 | INFO     | assistant.voice_engine | [VOICE] Transcription: 'sous-titres réalisés par la communauté d'amara.org'
2026-05-02 09:21:43,861 | INFO     | assistant.voice_engine | [VOICE] Parole RMS=0.0034 — Whisper lancé
2026-05-02 09:21:43,861 | INFO     | faster_whisper | Processing audio with duration 00:01.980
2026-05-02 09:21:43,865 | INFO     | faster_whisper | VAD filter removed 00:01.424 of audio
2026-05-02 09:21:46,227 | INFO     | assistant.voice_engine | [VOICE] Transcription: 'sous-titres réalisés par la communauté d'amara.org'
2026-05-02 09:21:46,229 | INFO     | assistant.voice_engine | [VOICE] Parole RMS=0.0078 — Whisper lancé
2026-05-02 09:21:46,229 | INFO     | faster_whisper | Processing audio with duration 00:01.980
2026-05-02 09:21:46,233 | INFO     | faster_whisper | VAD filter removed 00:01.980 of audio
2026-05-02 09:21:46,705 | INFO     | assistant.voice_engine | [VOICE] Parole RMS=0.0069 — Whisper lancé
2026-05-02 09:21:46,709 | INFO     | faster_whisper | Processing audio with duration 00:01.980
2026-05-02 09:21:46,711 | INFO     | faster_whisper | VAD filter removed 00:01.392 of audio
2026-05-02 09:21:49,076 | INFO     | assistant.voice_engine | [VOICE] Transcription: 'sous-titres réalisés par la communauté d'amara.org'
2026-05-02 09:21:49,077 | INFO     | assistant.voice_engine | [VOICE] Parole RMS=0.0190 — Whisper lancé
2026-05-02 09:21:49,077 | INFO     | faster_whisper | Processing audio with duration 00:01.980
2026-05-02 09:21:49,082 | INFO     | faster_whisper | VAD filter removed 00:00.000 of audio
2026-05-02 09:22:02,219 | INFO     | assistant.voice_engine | [VOICE] Transcription: 'ah, bah, bah, bah...'
2026-05-02 09:22:02,368 | INFO     | assistant.voice_engine | [VOICE] Parole RMS=0.0027 — Whisper lancé
2026-05-02 09:22:02,369 | INFO     | faster_whisper | Processing audio with duration 00:01.980
2026-05-02 09:22:02,374 | INFO     | faster_whisper | VAD filter removed 00:01.980 of audio
2026-05-02 09:22:02,848 | INFO     | assistant.voice_engine | [VOICE] Parole RMS=0.0050 — Whisper lancé
2026-05-02 09:22:02,850 | INFO     | faster_whisper | Processing audio with duration 00:01.980
2026-05-02 09:22:02,854 | INFO     | faster_whisper | VAD filter removed 00:01.264 of audio
2026-05-02 09:22:08,276 | INFO     | assistant.voice_engine | [VOICE] Transcription: 'merci.'
2026-05-02 09:22:08,276 | INFO     | assistant.voice_engine | [VOICE] Parole RMS=0.0194 — Whisper lancé
2026-05-02 09:22:08,278 | INFO     | faster_whisper | Processing audio with duration 00:01.980
2026-05-02 09:22:08,282 | INFO     | faster_whisper | VAD filter removed 00:00.000 of audio
2026-05-02 09:22:10,860 | INFO     | assistant.voice_engine | [VOICE] Transcription: 'on y est du coup, on y est, on y est, on y est.'
2026-05-02 09:22:12,660 | INFO     | assistant.voice_engine | [VOICE] Parole RMS=0.0021 — Whisper lancé
2026-05-02 09:22:12,660 | INFO     | faster_whisper | Processing audio with duration 00:01.980
2026-05-02 09:22:12,664 | INFO     | faster_whisper | VAD filter removed 00:01.296 of audio
2026-05-02 09:22:15,059 | INFO     | assistant.voice_engine | [VOICE] Transcription: 'sous-titres réalisés par la communauté d'amara.org'
2026-05-02 09:22:16,226 | INFO     | assistant.voice_engine | [VOICE] Parole RMS=0.0021 — Whisper lancé
2026-05-02 09:22:16,227 | INFO     | faster_whisper | Processing audio with duration 00:01.980
2026-05-02 09:22:16,231 | INFO     | faster_whisper | VAD filter removed 00:01.520 of audio
2026-05-02 09:22:18,836 | INFO     | assistant.voice_engine | [VOICE] Transcription: 'sous-titres réalisés par la communauté d'amara.org'
2026-05-02 09:22:18,837 | INFO     | assistant.voice_engine | [VOICE] Parole RMS=0.0038 — Whisper lancé
2026-05-02 09:22:18,837 | INFO     | faster_whisper | Processing audio with duration 00:01.980
2026-05-02 09:22:18,843 | INFO     | faster_whisper | VAD filter removed 00:01.980 of audio
2026-05-02 09:22:20,820 | INFO     | assistant.voice_engine | [VOICE] Parole RMS=0.0025 — Whisper lancé
2026-05-02 09:22:20,820 | INFO     | faster_whisper | Processing audio with duration 00:01.980
2026-05-02 09:22:20,825 | INFO     | faster_whisper | VAD filter removed 00:01.520 of audio
2026-05-02 09:22:23,243 | INFO     | assistant.voice_engine | [VOICE] Transcription: 'sous-titres réalisés par la communauté d'amara.org'
2026-05-02 09:22:23,245 | INFO     | assistant.voice_engine | [VOICE] Parole RMS=0.0063 — Whisper lancé
2026-05-02 09:22:23,245 | INFO     | faster_whisper | Processing audio with duration 00:01.980
2026-05-02 09:22:23,250 | INFO     | faster_whisper | VAD filter removed 00:00.764 of audio
2026-05-02 09:22:29,036 | INFO     | assistant.voice_engine | [VOICE] Transcription: 'à la prochaine.'
2026-05-02 09:22:29,037 | INFO     | assistant.voice_engine | [VOICE] Parole RMS=0.0036 — Whisper lancé
2026-05-02 09:22:29,037 | INFO     | faster_whisper | Processing audio with duration 00:01.980
2026-05-02 09:22:29,042 | INFO     | faster_whisper | VAD filter removed 00:01.392 of audio
2026-05-02 09:22:31,052 | INFO     | assistant.voice_engine | [VOICE] Transcription: 'ok'
2026-05-02 09:22:31,053 | INFO     | assistant.voice_engine | [VOICE] Parole RMS=0.0076 — Whisper lancé
2026-05-02 09:22:31,053 | INFO     | faster_whisper | Processing audio with duration 00:01.980
2026-05-02 09:22:31,057 | INFO     | faster_whisper | VAD filter removed 00:00.544 of audio
2026-05-02 09:22:36,482 | INFO     | assistant.voice_engine | [VOICE] Transcription: 'c'est bon, vas-y.'
2026-05-02 09:22:40,684 | INFO     | execution.signal_manager | [SIGNAL] PAXG/USDT VENTE score=5/11 confs=['EMA200-H4 baissier', 'OB/FVG 30m (fvg)', 'OB/FVG double conf 15m', 'TRIX 5m', 'ADX régime RANGE'] cid=e841560841b3
2026-05-02 09:22:45,122 | INFO     | assistant.voice_engine | [VOICE] Parole RMS=0.0045 — Whisper lancé
2026-05-02 09:22:45,123 | INFO     | faster_whisper | Processing audio with duration 00:01.980
2026-05-02 09:22:45,127 | INFO     | faster_whisper | VAD filter removed 00:01.980 of audio
2026-05-02 09:22:45,601 | INFO     | assistant.voice_engine | [VOICE] Parole RMS=0.0074 — Whisper lancé
2026-05-02 09:22:45,603 | INFO     | faster_whisper | Processing audio with duration 00:01.980
2026-05-02 09:22:45,606 | INFO     | faster_whisper | VAD filter removed 00:01.136 of audio
2026-05-02 09:22:46,278 | INFO     | data.gold_provider | [GOLD/TD] XAU/USD/4h → 500 bougies
2026-05-02 09:22:47,714 | INFO     | assistant.voice_engine | [VOICE] Transcription: 'c'est le'
2026-05-02 09:22:47,776 | INFO     | assistant.voice_engine | [VOICE] Parole RMS=0.0091 — Whisper lancé
2026-05-02 09:22:47,776 | INFO     | data.gold_provider | [GOLD/TD] XAU/USD/2h → 500 bougies
2026-05-02 09:22:47,778 | INFO     | faster_whisper | Processing audio with duration 00:01.980
2026-05-02 09:22:47,782 | INFO     | faster_whisper | VAD filter removed 00:00.656 of audio
2026-05-02 09:22:49,286 | INFO     | data.gold_provider | [GOLD/TD] XAU/USD/1h → 500 bougies
2026-05-02 09:22:50,806 | INFO     | data.gold_provider | [GOLD/TD] XAU/USD/30m → 500 bougies
2026-05-02 09:22:52,334 | INFO     | data.gold_provider | [GOLD/TD] XAU/USD/15m → 500 bougies
2026-05-02 09:22:53,878 | INFO     | data.gold_provider | [GOLD/TD] XAU/USD/5m → 500 bougies
2026-05-02 09:22:55,455 | INFO     | data.gold_provider | [GOLD/TD] XAU/USD/1m → 500 bougies
2026-05-02 09:22:56,934 | INFO     | data.gold_provider | [GOLD/TD] XAU/USD/1d → 500 bougies
2026-05-02 09:22:56,941 | INFO     | assistant.voice_engine | [VOICE] Transcription: 'c'est bien dans ce...'
2026-05-02 09:22:56,941 | INFO     | assistant.voice_engine | [VOICE] Parole RMS=0.0105 — Whisper lancé
2026-05-02 09:22:56,942 | INFO     | faster_whisper | Processing audio with duration 00:01.980
2026-05-02 09:22:56,945 | INFO     | faster_whisper | VAD filter removed 00:01.484 of audio
2026-05-02 09:22:59,189 | INFO     | assistant.voice_engine | [VOICE] Transcription: 'sous-titres réalisés par la communauté d'amara.org'
2026-05-02 09:22:59,191 | INFO     | assistant.voice_engine | [VOICE] Parole RMS=0.0089 — Whisper lancé
2026-05-02 09:22:59,191 | INFO     | faster_whisper | Processing audio with duration 00:01.980
2026-05-02 09:22:59,195 | INFO     | faster_whisper | VAD filter removed 00:00.764 of audio
2026-05-02 09:23:01,228 | INFO     | assistant.voice_engine | [VOICE] Transcription: 'ouais'
2026-05-02 09:23:01,229 | INFO     | assistant.voice_engine | [VOICE] Parole RMS=0.0054 — Whisper lancé
2026-05-02 09:23:01,229 | INFO     | faster_whisper | Processing audio with duration 00:01.980
2026-05-02 09:23:01,234 | INFO     | faster_whisper | VAD filter removed 00:00.592 of audio
2026-05-02 09:23:03,510 | INFO     | assistant.voice_engine | [VOICE] Transcription: 'sous-titres réalisés par la communauté d'amara.org'
2026-05-02 09:23:03,510 | INFO     | assistant.voice_engine | [VOICE] Parole RMS=0.0067 — Whisper lancé
2026-05-02 09:23:03,510 | INFO     | faster_whisper | Processing audio with duration 00:01.980
2026-05-02 09:23:03,514 | INFO     | faster_whisper | VAD filter removed 00:00.000 of audio
2026-05-02 09:23:05,941 | INFO     | assistant.voice_engine | [VOICE] Transcription: 'et qu'il y ait de la hausse et de la hausse et de la hausse.'
2026-05-02 09:23:05,943 | INFO     | assistant.voice_engine | [VOICE] Parole RMS=0.0062 — Whisper lancé
2026-05-02 09:23:05,944 | INFO     | faster_whisper | Processing audio with duration 00:01.980
2026-05-02 09:23:05,948 | INFO     | faster_whisper | VAD filter removed 00:00.460 of audio
2026-05-02 09:23:08,972 | INFO     | assistant.voice_engine | [VOICE] Parole RMS=0.0024 — Whisper lancé
2026-05-02 09:23:08,974 | INFO     | faster_whisper | Processing audio with duration 00:01.980
2026-05-02 09:23:08,977 | INFO     | faster_whisper | VAD filter removed 00:01.520 of audio
2026-05-02 09:23:11,277 | INFO     | assistant.voice_engine | [VOICE] Transcription: 'sous-titres réalisés par la communauté d'amara.org'
2026-05-02 09:23:11,277 | INFO     | assistant.voice_engine | [VOICE] Parole RMS=0.0189 — Whisper lancé
2026-05-02 09:23:11,278 | INFO     | faster_whisper | Processing audio with duration 00:01.980
2026-05-02 09:23:11,282 | INFO     | faster_whisper | VAD filter removed 00:00.076 of audio
2026-05-02 09:23:13,558 | INFO     | assistant.voice_engine | [VOICE] Transcription: 'c'est gentil, mais on est là-haut.'
2026-05-02 09:23:15,118 | INFO     | assistant.voice_engine | [VOICE] Parole RMS=0.0021 — Whisper lancé
2026-05-02 09:23:15,119 | INFO     | faster_whisper | Processing audio with duration 00:01.980
2026-05-02 09:23:15,123 | INFO     | faster_whisper | VAD filter removed 00:01.980 of audio
2026-05-02 09:23:15,597 | INFO     | assistant.voice_engine | [VOICE] Parole RMS=0.0050 — Whisper lancé
2026-05-02 09:23:15,599 | INFO     | faster_whisper | Processing audio with duration 00:01.980
2026-05-02 09:23:15,603 | INFO     | faster_whisper | VAD filter removed 00:01.980 of audio
2026-05-02 09:23:16,077 | INFO     | assistant.voice_engine | [VOICE] Parole RMS=0.0051 — Whisper lancé
2026-05-02 09:23:16,077 | INFO     | faster_whisper | Processing audio with duration 00:01.980
2026-05-02 09:23:16,080 | INFO     | faster_whisper | VAD filter removed 00:01.980 of audio
2026-05-02 09:23:16,557 | INFO     | assistant.voice_engine | [VOICE] Parole RMS=0.0051 — Whisper lancé
2026-05-02 09:23:16,557 | INFO     | faster_whisper | Processing audio with duration 00:01.980
2026-05-02 09:23:16,563 | INFO     | faster_whisper | VAD filter removed 00:01.980 of audio
2026-05-02 09:23:17,037 | INFO     | assistant.voice_engine | [VOICE] Parole RMS=0.0051 — Whisper lancé
2026-05-02 09:23:17,038 | INFO     | faster_whisper | Processing audio with duration 00:01.980
2026-05-02 09:23:17,041 | INFO     | faster_whisper | VAD filter removed 00:01.980 of audio
2026-05-02 09:23:19,075 | INFO     | assistant.voice_engine | [VOICE] Parole RMS=0.0022 — Whisper lancé
2026-05-02 09:23:19,076 | INFO     | faster_whisper | Processing audio with duration 00:01.980
2026-05-02 09:23:19,080 | INFO     | faster_whisper | VAD filter removed 00:01.980 of audio
2026-05-02 09:23:19,555 | INFO     | assistant.voice_engine | [VOICE] Parole RMS=0.0024 — Whisper lancé
2026-05-02 09:23:19,557 | INFO     | faster_whisper | Processing audio with duration 00:01.980
2026-05-02 09:23:19,561 | INFO     | faster_whisper | VAD filter removed 00:01.980 of audio
2026-05-02 09:23:20,034 | INFO     | assistant.voice_engine | [VOICE] Parole RMS=0.0021 — Whisper lancé
2026-05-02 09:23:20,035 | INFO     | faster_whisper | Processing audio with duration 00:01.980
2026-05-02 09:23:20,040 | INFO     | faster_whisper | VAD filter removed 00:01.980 of audio
2026-05-02 09:23:20,515 | INFO     | assistant.voice_engine | [VOICE] Parole RMS=0.0021 — Whisper lancé
2026-05-02 09:23:20,515 | INFO     | faster_whisper | Processing audio with duration 00:01.980
2026-05-02 09:23:20,519 | INFO     | faster_whisper | VAD filter removed 00:01.980 of audio
2026-05-02 09:23:20,994 | INFO     | assistant.voice_engine | [VOICE] Parole RMS=0.0043 — Whisper lancé
2026-05-02 09:23:20,996 | INFO     | faster_whisper | Processing audio with duration 00:01.980
2026-05-02 09:23:21,000 | INFO     | faster_whisper | VAD filter removed 00:01.488 of audio
2026-05-02 09:23:23,426 | INFO     | assistant.voice_engine | [VOICE] Transcription: 'sous-titres réalisés par la communauté d'amara.org'
2026-05-02 09:23:23,427 | INFO     | assistant.voice_engine | [VOICE] Parole RMS=0.0258 — Whisper lancé
2026-05-02 09:23:23,427 | INFO     | faster_whisper | Processing audio with duration 00:01.980
2026-05-02 09:23:23,432 | INFO     | faster_whisper | VAD filter removed 00:00.000 of audio
