symbol,side,entry_price,avg_exit_price,size_usdt,pnl_usdt,pnl_pct,fee_total,funding_paid,entry_ts,exit_ts,duration_min,score,exit_reason,correlation_id,source,confs,regime,macro_risk
PAXG/USDT,LONG,4680.216446,4690.263485,600.0,1.0479,0.17,0.48,0.0,2026-04-06T08:17:36.410558+00:00,2026-04-25T10:58:05.141355+00:00,27520.5,7,tp_cascade,0451f4280510,internal,[],,0.0
BTC/USDT,LONG,77694.949016,77659.925776,200.1616,-0.1703,-0.09,0.1601,0.0,2026-04-25T11:41:12.037117+00:00,2026-04-25T14:04:02.532291+00:00,142.8,6,sl,3f22017d757f,internal,"['EMA200-H4 haussier', 'OB/FVG 30m (fvg)', 'OB/FVG double conf 15m', 'TRIX 5m', 'Delta volume confirme', 'ADX régime RANGE']",RANGE,0.0
BTC/USDT,LONG,77689.145536,77641.334164,200.0708,-0.2032,-0.1,0.1601,0.0,2026-04-25T14:05:21.529389+00:00,2026-04-25T14:54:30.451619+00:00,49.1,6,sl,09ec22986883,internal,"['EMA200-H4 haussier', 'OB/FVG 30m (fvg)', 'OB/FVG double conf 15m', 'TRIX 5m', 'Delta volume confirme', 'ADX régime RANGE']",RANGE,0.0
BTC/USDT,LONG,77714.540764,77491.417236,200.0135,-0.6543,-0.33,0.16,0.0,2026-04-25T14:54:46.404572+00:00,2026-04-25T15:49:17.712329+00:00,54.5,6,sl,7312ec2eb315,internal,"['EMA200-H4 haussier', 'OB/FVG 30m (fvg)', 'OB/FVG double conf 15m', 'TRIX 5m', 'Delta volume confirme', 'ADX régime RANGE']",RANGE,0.0
BTC/USDT,LONG,77453.023948,77248.632994,199.8654,-0.6074,-0.3,0.1599,0.0,2026-04-25T15:54:01.234848+00:00,2026-04-25T16:00:31.691073+00:00,6.5,6,sl,d561625f75d9,internal,"['EMA200-H4 haussier', 'OB/FVG 30m (fvg)', 'OB/FVG double conf 15m', 'TRIX 5m', 'Delta volume confirme', 'ADX régime RANGE']",RANGE,0.0
BTC/USDT,LONG,78034.482614,77817.73133,199.7634,-0.6348,-0.32,0.1598,0.0,2026-04-26T12:17:15.623846+00:00,2026-04-26T12:46:11.225087+00:00,28.9,6,sl,b28384a944fe,internal,"['EMA200-H4 haussier', 'OB/FVG 30m (fvg)', 'OB/FVG double conf 15m', 'Rejet 5m/15m', 'TRIX 5m', 'ADX régime TREND']",TREND,0.0
BTC/USDT,LONG,77827.228336,77788.670107,199.6167,-0.1787,-0.09,0.1597,0.0,2026-04-26T12:46:27.632110+00:00,2026-04-26T12:55:28.388077+00:00,9.0,6,sl,ac83367be8cf,internal,"['EMA200-H4 haussier', 'OB/FVG 30m (fvg)', 'OB/FVG double conf 15m', 'TRIX 5m', 'Delta volume confirme', 'ADX régime TREND']",TREND,0.0
BTC/USDT,LONG,77882.081228,77842.044756,199.5657,-0.1824,-0.09,0.1597,0.0,2026-04-26T12:57:20.308754+00:00,2026-04-26T13:18:05.724791+00:00,20.8,6,sl,12b8d7c90703,internal,"['EMA200-H4 haussier', 'OB/FVG 30m (fvg)', 'OB/FVG double conf 15m', 'Rejet 5m/15m', 'TRIX 5m', 'ADX régime TREND']",TREND,0.0
BTC/USDT,LONG,77920.194082,77884.789958,199.505,-0.1705,-0.09,0.1596,0.0,2026-04-26T13:19:30.152929+00:00,2026-04-26T13:53:51.847592+00:00,34.4,6,sl,7622478fbe9c,internal,"['EMA200-H4 haussier', 'OB/FVG 30m (fvg)', 'OB/FVG double conf 15m', 'TRIX 5m', 'Delta volume confirme', 'ADX régime TREND']",TREND,0.0
BTC/USDT,LONG,77978.469026,78014.759242,199.4448,0.0131,0.01,0.1595,0.0,2026-04-26T13:59:04.728906+00:00,2026-04-26T14:20:10.273676+00:00,21.1,6,tp_cascade,b83e560162fc,internal,"['EMA200-H4 haussier', 'OB/FVG 30m (fvg)', 'OB/FVG double conf 15m', 'TRIX 5m', 'Delta volume confirme', 'ADX régime RANGE']",RANGE,0.0
BTC/USDT,LONG,78103.23384,78064.245775,199.3986,-0.1793,-0.09,0.1595,0.0,2026-04-26T14:25:03.375215+00:00,2026-04-26T14:57:04.991856+00:00,32.0,6,sl,eae764279bdc,internal,"['EMA200-H4 haussier', 'OB/FVG 30m (fvg)', 'OB/FVG double conf 15m', 'TRIX 5m', 'Delta volume confirme', 'ADX régime RANGE']",RANGE,0.0
BTC/USDT,LONG,78138.274852,77923.218,199.3404,-0.6284,-0.32,0.1595,0.0,2026-04-26T15:04:20.463465+00:00,2026-04-26T16:45:05.170174+00:00,100.7,6,sl,12165bf1f026,internal,"['EMA200-H4 haussier', 'OB/FVG 30m (fvg)', 'OB/FVG double conf 15m', 'TRIX 5m', 'Delta volume confirme', 'ADX régime RANGE']",RANGE,0.0
BTC/USDT,LONG,78026.788,77811.555038,199.2384,-0.6293,-0.32,0.1594,0.0,2026-04-26T16:45:21.315319+00:00,2026-04-26T17:02:19.321582+00:00,17.0,6,sl,9d04f4aa35cd,internal,"['EMA200-H4 haussier', 'OB/FVG 30m (fvg)', 'OB/FVG double conf 15m', 'TRIX 5m', 'Delta volume confirme', 'ADX régime RANGE']",RANGE,0.0
BTC/USDT,LONG,78026.307712,77989.629187,199.0812,-0.1732,-0.09,0.1593,0.0,2026-04-26T17:06:21.112713+00:00,2026-04-26T18:11:26.736654+00:00,65.1,6,sl,cdd67bf13ddc,internal,"['EMA200-H4 haussier', 'OB/FVG 30m (fvg)', 'OB/FVG double conf 15m', 'TRIX 5m', 'Delta volume confirme', 'ADX régime RANGE']",RANGE,0.0
BTC/USDT,LONG,78073.56605,78036.528313,198.9876,-0.174,-0.09,0.1592,0.0,2026-04-26T18:12:31.154542+00:00,2026-04-26T18:12:58.219044+00:00,0.5,6,sl,67ce9ab2421a,internal,"['EMA200-H4 haussier', 'OB/FVG 30m (fvg)', 'OB/FVG double conf 15m', 'TRIX 5m', 'Delta volume confirme', 'ADX régime RANGE']",RANGE,0.0
BTC/USDT,LONG,78184.58262,78220.968742,198.9302,0.013,0.01,0.1591,0.0,2026-04-26T18:17:34.032433+00:00,2026-04-26T18:18:00.989332+00:00,0.4,6,tp_cascade,7e4e4edced88,internal,"['EMA200-H4 haussier', 'OB/FVG 30m (fvg)', 'OB/FVG double conf 15m', 'TRIX 5m', 'Delta volume confirme', 'ADX régime RANGE']",RANGE,0.0
BTC/USDT,LONG,78251.132526,78216.998512,198.9012,-0.1663,-0.08,0.1591,0.0,2026-04-26T18:22:34.313972+00:00,2026-04-26T18:58:37.854971+00:00,36.1,7,sl,1331d6975dfa,internal,"['EMA200-H4 haussier', 'BOS H2/H1', 'H2+H1 alignés', 'OB/FVG 30m (fvg)', 'OB/FVG double conf 15m', 'TRIX 5m', 'ADX régime RANGE']",RANGE,0.0
BTC/USDT,LONG,78273.455912,78309.883395,198.8806,0.0129,0.01,0.1591,0.0,2026-04-26T19:03:27.745510+00:00,2026-04-26T19:13:44.719648+00:00,10.3,7,tp_cascade,83b3ac346d3e,internal,"['EMA200-H4 haussier', 'BOS H2/H1', 'H2+H1 alignés', 'OB/FVG 30m (fvg)', 'OB/FVG double conf 15m', 'TRIX 5m', 'ADX régime RANGE']",RANGE,0.0
BTC/USDT,LONG,78452.683384,78247.87309,198.8592,-0.5987,-0.3,0.1591,0.0,2026-04-26T19:18:35.334531+00:00,2026-04-26T19:23:43.573077+00:00,5.1,7,sl,3b428a778898,internal,"['EMA200-H4 haussier', 'BOS H2/H1', 'H2+H1 alignés', 'OB/FVG 30m (fvg)', 'OB/FVG double conf 15m', 'TRIX 5m', 'ADX régime RANGE']",RANGE,0.0
BTC/USDT,LONG,78221.124532,78001.32111,198.7365,-0.6379,-0.32,0.159,0.0,2026-04-26T19:28:39.193468+00:00,2026-04-26T19:35:17.371792+00:00,6.6,7,sl,c559945ad12e,internal,"['EMA200-H4 haussier', 'OB/FVG 30m (fvg)', 'OB/FVG double conf 15m', 'Rejet 5m/15m', 'TRIX 5m', 'Delta volume confirme', 'ADX régime RANGE']",RANGE,0.0
BTC/USDT,LONG,78157.026096,78193.399427,198.5931,0.013,0.01,0.1589,0.0,2026-04-26T19:40:05.072355+00:00,2026-04-26T19:55:48.712742+00:00,15.7,6,tp_cascade,329cb35b10b2,internal,"['EMA200-H4 haussier', 'OB/FVG 30m (fvg)', 'OB/FVG double conf 15m', 'TRIX 5m', 'Delta volume confirme', 'ADX régime RANGE']",RANGE,0.0
BTC/USDT,LONG,78329.329416,78120.759404,198.5913,-0.6082,-0.31,0.1589,0.0,2026-04-26T19:55:48.824730+00:00,2026-04-26T20:18:33.726820+00:00,22.7,7,sl,c9a268841581,internal,"['EMA200-H4 haussier', 'BOS H2/H1', 'H2+H1 alignés', 'OB/FVG 30m (fvg)', 'OB/FVG double conf 15m', 'TRIX 5m', 'ADX régime RANGE']",RANGE,0.0
BTC/USDT,LONG,78204.934824,78241.330418,198.4456,0.013,0.01,0.1587,0.0,2026-04-26T20:20:59.843552+00:00,2026-04-26T20:34:22.477704+00:00,13.4,6,tp_cascade,f50bc496f654,internal,"['EMA200-H4 haussier', 'OB/FVG 30m (fvg)', 'OB/FVG double conf 15m', 'TRIX 5m', 'Delta volume confirme', 'ADX régime TREND']",TREND,0.0
BTC/USDT,LONG,78387.774462,78182.302456,198.4405,-0.5995,-0.3,0.1588,0.0,2026-04-26T20:36:05.472748+00:00,2026-04-26T20:55:50.411611+00:00,19.7,7,sl,8d13e2456926,internal,"['EMA200-H4 haussier', 'BOS H2/H1', 'H2+H1 alignés', 'OB/FVG 30m (fvg)', 'OB/FVG double conf 15m', 'TRIX 5m', 'ADX régime TREND']",TREND,0.0
BTC/USDT,LONG,78271.03446,78307.460816,198.3303,0.0129,0.01,0.1587,0.0,2026-04-26T20:56:18.925598+00:00,2026-04-27T04:55:11.093314+00:00,478.9,7,tp_cascade,69d6d930f1cb,internal,"['EMA200-H4 haussier', 'BOS H2/H1', 'H2+H1 alignés', 'OB/FVG 30m (fvg)', 'OB/FVG double conf 15m', 'TRIX 5m', 'ADX régime TREND']",TREND,0.0
BTC/USDT,LONG,77998.861254,77784.421328,198.2765,-0.6244,-0.31,0.1586,0.0,2026-04-27T05:28:41.511440+00:00,2026-04-27T05:30:05.876053+00:00,1.4,6,sl,7a00e3983d67,internal,"['EMA200-H4 haussier', 'OB/FVG 30m (fvg)', 'OB/FVG double conf 15m', 'Rejet 5m/15m', 'TRIX 5m', 'Delta volume confirme']",VOLATILE,0.0
BTC/USDT,LONG,77888.284948,77680.21389,198.1859,-0.6087,-0.31,0.1585,0.0,2026-04-27T05:33:43.557919+00:00,2026-04-27T05:35:29.854026+00:00,1.8,6,sl,e93278c4733a,internal,"['EMA200-H4 haussier', 'OB/FVG 30m (fvg)', 'OB/FVG double conf 15m', 'Rejet 5m/15m', 'TRIX 5m', 'Delta volume confirme']",VOLATILE,0.0
BTC/USDT,LONG,77798.811296,77735.513275,198.0741,-0.2403,-0.12,0.1585,0.0,2026-04-27T05:40:17.997084+00:00,2026-04-27T05:48:03.533547+00:00,7.8,6,sl,af722d420378,internal,"['EMA200-H4 haussier', 'OB/FVG 30m (fvg)', 'OB/FVG double conf 15m', 'Rejet 5m/15m', 'TRIX 5m', 'Delta volume confirme']",VOLATILE,0.0
BTC/USDT,LONG,77831.540922,77620.060004,198.0137,-0.6172,-0.31,0.1584,0.0,2026-04-27T05:52:20.559363+00:00,2026-04-27T06:06:06.555237+00:00,13.8,6,sl,8d038e734e81,internal,"['EMA200-H4 haussier', 'OB/FVG 30m (fvg)', 'OB/FVG double conf 15m', 'Rejet 5m/15m', 'TRIX 5m', 'Delta volume confirme']",VOLATILE,0.0
BTC/USDT,LONG,77827.098258,77612.484552,197.8709,-0.6248,-0.32,0.1583,0.0,2026-04-27T06:08:26.590133+00:00,2026-04-27T06:30:48.262836+00:00,22.4,6,sl,8fa8d0631f6a,internal,"['EMA200-H4 haussier', 'OB/FVG 30m (fvg)', 'OB/FVG double conf 15m', 'Rejet 5m/15m', 'TRIX 5m', 'Delta volume confirme']",VOLATILE,0.0
BTC/USDT,LONG,77796.65,77763.862474,197.7144,-0.1624,-0.08,0.1582,0.0,2026-04-27T08:51:30.727806+00:00,2026-04-27T09:10:08.621491+00:00,18.6,6,sl,aa32f2b3e21e,internal,"['EMA200-H4 haussier', 'OB/FVG 30m (fvg)', 'OB/FVG double conf 15m', 'Rejet 5m/15m', 'Delta volume confirme', 'ADX régime TREND']",TREND,0.0
BTC/USDT,LONG,77777.928774,77814.125628,197.71,0.0129,0.01,0.1582,0.0,2026-04-27T09:25:31.404725+00:00,2026-04-27T09:33:19.236442+00:00,7.8,6,tp_cascade,bdee93127a06,internal,"['EMA200-H4 haussier', 'OB/FVG 30m (fvg)', 'OB/FVG double conf 15m', 'TRIX 5m', 'Delta volume confirme', 'ADX régime TREND']",TREND,0.0
BTC/USDT,LONG,77989.155434,77777.315594,197.7184,-0.6161,-0.31,0.1582,0.0,2026-04-27T09:37:10.369877+00:00,2026-04-27T10:05:26.785212+00:00,28.3,6,sl,f65baee9ee45,internal,"['EMA200-H4 haussier', 'OB/FVG 30m (fvg)', 'OB/FVG double conf 15m', 'Rejet 5m/15m', 'Delta volume confirme', 'ADX régime TREND']",TREND,0.0
PAXG/USDT,SHORT,4697.150018,4697.803936,200.1306,-0.1079,-0.05,0.1601,-0.1001,2026-04-25T11:41:42.904253+00:00,2026-04-27T10:37:34.710047+00:00,2815.9,6,sl,105da9b3f00d,internal,"['EMA200-H4 baissier', 'OB/FVG 30m (fvg)', 'OB/FVG double conf 15m', 'TRIX 5m', 'Delta volume confirme', 'ADX régime RANGE']",RANGE,0.0
BTC/USDT,LONG,77874.586734,77838.421058,197.5671,-0.1708,-0.09,0.1581,0.0,2026-04-27T10:10:26.963871+00:00,2026-04-27T10:43:29.560577+00:00,33.0,6,sl,0e5d51df0908,internal,"['EMA200-H4 haussier', 'OB/FVG 30m (fvg)', 'OB/FVG double conf 15m', 'Rejet 5m/15m', 'Delta volume confirme', 'ADX régime TREND']",TREND,0.0
BTC/USDT,LONG,77921.364784,77708.177102,197.4237,-0.6191,-0.31,0.1579,0.0,2026-04-27T10:45:33.711812+00:00,2026-04-27T11:09:54.657518+00:00,24.3,6,sl,54618171aa39,internal,"['EMA200-H4 haussier', 'OB/FVG 30m (fvg)', 'OB/FVG double conf 15m', 'Rejet 5m/15m', 'Delta volume confirme', 'ADX régime TREND']",TREND,0.0
BTC/USDT,LONG,77834.592752,77800.745793,197.325,-0.1647,-0.08,0.1579,0.0,2026-04-27T11:19:54.885862+00:00,2026-04-27T11:33:54.154351+00:00,14.0,6,sl,f0591a07633d,internal,"['EMA200-H4 haussier', 'OB/FVG 30m (fvg)', 'OB/FVG double conf 15m', 'Rejet 5m/15m', 'Delta volume confirme', 'ADX régime TREND']",TREND,0.0
BTC/USDT,LONG,77832.111264,77629.8941,197.3005,-0.5915,-0.3,0.1578,0.0,2026-04-27T11:38:19.439202+00:00,2026-04-27T12:38:36.088971+00:00,60.3,6,sl,cfe62f735fdd,internal,"['EMA200-H4 haussier', 'OB/FVG 30m (fvg)', 'OB/FVG double conf 15m', 'TRIX 5m', 'Delta volume confirme', 'ADX régime TREND']",TREND,0.0
BTC/USDT,LONG,77779.469698,77573.428,197.1656,-0.6012,-0.3,0.1577,0.0,2026-04-27T12:47:31.980076+00:00,2026-04-27T12:59:39.282267+00:00,12.1,6,sl,889e2ccf2775,internal,"['EMA200-H4 haussier', 'OB/FVG 30m (tested)', 'OB/FVG double conf 15m', 'Rejet 5m/15m', 'Delta volume confirme', 'ADX régime TREND']",TREND,0.0
BTC/USDT,LONG,77718.072882,77660.322867,197.0569,-0.2253,-0.11,0.1576,0.0,2026-04-27T13:07:05.258291+00:00,2026-04-27T13:15:05.791593+00:00,8.0,6,sl,c9207c2dfcaf,internal,"['EMA200-H4 haussier', 'OB/FVG 30m (tested)', 'OB/FVG double conf 15m', 'Rejet 5m/15m', 'Delta volume confirme', 'ADX régime TREND']",TREND,0.0
BTC/USDT,LONG,77783.59217,77834.43167,196.9958,0.0499,0.03,0.1576,0.0,2026-04-27T13:33:45.324457+00:00,2026-04-27T13:41:35.699402+00:00,7.8,6,tp_cascade,40b2e7e0812b,internal,"['EMA200-H4 haussier', 'OB/FVG 30m (tested)', 'OB/FVG double conf 15m', 'Rejet 5m/15m', 'Delta volume confirme', 'ADX régime TREND']",TREND,0.0
BTC/USDT,LONG,77717.812726,77687.67147,196.9905,-0.1552,-0.08,0.1576,0.0,2026-04-27T13:54:24.493012+00:00,2026-04-27T14:05:07.565087+00:00,10.7,6,sl,08c75838d236,internal,"['EMA200-H4 haussier', 'OB/FVG 30m (tested)', 'OB/FVG double conf 15m', 'Rejet 5m/15m', 'Delta volume confirme', 'ADX régime TREND']",TREND,0.0
PAXG/USDT,SHORT,4694.611542,4684.502616,197.4988,0.3462,0.18,0.158,0.0,2026-04-27T10:38:12.550764+00:00,2026-04-27T14:31:39.453473+00:00,233.4,5,tp_cascade,8ae34d18c551,internal,"['EMA200-H4 baissier', 'OB/FVG 30m (fvg)', 'OB/FVG double conf 15m', 'TRIX 5m', 'ADX régime RANGE']",RANGE,0.0
BTC/USDT,LONG,77913.910314,77991.507002,196.943,0.1174,0.06,0.1575,0.0,2026-04-27T14:13:03.382156+00:00,2026-04-27T14:36:03.406230+00:00,23.0,6,tp_cascade,b3f6b3be87df,internal,"['EMA200-H4 haussier', 'OB/FVG 30m (fvg)', 'OB/FVG double conf 15m', 'Rejet 5m/15m', 'Delta volume confirme', 'ADX régime TREND']",TREND,0.0
BTC/USDT,LONG,78251.402688,78015.91235,196.8446,-0.6711,-0.34,0.1575,0.0,2026-04-27T14:36:47.349121+00:00,2026-04-27T14:42:43.994079+00:00,5.9,6,sl,02288ec66104,internal,"['EMA200-H4 haussier', 'OB/FVG 30m (fvg)', 'OB/FVG double conf 15m', 'TRIX 5m', 'Delta volume confirme', 'ADX régime RANGE']",RANGE,0.0
BTC/USDT,LONG,78218.122732,77977.225576,196.7273,-0.6846,-0.35,0.1574,0.0,2026-04-27T14:46:54.053536+00:00,2026-04-27T14:52:55.584701+00:00,6.0,7,sl,5d03fbb61c4c,internal,"['EMA200-H4 haussier', 'OB/FVG 30m (fvg)', 'OB/FVG double conf 15m', 'Rejet 5m/15m', 'TRIX 5m', 'Delta volume confirme', 'ADX régime TREND']",TREND,0.0
BTC/USDT,LONG,78047.570462,77760.975404,196.6145,-0.8006,-0.41,0.1573,0.0,2026-04-27T14:53:06.695732+00:00,2026-04-27T14:56:06.101908+00:00,3.0,6,sl,f2d2f58f88d1,internal,"['EMA200-H4 haussier', 'OB/FVG 30m (fvg)', 'OB/FVG double conf 15m', 'TRIX 5m', 'Delta volume confirme', 'ADX régime TREND']",TREND,0.0
BTC/USDT,LONG,77876.79806,77646.504128,196.5077,-0.6597,-0.34,0.1572,0.0,2026-04-27T14:58:37.046935+00:00,2026-04-27T15:03:53.217495+00:00,5.3,6,sl,101b538f3a41,internal,"['EMA200-H4 haussier', 'OB/FVG 30m (fvg)', 'OB/FVG double conf 15m', 'TRIX 5m', 'Delta volume confirme', 'ADX régime TREND']",TREND,0.0
BTC/USDT,LONG,77739.735872,77472.78842,196.3742,-0.7529,-0.38,0.1571,0.0,2026-04-27T15:03:53.347565+00:00,2026-04-27T15:04:30.733479+00:00,0.6,6,sl,1b7db6cf021b,internal,"['EMA200-H4 haussier', 'OB/FVG 30m (tested)', 'OB/FVG double conf 15m', 'TRIX 5m', 'Delta volume confirme', 'ADX régime RANGE']",RANGE,0.0
BTC/USDT,LONG,77535.423358,77299.602394,196.2098,-0.6752,-0.34,0.157,0.0,2026-04-27T15:08:55.915237+00:00,2026-04-27T15:14:28.154523+00:00,5.5,6,sl,71699b53fdc9,internal,"['EMA200-H4 haussier', 'OB/FVG 30m (tested)', 'OB/FVG double conf 15m', 'TRIX 5m', 'Delta volume confirme', 'ADX régime RANGE']",RANGE,0.0
BTC/USDT,LONG,77096.720294,76855.25916,196.0431,-0.6924,-0.35,0.1568,0.0,2026-04-27T15:36:07.700947+00:00,2026-04-27T15:48:27.248109+00:00,12.3,6,sl,eaa71a24e47e,internal,"['EMA200-H4 haussier', 'OB/FVG 30m (tested)', 'OB/FVG double conf 15m', 'Rejet 5m/15m', 'Delta volume confirme', 'ADX régime TREND']",TREND,0.0
BTC/USDT,LONG,76911.06897,76674.707556,195.8909,-0.6804,-0.35,0.1567,0.0,2026-04-27T15:51:48.046336+00:00,2026-04-27T16:01:15.457432+00:00,9.5,6,sl,7e9868ce00d6,internal,"['EMA200-H4 haussier', 'OB/FVG 30m (tested)', 'OB/FVG double conf 15m', 'Rejet 5m/15m', 'Delta volume confirme', 'ADX régime TREND']",TREND,0.0
BTC/USDT,LONG,76798.721602,76564.23388,195.7584,-0.676,-0.35,0.1566,0.0,2026-04-27T16:04:10.658281+00:00,2026-04-27T16:41:43.656264+00:00,37.5,6,sl,2ff84974dad2,internal,"['EMA200-H4 haussier', 'OB/FVG 30m (tested)', 'OB/FVG double conf 15m', 'Rejet 5m/15m', 'Delta volume confirme', 'ADX régime TREND']",TREND,0.0
BTC/USDT,LONG,76658.077266,76639.577104,195.5916,-0.1255,-0.06,0.1565,0.0,2026-04-27T16:50:23.547968+00:00,2026-04-27T17:09:14.978975+00:00,18.9,6,sl,16a6f22a9375,internal,"['EMA200-H4 haussier', 'OB/FVG 30m (tested)', 'OB/FVG double conf 15m', 'Rejet 5m/15m', 'Delta volume confirme', 'ADX régime TREND']",TREND,0.0
PAXG/USDT,SHORT,4674.303734,4670.770715,196.9101,0.0701,0.04,0.1575,0.0,2026-04-27T14:32:38.520680+00:00,2026-04-27T17:33:59.125135+00:00,181.3,5,sl,120508796325,internal,"['EMA200-H4 baissier', 'OB/FVG 30m (tested)', 'TRIX 5m', 'Delta volume confirme', 'ADX régime RANGE']",RANGE,0.0
BTC/USDT,LONG,76773.28635,76755.275288,195.5559,-0.1241,-0.06,0.1564,0.0,2026-04-27T17:12:35.429698+00:00,2026-04-27T17:41:28.167287+00:00,28.9,6,sl,6b9c27c54181,internal,"['EMA200-H4 haussier', 'OB/FVG 30m (tested)', 'OB/FVG double conf 15m', 'Rejet 5m/15m', 'Delta volume confirme', 'ADX régime TREND']",TREND,0.0
BTC/USDT,LONG,76882.932098,76630.983806,195.4612,-0.7187,-0.37,0.1564,0.0,2026-04-27T17:43:32.969093+00:00,2026-04-27T18:09:27.015690+00:00,25.9,6,sl,bc8fd0166bff,internal,"['EMA200-H4 haussier', 'OB/FVG 30m (tested)', 'OB/FVG double conf 15m', 'Rejet 5m/15m', 'Delta volume confirme', 'ADX régime TREND']",TREND,0.0
BTC/USDT,LONG,76866.312132,76606.65841,195.2978,-0.7378,-0.38,0.1562,0.0,2026-04-27T18:17:38.694720+00:00,2026-04-27T19:29:26.480823+00:00,71.8,6,sl,8183f5498f4d,internal,"['EMA200-H4 haussier', 'OB/FVG 30m (tested)', 'OB/FVG double conf 15m', 'Delta volume confirme', 'Liquidity sweep', 'ADX régime TREND']",TREND,0.0
BTC/USDT,LONG,76675.978,76766.498015,195.1254,0.1523,0.08,0.1561,0.0,2026-04-27T19:32:39.773472+00:00,2026-04-27T19:59:55.916832+00:00,27.3,6,tp_cascade,963d9d96df58,internal,"['EMA200-H4 haussier', 'OB/FVG 30m (tested)', 'OB/FVG double conf 15m', 'Rejet 5m/15m', 'Delta volume confirme', 'ADX régime TREND']",TREND,0.0
BTC/USDT,LONG,76927.989116,76946.702028,195.1426,-0.0306,-0.02,0.1561,0.0,2026-04-27T20:02:59.753584+00:00,2026-04-27T21:01:06.434581+00:00,58.1,6,sl,a314bd194023,internal,"['EMA200-H4 haussier', 'OB/FVG 30m (tested)', 'OB/FVG double conf 15m', 'Delta volume confirme', 'Liquidity sweep', 'ADX régime TREND']",TREND,0.0
BTC/USDT,LONG,76946.150006,76744.845448,195.0981,-0.5884,-0.3,0.1561,0.0,2026-04-27T21:04:22.517972+00:00,2026-04-27T21:59:46.098230+00:00,55.4,6,sl,1567c404fed2,internal,"['EMA200-H4 haussier', 'OB/FVG 30m (fvg)', 'OB/FVG double conf 15m', 'TRIX 5m', 'Liquidity sweep', 'ADX régime TREND']",TREND,0.0
BTC/USDT,LONG,76836.184066,76871.942644,194.9435,0.0128,0.01,0.1559,0.0,2026-04-27T21:59:51.745942+00:00,2026-04-27T22:29:56.139984+00:00,30.1,6,tp_cascade,ce10d35db4d1,internal,"['EMA200-H4 haussier', 'OB/FVG 30m (fvg)', 'OB/FVG double conf 15m', 'TRIX 5m', 'Liquidity sweep', 'ADX régime TREND']",TREND,0.0
BTC/USDT,LONG,77064.26083,77100.125585,194.9025,0.0128,0.01,0.1559,0.0,2026-04-27T22:31:44.869613+00:00,2026-04-27T23:17:11.999174+00:00,45.5,6,tp_cascade,c46fe7fa4fba,internal,"['EMA200-H4 haussier', 'OB/FVG 30m (fvg)', 'OB/FVG double conf 15m', 'TRIX 5m', 'Delta volume confirme', 'ADX régime TREND']",TREND,0.0
BTC/USDT,LONG,77169.734076,77205.647901,194.8922,0.0128,0.01,0.1559,0.0,2026-04-27T23:18:21.873822+00:00,2026-04-27T23:42:52.355402+00:00,24.5,6,tp_cascade,35957b5f3881,internal,"['EMA200-H4 haussier', 'OB/FVG 30m (fvg)', 'OB/FVG double conf 15m', 'TRIX 5m', 'Delta volume confirme', 'ADX régime TREND']",TREND,0.0
BTC/USDT,LONG,77340.366394,77333.046715,194.8506,-0.0964,-0.05,0.1559,0.0,2026-04-27T23:44:44.933522+00:00,2026-04-28T00:00:44.269912+00:00,16.0,6,sl,413f32047f14,internal,"['EMA200-H4 haussier', 'OB/FVG 30m (fvg)', 'OB/FVG double conf 15m', 'TRIX 5m', 'Delta volume confirme', 'ADX régime TREND']",TREND,0.0
PAXG/USDT,SHORT,4672.04509,4691.473196,195.549,-0.8914,-0.46,0.1564,0.0,2026-04-27T17:34:47.212088+00:00,2026-04-28T00:07:58.308195+00:00,393.2,5,sl,ea9b583485c9,internal,"['EMA200-H4 baissier', 'OB/FVG 30m (fvg)', 'OB/FVG double conf 15m', 'TRIX 5m', 'ADX régime TREND']",TREND,0.0
BTC/USDT,LONG,77333.452248,77325.734639,194.8011,-0.0974,-0.05,0.1558,0.0,2026-04-28T00:04:56.830846+00:00,2026-04-28T00:13:38.582322+00:00,8.7,6,sl,cb980a02b135,internal,"['EMA200-H4 haussier', 'OB/FVG 30m (fvg)', 'OB/FVG double conf 15m', 'TRIX 5m', 'Delta volume confirme', 'ADX régime RANGE']",RANGE,0.0
BTC/USDT,LONG,77372.385594,77339.593528,194.675,-0.1604,-0.08,0.1557,0.0,2026-04-28T00:15:16.204508+00:00,2026-04-28T00:18:35.313121+00:00,3.3,6,sl,d6227346cc5f,internal,"['EMA200-H4 haussier', 'OB/FVG 30m (fvg)', 'OB/FVG double conf 15m', 'TRIX 5m', 'Delta volume confirme', 'ADX régime RANGE']",RANGE,0.0
BTC/USDT,LONG,77323.536302,77377.486102,194.6384,0.058,0.03,0.1557,0.0,2026-04-28T00:20:17.261938+00:00,2026-04-28T00:42:17.529348+00:00,22.0,6,tp_cascade,e6c3e1ad6af0,internal,"['EMA200-H4 haussier', 'OB/FVG 30m (fvg)', 'OB/FVG double conf 15m', 'TRIX 5m', 'Delta volume confirme', 'ADX régime RANGE']",RANGE,0.0
BTC/USDT,LONG,77511.539036,77266.31238,194.6681,-0.6937,-0.36,0.1557,0.0,2026-04-28T00:47:12.500957+00:00,2026-04-28T00:52:02.257167+00:00,4.8,6,sl,eaff3179d7e3,internal,"['EMA200-H4 haussier', 'OB/FVG 30m (fvg)', 'OB/FVG double conf 15m', 'TRIX 5m', 'Delta volume confirme', 'ADX régime RANGE']",RANGE,0.0
BTC/USDT,LONG,77368.3932,77334.981468,194.5103,-0.1618,-0.08,0.1556,0.0,2026-04-28T00:52:44.997059+00:00,2026-04-28T01:00:16.469491+00:00,7.5,6,sl,645adf136991,internal,"['EMA200-H4 haussier', 'OB/FVG 30m (fvg)', 'OB/FVG double conf 15m', 'TRIX 5m', 'Delta volume confirme', 'ADX régime RANGE']",RANGE,0.0
BTC/USDT,LONG,77395.15925,77183.662,194.5081,-0.6093,-0.31,0.1556,0.0,2026-04-28T01:03:02.549541+00:00,2026-04-28T01:19:59.282955+00:00,16.9,6,sl,dcec912662b4,internal,"['EMA200-H4 haussier', 'OB/FVG 30m (fvg)', 'OB/FVG double conf 15m', 'TRIX 5m', 'Delta volume confirme', 'ADX régime RANGE']",RANGE,0.0
BTC/USDT,LONG,77280.720628,77076.266476,194.3492,-0.5919,-0.3,0.1555,0.0,2026-04-28T01:24:12.710340+00:00,2026-04-28T01:34:20.674300+00:00,10.1,6,sl,fb3105309480,internal,"['EMA200-H4 haussier', 'OB/FVG 30m (fvg)', 'OB/FVG double conf 15m', 'TRIX 5m', 'Delta volume confirme', 'ADX régime RANGE']",RANGE,0.0
BTC/USDT,LONG,77168.813524,77129.347944,194.2301,-0.177,-0.09,0.1554,0.0,2026-04-28T01:34:20.814841+00:00,2026-04-28T01:43:11.596087+00:00,8.8,6,sl,0febe9a491a9,internal,"['EMA200-H4 haussier', 'OB/FVG 30m (fvg)', 'OB/FVG double conf 15m', 'TRIX 5m', 'Delta volume confirme', 'ADX régime RANGE']",RANGE,0.0
PAXG/USDT,SHORT,4686.48642,4676.394988,194.7124,0.3414,0.18,0.1558,0.0,2026-04-28T00:08:36.374049+00:00,2026-04-28T01:57:16.387699+00:00,108.7,5,tp_cascade,3b494325dd3b,internal,"['EMA200-H4 baissier', 'OB/FVG 30m (fvg)', 'OB/FVG double conf 15m', 'Delta volume confirme', 'ADX régime TREND']",TREND,0.0
BTC/USDT,LONG,77147.000444,77111.511779,194.1657,-0.167,-0.09,0.1553,0.0,2026-04-28T01:44:59.259321+00:00,2026-04-28T02:06:21.880380+00:00,21.4,6,sl,9830580ee218,internal,"['EMA200-H4 haussier', 'OB/FVG 30m (fvg)', 'OB/FVG double conf 15m', 'TRIX 5m', 'Delta volume confirme', 'ADX régime RANGE']",RANGE,0.0
BTC/USDT,LONG,77188.315218,76974.947304,194.0597,-0.6141,-0.32,0.1552,0.0,2026-04-28T02:11:07.032798+00:00,2026-04-28T02:29:33.982492+00:00,18.4,6,sl,d4195d99c221,internal,"['EMA200-H4 haussier', 'OB/FVG 30m (fvg)', 'OB/FVG double conf 15m', 'TRIX 5m', 'Delta volume confirme', 'ADX régime RANGE']",RANGE,0.0
BTC/USDT,LONG,77044.869202,76819.250778,193.9404,-0.6455,-0.33,0.1552,0.0,2026-04-28T02:31:26.967052+00:00,2026-04-28T02:38:51.753518+00:00,7.4,6,sl,abee54ebb901,internal,"['EMA200-H4 haussier', 'OB/FVG 30m (fvg)', 'OB/FVG double conf 15m', 'Rejet 5m/15m', 'Delta volume confirme', 'ADX régime RANGE']",RANGE,0.0
BTC/USDT,LONG,76887.294714,76633.002594,193.8186,-0.7186,-0.37,0.1551,0.0,2026-04-28T02:55:05.588020+00:00,2026-04-28T03:07:47.050878+00:00,12.7,6,sl,e0a917d7315d,internal,"['EMA200-H4 haussier', 'OB/FVG 30m (fvg)', 'OB/FVG double conf 15m', 'Rejet 5m/15m', 'Delta volume confirme', 'ADX régime RANGE']",RANGE,0.0
BTC/USDT,LONG,76848.68156,76819.077929,193.6438,-0.1521,-0.08,0.1549,0.0,2026-04-28T03:43:22.210683+00:00,2026-04-28T04:19:26.455764+00:00,36.1,6,sl,6ea033aa1bf6,internal,"['EMA200-H4 haussier', 'OB/FVG 30m (fvg)', 'OB/FVG double conf 15m', 'Rejet 5m/15m', 'Delta volume confirme', 'ADX régime RANGE']",RANGE,0.0
BTC/USDT,LONG,76854.505052,76890.272173,193.6362,0.0127,0.01,0.1549,0.0,2026-04-28T04:22:17.785841+00:00,2026-04-28T05:05:28.223212+00:00,43.2,6,tp_cascade,06a22d83c13f,internal,"['EMA200-H4 haussier', 'OB/FVG 30m (fvg)', 'OB/FVG double conf 15m', 'Rejet 5m/15m', 'Delta volume confirme', 'ADX régime RANGE']",RANGE,0.0
BTC/USDT,LONG,77012.489786,77048.330414,193.6875,0.0127,0.01,0.1549,0.0,2026-04-28T05:11:56.829425+00:00,2026-04-28T05:28:18.180145+00:00,16.4,6,tp_cascade,e1627b1fd1e1,internal,"['EMA200-H4 haussier', 'OB/FVG 30m (fvg)', 'OB/FVG double conf 15m', 'Rejet 5m/15m', 'Delta volume confirme', 'ADX régime RANGE']",RANGE,0.0
PAXG/USDT,SHORT,4660.462044,4650.426683,194.1334,0.3404,0.18,0.1553,0.0,2026-04-28T01:58:09.936750+00:00,2026-04-28T05:30:22.232177+00:00,212.2,5,tp_cascade,82fcae146a4f,internal,"['EMA200-H4 baissier', 'OB/FVG 30m (tested)', 'OB/FVG double conf 15m', 'Delta volume confirme', 'ADX régime RANGE']",RANGE,0.0
BTC/USDT,LONG,77096.039886,76892.8366,193.6719,-0.5879,-0.3,0.1549,0.0,2026-04-28T05:30:38.950939+00:00,2026-04-28T05:35:58.989814+00:00,5.3,6,sl,b1624fe19b1b,internal,"['EMA200-H4 haussier', 'OB/FVG 30m (fvg)', 'OB/FVG double conf 15m', 'TRIX 5m', 'Delta volume confirme', 'ADX régime RANGE']",RANGE,0.0
BTC/USDT,LONG,76983.082152,76780.514034,193.5267,-0.5866,-0.3,0.1548,0.0,2026-04-28T05:36:14.995926+00:00,2026-04-28T05:42:11.997062+00:00,6.0,6,sl,fc18bd8837b8,internal,"['EMA200-H4 haussier', 'OB/FVG 30m (fvg)', 'OB/FVG double conf 15m', 'TRIX 5m', 'Delta volume confirme', 'ADX régime RANGE']",RANGE,0.0
BTC/USDT,LONG,76927.588876,76867.892176,193.46,-0.2275,-0.12,0.1548,0.0,2026-04-28T05:46:48.252895+00:00,2026-04-28T05:59:52.092675+00:00,13.1,6,sl,3623793af6c7,internal,"['EMA200-H4 haussier', 'OB/FVG 30m (fvg)', 'OB/FVG double conf 15m', 'TRIX 5m', 'Delta volume confirme', 'ADX régime RANGE']",RANGE,0.0
PAXG/USDT,SHORT,4635.41708,4631.824695,193.6101,0.0727,0.04,0.1549,0.0,2026-04-28T05:34:37.700752+00:00,2026-04-28T06:08:45.781034+00:00,34.1,6,sl,cd66051bff0b,internal,"['EMA200-H4 baissier', 'BOS H2/H1', 'H2+H1 alignés', 'TRIX 5m', 'Delta volume confirme', 'ADX régime TREND']",TREND,0.0
BTC/USDT,LONG,76990.51661,76777.915594,193.3881,-0.6114,-0.32,0.1547,0.0,2026-04-28T06:03:59.943079+00:00,2026-04-28T06:37:42.546500+00:00,33.7,6,sl,1efeb2d248ad,internal,"['EMA200-H4 haussier', 'OB/FVG 30m (fvg)', 'OB/FVG double conf 15m', 'TRIX 5m', 'Delta volume confirme', 'ADX régime RANGE']",RANGE,0.0
BTC/USDT,LONG,76836.62433,76613.414354,193.2333,-0.6386,-0.33,0.1546,0.0,2026-04-28T06:40:47.081925+00:00,2026-04-28T06:43:02.015125+00:00,2.2,6,sl,514f28d7b3e0,internal,"['EMA200-H4 haussier', 'OB/FVG 30m (fvg)', 'OB/FVG double conf 15m', 'Rejet 5m/15m', 'TRIX 5m', 'ADX régime RANGE']",RANGE,0.0
BTC/USDT,LONG,76681.9816,76644.727384,193.0946,-0.1711,-0.09,0.1545,0.0,2026-04-28T06:45:50.376044+00:00,2026-04-28T07:01:52.229844+00:00,16.0,6,sl,08e6328e6263,internal,"['EMA200-H4 haussier', 'OB/FVG 30m (fvg)', 'OB/FVG double conf 15m', 'TRIX 5m', 'Delta volume confirme', 'ADX régime RANGE']",RANGE,0.0
PAXG/USDT,SHORT,4631.799252,4628.065708,193.3386,0.0785,0.04,0.1547,0.0,2026-04-28T06:09:56.307411+00:00,2026-04-28T07:05:01.042620+00:00,55.1,6,sl,593ef5c133f8,internal,"['EMA200-H4 baissier', 'BOS H2/H1', 'H2+H1 alignés', 'TRIX 5m', 'Delta volume confirme', 'ADX régime TREND']",TREND,0.0
BTC/USDT,LONG,76682.772074,76752.978232,193.0351,0.0995,0.05,0.1544,0.0,2026-04-28T07:30:16.619271+00:00,2026-04-28T07:40:22.513295+00:00,10.1,6,tp_cascade,a12cd64cfda8,internal,"['EMA200-H4 haussier', 'OB/FVG 30m (fvg)', 'OB/FVG double conf 15m', 'Rejet 5m/15m', 'Delta volume confirme', 'ADX régime RANGE']",RANGE,0.0
BTC/USDT,LONG,76896.029952,76869.590129,193.0488,-0.1436,-0.07,0.1544,0.0,2026-04-28T07:40:22.652327+00:00,2026-04-28T08:33:02.591674+00:00,52.7,6,sl,6bce27f93a34,internal,"['EMA200-H4 haussier', 'OB/FVG 30m (fvg)', 'OB/FVG double conf 15m', 'Delta volume confirme', 'Liquidity sweep', 'ADX régime RANGE']",RANGE,0.0
BTC/USDT,LONG,76947.1406,76710.126292,192.9934,-0.6717,-0.35,0.1544,0.0,2026-04-28T08:34:51.343264+00:00,2026-04-28T08:50:05.106177+00:00,15.2,6,sl,93c5b048856a,internal,"['EMA200-H4 haussier', 'OB/FVG 30m (fvg)', 'OB/FVG double conf 15m', 'Delta volume confirme', 'Liquidity sweep', 'ADX régime RANGE']",RANGE,0.0
PAXG/USDT,SHORT,4629.010926,4619.043264,193.0137,0.3384,0.18,0.1544,0.0,2026-04-28T07:05:28.268170+00:00,2026-04-28T09:23:16.989742+00:00,137.8,5,tp_cascade,ffbc818bdc4c,internal,"['EMA200-H4 baissier', 'BOS H2/H1', 'H2+H1 alignés', 'TRIX 5m', 'ADX régime TREND']",TREND,0.0
BTC/USDT,LONG,76846.950522,76622.508894,192.8558,-0.6404,-0.33,0.1543,0.0,2026-04-28T08:55:03.012205+00:00,2026-04-28T09:33:21.902601+00:00,38.3,8,sl,5043d197b3dd,internal,"['EMA200-H4 haussier', 'OB/FVG 30m (fvg)', 'OB/FVG double conf 15m', 'Rejet 5m/15m', 'TRIX 5m', 'Delta volume confirme', 'Liquidity sweep', 'ADX régime RANGE']",RANGE,0.0
BTC/USDT,LONG,76691.577354,76465.583106,192.7121,-0.645,-0.33,0.1542,0.0,2026-04-28T09:35:42.765901+00:00,2026-04-28T09:51:18.095837+00:00,15.6,6,sl,b42bbe3a1608,internal,"['EMA200-H4 haussier', 'OB/FVG 30m (fvg)', 'OB/FVG double conf 15m', 'TRIX 5m', 'Delta volume confirme', 'ADX régime RANGE']",RANGE,0.0
BTC/USDT,LONG,76615.931994,76582.84809,192.5764,-0.1602,-0.08,0.1541,0.0,2026-04-28T09:53:38.236430+00:00,2026-04-28T10:05:17.865761+00:00,11.7,6,sl,1ce95d63f188,internal,"['EMA200-H4 haussier', 'OB/FVG 30m (fvg)', 'OB/FVG double conf 15m', 'Rejet 5m/15m', 'Delta volume confirme', 'ADX régime RANGE']",RANGE,0.0
BTC/USDT,LONG,76578.339452,76536.265569,192.4921,-0.1827,-0.09,0.154,0.0,2026-04-28T10:20:42.911608+00:00,2026-04-28T10:57:05.399100+00:00,36.4,6,sl,a7aab6a64529,internal,"['EMA200-H4 haussier', 'OB/FVG 30m (fvg)', 'OB/FVG double conf 15m', 'Rejet 5m/15m', 'Delta volume confirme', 'ADX régime RANGE']",RANGE,0.0
BTC/USDT,LONG,76469.384118,76248.583384,192.5413,-0.633,-0.33,0.154,0.0,2026-04-28T11:19:04.706416+00:00,2026-04-28T11:28:07.277825+00:00,9.0,6,sl,aaa8103828a6,internal,"['EMA200-H4 haussier', 'OB/FVG 30m (tested)', 'OB/FVG double conf 15m', 'Rejet 5m/15m', 'Delta volume confirme', 'ADX régime RANGE']",RANGE,0.0
PAXG/USDT,SHORT,4606.53442,4596.615148,192.7968,0.338,0.18,0.1542,0.0,2026-04-28T09:32:49.429731+00:00,2026-04-28T11:33:17.877483+00:00,120.5,5,tp_cascade,e27e6e5c8c42,internal,"['EMA200-H4 baissier', 'BOS H2/H1', 'H2+H1 alignés', 'TRIX 5m', 'Delta volume confirme']",VOLATILE,0.0
PAXG/USDT,SHORT,4577.631772,4567.774755,192.3994,0.3373,0.18,0.1539,0.0,2026-04-28T11:36:11.034716+00:00,2026-04-28T11:48:37.688471+00:00,12.4,5,tp_cascade,973f559350c9,internal,"['EMA200-H4 baissier', 'BOS H2/H1', 'H2+H1 alignés', 'TRIX 5m', 'Delta volume confirme']",VOLATILE,0.0
PAXG/USDT,SHORT,4553.146472,4572.071598,192.3851,-0.8766,-0.46,0.1539,0.0,2026-04-28T11:52:25.694977+00:00,2026-04-28T12:08:28.772870+00:00,16.1,5,sl,fb68ac28e729,internal,"['EMA200-H4 baissier', 'BOS H2/H1', 'H2+H1 alignés', 'TRIX 5m', 'Delta volume confirme']",VOLATILE,0.0
PAXG/USDT,SHORT,4571.345546,4590.342554,192.2537,-0.8758,-0.46,0.1538,0.0,2026-04-28T12:12:21.368605+00:00,2026-04-28T12:20:39.831056+00:00,8.3,6,sl,12a3f2aecd1c,internal,"['EMA200-H4 baissier', 'BOS H2/H1', 'H2+H1 alignés', 'OB/FVG 30m (fvg)', 'OB/FVG double conf 15m', 'TRIX 5m']",VOLATILE,0.0
BTC/USDT,LONG,76265.18167,76235.814122,192.4518,-0.1511,-0.08,0.154,0.0,2026-04-28T11:39:57.961649+00:00,2026-04-28T12:21:07.354157+00:00,41.2,6,sl,dee831022441,internal,"['EMA200-H4 haussier', 'OB/FVG 30m (tested)', 'OB/FVG double conf 15m', 'Rejet 5m/15m', 'Delta volume confirme', 'ADX régime RANGE']",RANGE,0.0
PAXG/USDT,SHORT,4572.944586,4592.093604,192.0246,-0.8809,-0.46,0.1536,0.0,2026-04-28T12:22:27.904684+00:00,2026-04-28T12:47:40.549092+00:00,25.2,6,sl,110f9dbed1f1,internal,"['EMA200-H4 baissier', 'BOS H2/H1', 'H2+H1 alignés', 'OB/FVG 30m (intact)', 'OB/FVG double conf 15m', 'TRIX 5m']",VOLATILE,0.0
BTC/USDT,LONG,76248.381596,76317.826446,192.0144,0.098,0.05,0.1536,0.0,2026-04-28T12:26:47.925627+00:00,2026-04-28T12:48:13.153019+00:00,21.4,6,tp_cascade,fa3d9babff06,internal,"['EMA200-H4 haussier', 'OB/FVG 30m (tested)', 'OB/FVG double conf 15m', 'Rejet 5m/15m', 'Delta volume confirme', 'ADX régime RANGE']",RANGE,0.0
BTC/USDT,LONG,76335.92409,76125.237436,191.8821,-0.6063,-0.32,0.1535,0.0,2026-04-28T13:05:13.738844+00:00,2026-04-28T13:08:22.701805+00:00,3.1,6,sl,95e7ccda1685,internal,"['EMA200-H4 haussier', 'OB/FVG 30m (tested)', 'OB/FVG double conf 15m', 'Rejet 5m/15m', 'Delta volume confirme', 'ADX régime RANGE']",RANGE,0.0
PAXG/USDT,SHORT,4588.475262,4578.594876,191.8373,0.3363,0.18,0.1535,0.0,2026-04-28T12:49:01.088386+00:00,2026-04-28T13:09:05.818207+00:00,20.1,6,tp_cascade,f28ded337dbb,internal,"['EMA200-H4 baissier', 'BOS H2/H1', 'H2+H1 alignés', 'OB/FVG 30m (tested)', 'OB/FVG double conf 15m', 'TRIX 5m']",VOLATILE,0.0
BTC/USDT,LONG,76217.7032,75982.673026,191.7033,-0.6678,-0.35,0.1534,0.0,2026-04-28T13:11:43.559348+00:00,2026-04-28T13:16:01.699963+00:00,4.3,6,sl,226dbf5a6d02,internal,"['EMA200-H4 haussier', 'OB/FVG 30m (tested)', 'OB/FVG double conf 15m', 'Rejet 5m/15m', 'Delta volume confirme', 'ADX régime RANGE']",RANGE,0.0
BTC/USDT,LONG,76145.66,76244.986976,191.5439,0.1732,0.09,0.1532,0.0,2026-04-28T13:18:12.313367+00:00,2026-04-28T13:38:42.976293+00:00,20.5,6,tp_cascade,062ca9787236,internal,"['EMA200-H4 haussier', 'OB/FVG 30m (tested)', 'OB/FVG double conf 15m', 'Rejet 5m/15m', 'Delta volume confirme', 'ADX régime RANGE']",RANGE,0.0
PAXG/USDT,SHORT,4566.398516,4587.570892,191.7526,-0.9658,-0.5,0.1534,0.0,2026-04-28T13:09:11.605355+00:00,2026-04-28T13:43:05.529835+00:00,33.9,5,sl,619d2134331c,internal,"['EMA200-H4 baissier', 'BOS H2/H1', 'H2+H1 alignés', 'TRIX 5m', 'Delta volume confirme']",VOLATILE,0.0
BTC/USDT,LONG,76323.776806,76078.915246,191.4803,-0.6909,-0.36,0.1532,0.0,2026-04-28T13:42:59.948486+00:00,2026-04-28T13:53:31.251496+00:00,10.5,6,sl,e5fffafc31f1,internal,"['EMA200-H4 haussier', 'OB/FVG 30m (tested)', 'OB/FVG double conf 15m', 'Rejet 5m/15m', 'Delta volume confirme', 'ADX régime TREND']",TREND,0.0
PAXG/USDT,SHORT,4583.638166,4573.768215,191.3828,0.3356,0.18,0.1531,0.0,2026-04-28T13:43:42.971090+00:00,2026-04-28T14:04:48.766728+00:00,21.1,5,tp_cascade,94779fe36a65,internal,"['EMA200-H4 baissier', 'BOS H2/H1', 'OB/FVG 30m (tested)', 'OB/FVG double conf 15m', 'TRIX 5m']",VOLATILE,0.0
BTC/USDT,LONG,76213.860896,75948.673438,191.2999,-0.7422,-0.39,0.153,0.0,2026-04-28T13:57:51.416822+00:00,2026-04-28T14:16:01.819566+00:00,18.2,6,sl,336a96c2cc49,internal,"['EMA200-H4 haussier', 'OB/FVG 30m (tested)', 'OB/FVG double conf 15m', 'Rejet 5m/15m', 'Delta volume confirme', 'ADX régime TREND']",TREND,0.0
BTC/USDT,LONG,76088.986016,75833.912336,191.0915,-0.717,-0.38,0.1529,0.0,2026-04-28T14:17:01.716817+00:00,2026-04-28T14:23:16.868584+00:00,6.3,6,sl,ba72bcc8b86d,internal,"['EMA200-H4 haussier', 'OB/FVG 30m (tested)', 'OB/FVG double conf 15m', 'Rejet 5m/15m', 'Delta volume confirme', 'ADX régime TREND']",TREND,0.0
BTC/USDT,LONG,75964.091124,75704.559994,190.9504,-0.7288,-0.38,0.1528,0.0,2026-04-28T14:25:37.570327+00:00,2026-04-28T14:35:45.459847+00:00,10.1,6,sl,7c75f5bfbaa8,internal,"['EMA200-H4 haussier', 'OB/FVG 30m (tested)', 'OB/FVG double conf 15m', 'Rejet 5m/15m', 'Delta volume confirme', 'ADX régime TREND']",TREND,0.0
PAXG/USDT,SHORT,4563.290382,4563.750604,191.2221,-0.0958,-0.05,0.153,0.0,2026-04-28T14:14:45.430391+00:00,2026-04-28T14:42:12.144734+00:00,27.4,5,sl,0ee3a442a072,internal,"['EMA200-H4 baissier', 'BOS H2/H1', 'OB/FVG 30m (fvg)', 'OB/FVG double conf 15m', 'TRIX 5m']",VOLATILE,0.0
PAXG/USDT,SHORT,4557.06412,4576.954526,190.7339,-0.9088,-0.48,0.1526,0.0,2026-04-28T14:50:28.294494+00:00,2026-04-28T15:00:23.751141+00:00,9.9,5,sl,9d0890cd734d,internal,"['EMA200-H4 baissier', 'BOS H2/H1', 'OB/FVG 30m (fvg)', 'OB/FVG double conf 15m', 'TRIX 5m']",VOLATILE,0.0
PAXG/USDT,SHORT,4572.524838,4572.989678,190.6373,-0.0956,-0.05,0.1525,0.0,2026-04-28T15:06:25.909404+00:00,2026-04-28T15:27:17.726219+00:00,20.9,6,sl,c07cdd833fa5,internal,"['EMA200-H4 baissier', 'BOS H2/H1', 'OB/FVG 30m (tested)', 'OB/FVG double conf 15m', 'TRIX 5m', 'Delta volume confirme']",VOLATILE,0.0
BTC/USDT,LONG,75811.4596,75965.512962,190.8298,0.3114,0.16,0.1527,0.0,2026-04-28T14:41:55.889326+00:00,2026-04-28T15:55:00.476231+00:00,73.1,6,tp_cascade,29ad471ce8a4,internal,"['EMA200-H4 haussier', 'OB/FVG 30m (tested)', 'OB/FVG double conf 15m', 'Rejet 5m/15m', 'Delta volume confirme', 'ADX régime TREND']",TREND,0.0
BTC/USDT,LONG,76096.710648,75835.761226,190.4952,-0.7294,-0.38,0.1524,0.0,2026-04-28T16:01:03.875064+00:00,2026-04-28T16:35:07.431780+00:00,34.1,6,sl,4535a57cd2d1,internal,"['EMA200-H4 haussier', 'OB/FVG 30m (tested)', 'OB/FVG double conf 15m', 'Rejet 5m/15m', 'Delta volume confirme', 'ADX régime TREND']",TREND,0.0
PAXG/USDT,SHORT,4567.287982,4586.079998,190.5967,-0.8604,-0.45,0.1525,0.0,2026-04-28T15:31:53.909976+00:00,2026-04-28T16:46:11.843033+00:00,74.3,6,sl,ff8b32e6aa9c,internal,"['EMA200-H4 baissier', 'BOS H2/H1', 'OB/FVG 30m (tested)', 'OB/FVG double conf 15m', 'TRIX 5m', 'Delta volume confirme']",VOLATILE,0.0
BTC/USDT,LONG,75943.5388,76023.921995,190.3202,0.1254,0.07,0.1522,0.0,2026-04-28T16:37:27.092291+00:00,2026-04-28T16:54:14.277516+00:00,16.8,6,tp_cascade,e2d7d744c2e7,internal,"['EMA200-H4 haussier', 'OB/FVG 30m (tested)', 'OB/FVG double conf 15m', 'Rejet 5m/15m', 'Delta volume confirme', 'ADX régime TREND']",TREND,0.0
BTC/USDT,LONG,76190.546916,75958.637456,190.2719,-0.6553,-0.34,0.1522,0.0,2026-04-28T16:57:24.684307+00:00,2026-04-28T17:10:56.720035+00:00,13.5,7,sl,276e22bf8dde,internal,"['EMA200-H4 haussier', 'OB/FVG 30m (tested)', 'OB/FVG double conf 15m', 'Rejet 5m/15m', 'Delta volume confirme', 'Liquidity sweep', 'ADX régime TREND']",TREND,0.0
BTC/USDT,LONG,76009.398292,76085.029709,190.1256,0.1131,0.06,0.1521,0.0,2026-04-28T17:20:09.885216+00:00,2026-04-28T17:34:55.897880+00:00,14.8,6,tp_cascade,81007ef182be,internal,"['EMA200-H4 haussier', 'OB/FVG 30m (tested)', 'OB/FVG double conf 15m', 'Rejet 5m/15m', 'Delta volume confirme', 'ADX régime TREND']",TREND,0.0
BTC/USDT,LONG,76304.2551,76072.3292,190.1331,-0.654,-0.34,0.1521,0.0,2026-04-28T17:36:38.411686+00:00,2026-04-28T17:54:54.640858+00:00,18.3,6,sl,fb8dffcb9820,internal,"['EMA200-H4 haussier', 'OB/FVG 30m (tested)', 'OB/FVG double conf 15m', 'TRIX 5m', 'Delta volume confirme', 'ADX régime TREND']",TREND,0.0
BTC/USDT,LONG,76235.143658,76308.047817,189.987,0.1057,0.06,0.152,0.0,2026-04-28T17:57:48.334380+00:00,2026-04-28T20:03:38.070598+00:00,125.8,6,tp_cascade,5f9ef519cb93,internal,"['EMA200-H4 haussier', 'OB/FVG 30m (tested)', 'OB/FVG double conf 15m', 'TRIX 5m', 'Delta volume confirme', 'ADX régime TREND']",TREND,0.0
BTC/USDT,LONG,76445.850006,76247.204212,189.9304,-0.5695,-0.3,0.1519,0.0,2026-04-28T20:05:41.325700+00:00,2026-04-28T21:27:52.233443+00:00,82.2,6,sl,c98c5037edd4,internal,"['EMA200-H4 haussier', 'OB/FVG 30m (fvg)', 'OB/FVG double conf 15m', 'TRIX 5m', 'Delta volume confirme', 'ADX régime TREND']",TREND,0.0
BTC/USDT,LONG,76338.755788,76303.876261,189.798,-0.1627,-0.09,0.1518,0.0,2026-04-28T21:28:19.428626+00:00,2026-04-28T21:43:58.209331+00:00,15.6,6,sl,c777b6ed2468,internal,"['EMA200-H4 haussier', 'OB/FVG 30m (fvg)', 'OB/FVG double conf 15m', 'TRIX 5m', 'Delta volume confirme', 'ADX régime RANGE']",RANGE,0.0
BTC/USDT,LONG,76366.282294,76326.362576,189.7468,-0.1751,-0.09,0.1518,0.0,2026-04-28T21:48:52.927975+00:00,2026-04-28T21:58:57.661618+00:00,10.1,7,sl,67031c53a2b8,internal,"['EMA200-H4 haussier', 'OB/FVG 30m (fvg)', 'OB/FVG double conf 15m', 'Rejet 5m/15m', 'TRIX 5m', 'Delta volume confirme', 'ADX régime RANGE']",RANGE,0.0
BTC/USDT,LONG,76414.361124,76209.436886,189.6813,-0.5846,-0.31,0.1517,0.0,2026-04-28T21:59:19.706354+00:00,2026-04-28T22:50:45.915997+00:00,51.4,6,sl,42cc4c746733,internal,"['EMA200-H4 haussier', 'OB/FVG 30m (fvg)', 'OB/FVG double conf 15m', 'TRIX 5m', 'Delta volume confirme', 'ADX régime RANGE']",RANGE,0.0
BTC/USDT,LONG,76304.15504,76266.179371,189.6031,-0.1702,-0.09,0.1517,0.0,2026-04-28T22:52:19.490222+00:00,2026-04-28T23:19:12.665943+00:00,26.9,6,sl,f6d52921f660,internal,"['EMA200-H4 haussier', 'OB/FVG 30m (fvg)', 'OB/FVG double conf 15m', 'TRIX 5m', 'Delta volume confirme', 'ADX régime RANGE']",RANGE,0.0
PAXG/USDT,SHORT,4586.116678,4606.352154,189.9702,-0.9142,-0.48,0.152,0.0,2026-04-28T18:58:12.476714+00:00,2026-04-29T00:10:09.813136+00:00,312.0,5,sl,3b0f06d1aef3,internal,"['EMA200-H4 baissier', 'OB/FVG 30m (tested)', 'OB/FVG double conf 15m', 'TRIX 5m', 'Delta volume confirme']",VOLATILE,0.0
BTC/USDT,LONG,76382.40196,76417.94937,189.5796,0.0124,0.01,0.1517,0.0,2026-04-28T23:52:56.500998+00:00,2026-04-29T00:54:16.621920+00:00,61.3,6,tp_cascade,23cd03677fe4,internal,"['EMA200-H4 haussier', 'OB/FVG 30m (fvg)', 'OB/FVG double conf 15m', 'Rejet 5m/15m', 'Delta volume confirme', 'ADX régime RANGE']",RANGE,0.0
PAXG/USDT,SHORT,4600.478056,4590.571825,189.3425,0.332,0.18,0.1515,0.0,2026-04-29T00:10:42.189192+00:00,2026-04-29T01:03:14.469146+00:00,52.5,5,tp_cascade,207e8f5e686e,internal,"['EMA200-H4 baissier', 'OB/FVG 30m (fvg)', 'OB/FVG double conf 15m', 'TRIX 5m', 'ADX régime TREND']",TREND,0.0
BTC/USDT,LONG,76553.734698,76343.406456,189.3962,-0.5961,-0.31,0.1515,0.0,2026-04-29T00:58:29.301668+00:00,2026-04-29T01:08:05.160735+00:00,9.6,6,sl,7421fc3d78f2,internal,"['EMA200-H4 haussier', 'OB/FVG 30m (fvg)', 'OB/FVG double conf 15m', 'TRIX 5m', 'Delta volume confirme', 'ADX régime RANGE']",RANGE,0.0
PAXG/USDT,SHORT,4578.741106,4579.262442,189.3954,-0.0973,-0.05,0.1515,0.0,2026-04-29T01:03:30.216526+00:00,2026-04-29T01:11:34.873459+00:00,8.1,5,sl,2fc0139c08f5,internal,"['EMA200-H4 baissier', 'OB/FVG 30m (fvg)', 'OB/FVG double conf 15m', 'Delta volume confirme', 'ADX régime TREND']",TREND,0.0
BTC/USDT,LONG,76410.108574,76207.178242,189.3116,-0.5785,-0.31,0.1514,0.0,2026-04-29T01:08:42.825242+00:00,2026-04-29T01:21:55.340064+00:00,13.2,6,sl,402980eb32d2,internal,"['EMA200-H4 haussier', 'OB/FVG 30m (fvg)', 'OB/FVG double conf 15m', 'TRIX 5m', 'Delta volume confirme', 'ADX régime RANGE']",RANGE,0.0
BTC/USDT,LONG,76303.65474,76339.165502,189.0893,0.0123,0.01,0.1513,0.0,2026-04-29T01:24:10.364619+00:00,2026-04-29T01:46:38.523292+00:00,22.5,6,tp_cascade,482ec5365cdd,internal,"['EMA200-H4 haussier', 'OB/FVG 30m (fvg)', 'OB/FVG double conf 15m', 'TRIX 5m', 'Delta volume confirme', 'ADX régime RANGE']",RANGE,0.0
BTC/USDT,LONG,76473.60665,76509.196522,189.0523,0.0124,0.01,0.1512,0.0,2026-04-29T01:46:38.992837+00:00,2026-04-29T01:48:26.809282+00:00,1.8,6,tp_cascade,a2640c5533df,internal,"['EMA200-H4 haussier', 'OB/FVG 30m (fvg)', 'OB/FVG double conf 15m', 'TRIX 5m', 'Delta volume confirme', 'ADX régime RANGE']",RANGE,0.0
PAXG/USDT,SHORT,4575.043326,4593.974732,189.2161,-0.8587,-0.45,0.1514,0.0,2026-04-29T01:13:35.068475+00:00,2026-04-29T02:07:03.089617+00:00,53.5,5,sl,04b3ff691a63,internal,"['EMA200-H4 baissier', 'OB/FVG 30m (fvg)', 'OB/FVG double conf 15m', 'TRIX 5m', 'ADX régime TREND']",TREND,0.0
BTC/USDT,LONG,76620.834934,76378.84518,189.0751,-0.6728,-0.36,0.1513,0.0,2026-04-29T01:53:16.614222+00:00,2026-04-29T02:30:24.278137+00:00,37.1,6,sl,f601392c7c46,internal,"['EMA200-H4 haussier', 'OB/FVG 30m (fvg)', 'OB/FVG double conf 15m', 'TRIX 5m', 'Delta volume confirme', 'ADX régime RANGE']",RANGE,0.0
BTC/USDT,LONG,76472.65608,76516.730566,188.7302,0.0333,0.02,0.151,0.0,2026-04-29T02:30:29.666873+00:00,2026-04-29T03:11:28.036110+00:00,41.0,6,tp_cascade,7382fa949b09,internal,"['EMA200-H4 haussier', 'OB/FVG 30m (fvg)', 'OB/FVG double conf 15m', 'TRIX 5m', 'Delta volume confirme', 'ADX régime RANGE']",RANGE,0.0
BTC/USDT,LONG,76658.357434,76694.033287,188.7119,0.0123,0.01,0.151,0.0,2026-04-29T03:12:27.268917+00:00,2026-04-29T03:18:32.298388+00:00,6.1,6,tp_cascade,2d0d9f46cae3,internal,"['EMA200-H4 haussier', 'OB/FVG 30m (fvg)', 'OB/FVG double conf 15m', 'TRIX 5m', 'Delta volume confirme', 'ADX régime RANGE']",RANGE,0.0
BTC/USDT,LONG,76903.76459,76940.078438,188.6974,0.0136,0.01,0.151,0.0,2026-04-29T03:22:28.954424+00:00,2026-04-29T03:37:30.126374+00:00,15.0,6,tp_cascade,143b103d36b9,internal,"['EMA200-H4 haussier', 'OB/FVG 30m (fvg)', 'OB/FVG double conf 15m', 'TRIX 5m', 'Delta volume confirme', 'ADX régime RANGE']",RANGE,0.0
BTC/USDT,LONG,77064.741118,77032.282034,188.7179,-0.155,-0.08,0.151,0.0,2026-04-29T03:38:40.061558+00:00,2026-04-29T03:45:23.870820+00:00,6.7,7,sl,46d906c19991,internal,"['EMA200-H4 haussier', 'BOS H2/H1', 'OB/FVG 30m (fvg)', 'OB/FVG double conf 15m', 'TRIX 5m', 'Delta volume confirme', 'ADX régime RANGE']",RANGE,0.0
BTC/USDT,LONG,77058.027092,77129.413002,188.6856,0.0994,0.05,0.1509,0.0,2026-04-29T03:49:05.048729+00:00,2026-04-29T04:36:24.662948+00:00,47.3,6,tp_cascade,13efdb684bdf,internal,"['EMA200-H4 haussier', 'OB/FVG 30m (fvg)', 'OB/FVG double conf 15m', 'TRIX 5m', 'Delta volume confirme', 'ADX régime RANGE']",RANGE,0.0
BTC/USDT,LONG,77322.66578,77332.791602,188.6413,-0.0508,-0.03,0.1509,0.0,2026-04-29T04:39:36.683985+00:00,2026-04-29T04:44:41.315170+00:00,5.1,7,sl,79a612f7073d,internal,"['EMA200-H4 haussier', 'BOS H2/H1', 'OB/FVG 30m (tested)', 'OB/FVG double conf 15m', 'TRIX 5m', 'Delta volume confirme', 'ADX régime RANGE']",RANGE,0.0
BTC/USDT,LONG,77365.001166,77142.1869,188.6241,-0.6187,-0.33,0.1509,0.0,2026-04-29T04:44:41.538198+00:00,2026-04-29T06:16:44.816761+00:00,92.1,6,sl,a6b2daec2582,internal,"['EMA200-H4 haussier', 'BOS H2/H1', 'OB/FVG 30m (tested)', 'OB/FVG double conf 15m', 'TRIX 5m', 'ADX régime RANGE']",RANGE,0.0
BTC/USDT,LONG,77256.52612,77053.749994,188.5808,-0.5704,-0.3,0.1509,0.0,2026-04-29T06:20:28.260527+00:00,2026-04-29T06:26:35.731338+00:00,6.1,6,sl,706eaa0cbe76,internal,"['EMA200-H4 haussier', 'BOS H2/H1', 'OB/FVG 30m (fvg)', 'OB/FVG double conf 15m', 'TRIX 5m', 'ADX régime TREND']",TREND,0.0
BTC/USDT,LONG,77151.693258,76938.549156,188.4449,-0.596,-0.32,0.1508,0.0,2026-04-29T06:30:32.495957+00:00,2026-04-29T06:51:49.346823+00:00,21.3,6,sl,ccaa1ee47d21,internal,"['EMA200-H4 haussier', 'OB/FVG 30m (fvg)', 'OB/FVG double conf 15m', 'TRIX 5m', 'Delta volume confirme', 'ADX régime TREND']",TREND,0.0
PAXG/USDT,SHORT,4590.334146,4580.449755,188.8932,0.3312,0.18,0.1511,0.0,2026-04-29T02:09:06.557177+00:00,2026-04-29T07:18:14.300191+00:00,309.1,5,tp_cascade,18ecd3296c1d,internal,"['EMA200-H4 baissier', 'OB/FVG 30m (fvg)', 'OB/FVG double conf 15m', 'TRIX 5m', 'ADX régime TREND']",TREND,0.0
BTC/USDT,LONG,77020.864808,77056.709351,188.3102,0.0123,0.01,0.1506,0.0,2026-04-29T06:56:14.909769+00:00,2026-04-29T07:31:35.258638+00:00,35.3,6,tp_cascade,b1c925e21470,internal,"['EMA200-H4 haussier', 'OB/FVG 30m (fvg)', 'OB/FVG double conf 15m', 'TRIX 5m', 'Delta volume confirme', 'ADX régime TREND']",TREND,0.0
BTC/USDT,LONG,77147.730882,76941.997086,188.3011,-0.5775,-0.31,0.1506,0.0,2026-04-29T07:49:44.998981+00:00,2026-04-29T08:05:41.128602+00:00,15.9,6,sl,bf1e6141c07f,internal,"['EMA200-H4 haussier', 'OB/FVG 30m (fvg)', 'OB/FVG double conf 15m', 'Rejet 5m/15m', 'Delta volume confirme', 'ADX régime TREND']",TREND,0.0
BTC/USDT,LONG,77075.487562,77038.82824,188.2019,-0.1648,-0.09,0.1506,0.0,2026-04-29T08:15:41.593281+00:00,2026-04-29T08:31:32.253237+00:00,15.8,6,sl,08c26054d910,internal,"['EMA200-H4 haussier', 'OB/FVG 30m (fvg)', 'OB/FVG double conf 15m', 'Rejet 5m/15m', 'Delta volume confirme', 'ADX régime TREND']",TREND,0.0
PAXG/USDT,SHORT,4567.487862,4564.027508,188.3006,0.0673,0.04,0.1506,0.0,2026-04-29T07:19:47.161377+00:00,2026-04-29T08:54:51.711378+00:00,95.1,5,sl,652289ab1eed,internal,"['EMA200-H4 baissier', 'OB/FVG 30m (tested)', 'TRIX 5m', 'Delta volume confirme', 'ADX régime TREND']",TREND,0.0
BTC/USDT,LONG,77076.388102,77112.258501,188.1569,0.0123,0.01,0.1505,0.0,2026-04-29T08:43:49.978848+00:00,2026-04-29T09:32:53.598377+00:00,49.1,6,tp_cascade,3663a0afece2,internal,"['EMA200-H4 haussier', 'OB/FVG 30m (fvg)', 'OB/FVG double conf 15m', 'Rejet 5m/15m', 'Delta volume confirme', 'ADX régime TREND']",TREND,0.0
BTC/USDT,LONG,77285.583544,77321.551283,188.1303,0.0123,0.01,0.1505,0.0,2026-04-29T09:40:07.171136+00:00,2026-04-29T09:48:39.609820+00:00,8.5,6,tp_cascade,ae275a402c5d,internal,"['EMA200-H4 haussier', 'OB/FVG 30m (fvg)', 'OB/FVG double conf 15m', 'TRIX 5m', 'Delta volume confirme', 'ADX régime TREND']",TREND,0.0
BTC/USDT,LONG,77823.105864,77608.736802,188.1466,-0.5935,-0.32,0.1505,0.0,2026-04-29T09:51:13.899663+00:00,2026-04-29T09:56:52.922372+00:00,5.7,6,sl,f317ed6bb2df,internal,"['EMA200-H4 haussier', 'BOS H2/H1', 'Rejet 5m/15m', 'TRIX 5m', 'Delta volume confirme', 'ADX régime TREND']",TREND,0.0
BTC/USDT,LONG,77706.886174,77673.614186,188.0097,-0.1557,-0.08,0.1504,0.0,2026-04-29T10:01:25.211159+00:00,2026-04-29T10:12:22.117217+00:00,10.9,6,sl,241134b7738e,internal,"['EMA200-H4 haussier', 'BOS H2/H1', 'H2+H1 alignés', 'TRIX 5m', 'Delta volume confirme', 'ADX régime TREND']",TREND,0.0
PAXG/USDT,SHORT,4565.199236,4561.603554,188.0895,0.0729,0.04,0.1505,0.0,2026-04-29T08:55:34.707178+00:00,2026-04-29T10:16:24.575846+00:00,80.8,5,sl,16ca4afdd746,internal,"['EMA200-H4 baissier', 'OB/FVG 30m (intact)', 'OB/FVG double conf 15m', 'TRIX 5m', 'ADX régime TREND']",TREND,0.0
BTC/USDT,LONG,77737.874756,77758.439226,187.9447,-0.0254,-0.01,0.1503,0.0,2026-04-29T10:12:22.268212+00:00,2026-04-29T10:37:23.908803+00:00,25.0,7,sl,944f8d340e5f,internal,"['EMA200-H4 haussier', 'BOS H2/H1', 'H2+H1 alignés', 'OB/FVG 30m (fvg)', 'OB/FVG double conf 15m', 'TRIX 5m', 'ADX régime TREND']",TREND,0.0
BTC/USDT,LONG,77754.054458,77522.488582,187.857,-0.6346,-0.34,0.1503,0.0,2026-04-29T10:38:12.355681+00:00,2026-04-29T10:42:31.584994+00:00,4.3,6,sl,dabec05cfbcd,internal,"['EMA200-H4 haussier', 'BOS H2/H1', 'H2+H1 alignés', 'TRIX 5m', 'Delta volume confirme', 'ADX régime TREND']",TREND,0.0
BTC/USDT,LONG,77634.532788,77403.53,187.735,-0.6337,-0.34,0.1502,0.0,2026-04-29T10:43:15.306844+00:00,2026-04-29T12:14:07.933154+00:00,90.9,8,sl,426f7a31d76e,internal,"['EMA200-H4 haussier', 'BOS H2/H1', 'H2+H1 alignés', 'OB/FVG 30m (fvg)', 'OB/FVG double conf 15m', 'TRIX 5m', 'Delta volume confirme', 'ADX régime TREND']",TREND,0.0
BTC/USDT,LONG,77483.832422,77263.733928,187.6151,-0.608,-0.32,0.1501,0.0,2026-04-29T12:14:19.277545+00:00,2026-04-29T12:15:02.428641+00:00,0.7,6,sl,6c9684605e6e,internal,"['EMA200-H4 haussier', 'OB/FVG 30m (fvg)', 'OB/FVG double conf 15m', 'TRIX 5m', 'Delta volume confirme', 'ADX régime TREND']",TREND,0.0
BTC/USDT,LONG,77382.521672,77150.741764,187.4598,-0.6365,-0.34,0.15,0.0,2026-04-29T12:19:40.032963+00:00,2026-04-29T12:20:33.017831+00:00,0.9,6,sl,8c0263b8223d,internal,"['EMA200-H4 haussier', 'OB/FVG 30m (fvg)', 'OB/FVG double conf 15m', 'TRIX 5m', 'Delta volume confirme', 'ADX régime TREND']",TREND,0.0
BTC/USDT,LONG,77178.969614,76946.3045,187.3473,-0.6397,-0.34,0.1499,0.0,2026-04-29T12:24:41.893114+00:00,2026-04-29T12:34:02.376736+00:00,9.3,6,sl,0348b2bee9c6,internal,"['EMA200-H4 haussier', 'OB/FVG 30m (fvg)', 'OB/FVG double conf 15m', 'TRIX 5m', 'Delta volume confirme', 'ADX régime TREND']",TREND,0.0
PAXG/USDT,SHORT,4561.81127,4551.988322,187.9048,0.3294,0.18,0.1503,0.0,2026-04-29T10:20:40.406987+00:00,2026-04-29T12:53:06.543695+00:00,152.4,5,tp_cascade,121f259ff79e,internal,"['EMA200-H4 baissier', 'OB/FVG 30m (tested)', 'OB/FVG double conf 15m', 'TRIX 5m', 'ADX régime TREND']",TREND,0.0
BTC/USDT,LONG,77080.590622,77061.176702,187.2374,-0.122,-0.07,0.1498,0.0,2026-04-29T12:34:58.204355+00:00,2026-04-29T13:07:56.278747+00:00,33.0,6,sl,b966049d534e,internal,"['EMA200-H4 haussier', 'OB/FVG 30m (fvg)', 'OB/FVG double conf 15m', 'TRIX 5m', 'Delta volume confirme', 'ADX régime TREND']",TREND,0.0
BTC/USDT,LONG,77152.173546,76916.212566,187.2111,-0.6474,-0.35,0.1498,0.0,2026-04-29T13:10:35.479518+00:00,2026-04-29T13:24:49.033117+00:00,14.2,7,sl,d6c9386bb8ac,internal,"['EMA200-H4 haussier', 'OB/FVG 30m (fvg)', 'OB/FVG double conf 15m', 'Rejet 5m/15m', 'TRIX 5m', 'Delta volume confirme', 'ADX régime TREND']",TREND,0.0
BTC/USDT,LONG,76972.886038,76729.044934,187.1012,-0.6676,-0.36,0.1497,0.0,2026-04-29T13:29:04.391381+00:00,2026-04-29T13:34:36.249147+00:00,5.5,6,sl,6039df758853,internal,"['EMA200-H4 haussier', 'OB/FVG 30m (fvg)', 'OB/FVG double conf 15m', 'Rejet 5m/15m', 'Delta volume confirme', 'ADX régime TREND']",TREND,0.0
PAXG/USDT,SHORT,4543.62219,4533.838405,187.2652,0.3283,0.18,0.1498,0.0,2026-04-29T13:02:53.253120+00:00,2026-04-29T13:39:18.568630+00:00,36.4,5,tp_cascade,45ab1879dc9f,internal,"['EMA200-H4 baissier', 'BOS H2/H1', 'H2+H1 alignés', 'TRIX 5m', 'ADX régime TREND']",TREND,0.0
BTC/USDT,LONG,76763.950752,76514.064,186.9629,-0.6834,-0.37,0.1496,0.0,2026-04-29T13:35:46.565469+00:00,2026-04-29T13:45:01.663981+00:00,9.3,6,sl,0daa991ae376,internal,"['EMA200-H4 haussier', 'OB/FVG 30m (fvg)', 'OB/FVG double conf 15m', 'Rejet 5m/15m', 'Delta volume confirme', 'ADX régime TREND']",TREND,0.0
BTC/USDT,LONG,76565.901994,76668.56481,186.8365,0.1757,0.09,0.1495,0.0,2026-04-29T13:46:23.993263+00:00,2026-04-29T13:50:43.658045+00:00,4.3,6,tp_cascade,b4bb83694f60,internal,"['EMA200-H4 haussier', 'OB/FVG 30m (fvg)', 'OB/FVG double conf 15m', 'Rejet 5m/15m', 'Delta volume confirme', 'ADX régime TREND']",TREND,0.0
BTC/USDT,LONG,76715.991994,76472.898714,186.7383,-0.6664,-0.36,0.1494,0.0,2026-04-29T14:06:56.262975+00:00,2026-04-29T14:15:16.175352+00:00,8.3,6,sl,c04737449920,internal,"['EMA200-H4 haussier', 'OB/FVG 30m (fvg)', 'OB/FVG double conf 15m', 'Rejet 5m/15m', 'Delta volume confirme', 'ADX régime TREND']",TREND,0.0
PAXG/USDT,SHORT,4514.549644,4533.728606,186.9197,-0.8689,-0.46,0.1495,0.0,2026-04-29T13:41:07.514443+00:00,2026-04-29T14:20:34.609381+00:00,39.5,6,sl,d409dfd552e3,internal,"['EMA200-H4 baissier', 'BOS H2/H1', 'H2+H1 alignés', 'TRIX 5m', 'Delta volume confirme', 'ADX régime TREND']",TREND,0.0
BTC/USDT,LONG,76648.36144,76631.996732,186.5632,-0.1144,-0.06,0.1493,0.0,2026-04-29T14:16:37.769990+00:00,2026-04-29T14:31:11.060881+00:00,14.6,6,sl,5198292bd47a,internal,"['EMA200-H4 haussier', 'OB/FVG 30m (fvg)', 'OB/FVG double conf 15m', 'Rejet 5m/15m', 'Delta volume confirme', 'ADX régime TREND']",TREND,0.0
BTC/USDT,LONG,76623.116302,76384.142,186.4101,-0.6559,-0.35,0.1491,0.0,2026-04-29T14:48:43.302921+00:00,2026-04-29T15:05:15.602621+00:00,16.5,6,sl,647e29465c62,internal,"['EMA200-H4 haussier', 'OB/FVG 30m (fvg)', 'OB/FVG double conf 15m', 'Rejet 5m/15m', 'Delta volume confirme', 'ADX régime TREND']",TREND,0.0
PAXG/USDT,SHORT,4528.211442,4548.02718,186.4539,-0.8905,-0.48,0.1492,0.0,2026-04-29T14:21:31.890266+00:00,2026-04-29T15:36:34.130657+00:00,75.0,7,sl,bcd23179614b,internal,"['EMA200-H4 baissier', 'BOS H2/H1', 'H2+H1 alignés', 'OB/FVG 30m (fvg)', 'OB/FVG double conf 15m', 'TRIX 5m', 'Delta volume confirme']",VOLATILE,0.0
BTC/USDT,LONG,76313.630722,76074.567856,186.2471,-0.6579,-0.35,0.149,0.0,2026-04-29T15:14:19.856128+00:00,2026-04-29T15:37:17.519967+00:00,23.0,6,sl,79cd6ecc8ade,internal,"['EMA200-H4 haussier', 'OB/FVG 30m (fvg)', 'OB/FVG double conf 15m', 'Rejet 5m/15m', 'Delta volume confirme', 'ADX régime TREND']",TREND,0.0
BTC/USDT,LONG,76023.716878,75771.20998,185.9018,-0.6918,-0.37,0.1487,0.0,2026-04-29T15:45:14.080324+00:00,2026-04-29T15:51:18.462976+00:00,6.1,6,sl,65b856d2afbd,internal,"['EMA200-H4 haussier', 'OB/FVG 30m (tested)', 'OB/FVG double conf 15m', 'Rejet 5m/15m', 'Delta volume confirme', 'ADX régime TREND']",TREND,0.0
PAXG/USDT,SHORT,4542.273,4561.445226,185.9658,-0.8593,-0.46,0.1488,0.0,2026-04-29T15:38:01.232373+00:00,2026-04-29T16:04:17.672958+00:00,26.3,6,sl,128a34e12bc1,internal,"['EMA200-H4 baissier', 'BOS H2/H1', 'OB/FVG 30m (fvg)', 'OB/FVG double conf 15m', 'TRIX 5m', 'Delta volume confirme']",VOLATILE,0.0
BTC/USDT,LONG,75960.338874,75996.550661,185.7427,0.0143,0.01,0.1486,0.0,2026-04-29T16:01:30.285396+00:00,2026-04-29T16:19:23.771495+00:00,17.9,6,sl,db25393a3463,internal,"['EMA200-H4 haussier', 'OB/FVG 30m (tested)', 'OB/FVG double conf 15m', 'Rejet 5m/15m', 'Delta volume confirme', 'ADX régime TREND']",TREND,0.0
BTC/USDT,LONG,75893.828992,75657.548218,185.6011,-0.6521,-0.35,0.1485,0.0,2026-04-29T16:22:00.997482+00:00,2026-04-29T16:24:36.268776+00:00,2.6,6,sl,b8ee67065e52,internal,"['EMA200-H4 haussier', 'OB/FVG 30m (tested)', 'OB/FVG double conf 15m', 'Rejet 5m/15m', 'Delta volume confirme', 'ADX régime TREND']",TREND,0.0
BTC/USDT,LONG,75875.367922,75988.357913,185.5074,0.202,0.11,0.1484,0.0,2026-04-29T16:39:15.947237+00:00,2026-04-29T17:20:49.386492+00:00,41.6,6,tp_cascade,ea66b226b2d0,internal,"['EMA200-H4 haussier', 'OB/FVG 30m (tested)', 'OB/FVG double conf 15m', 'Rejet 5m/15m', 'Delta volume confirme', 'ADX régime TREND']",TREND,0.0
BTC/USDT,LONG,76025.117718,76132.826813,185.548,0.1886,0.1,0.1484,0.0,2026-04-29T17:43:29.332936+00:00,2026-04-29T18:00:03.313088+00:00,16.6,6,tp_cascade,cacadef73df2,internal,"['EMA200-H4 haussier', 'OB/FVG 30m (fvg)', 'OB/FVG double conf 15m', 'Rejet 5m/15m', 'Delta volume confirme', 'ADX régime TREND']",TREND,0.0
PAXG/USDT,SHORT,4555.405116,4545.595956,185.6423,0.3255,0.18,0.1485,0.0,2026-04-29T16:06:06.414768+00:00,2026-04-29T18:00:25.427215+00:00,114.3,6,tp_cascade,129cdd73ed65,internal,"['EMA200-H4 baissier', 'BOS H2/H1', 'OB/FVG 30m (fvg)', 'OB/FVG double conf 15m', 'TRIX 5m', 'Delta volume confirme']",VOLATILE,0.0
BTC/USDT,LONG,76157.81729,75920.17055,185.5672,-0.6533,-0.35,0.1485,0.0,2026-04-29T18:01:35.682463+00:00,2026-04-29T18:03:08.044904+00:00,1.5,6,sl,722fad6c9cb7,internal,"['EMA200-H4 haussier', 'OB/FVG 30m (fvg)', 'OB/FVG double conf 15m', 'Delta volume confirme', 'Liquidity sweep', 'ADX régime TREND']",TREND,0.0
PAXG/USDT,SHORT,4542.153072,4532.372493,185.5291,0.3252,0.18,0.1484,0.0,2026-04-29T18:01:58.135346+00:00,2026-04-29T18:15:31.352463+00:00,13.6,6,tp_cascade,a784f8278426,internal,"['EMA200-H4 baissier', 'BOS H2/H1', 'OB/FVG 30m (fvg)', 'OB/FVG double conf 15m', 'TRIX 5m', 'ADX régime TREND']",TREND,0.0
PAXG/USDT,SHORT,4532.468886,4529.140255,185.4719,0.062,0.03,0.1484,0.0,2026-04-29T18:17:05.590999+00:00,2026-04-29T18:36:25.705863+00:00,19.3,5,sl,6d771c812f70,internal,"['EMA200-H4 baissier', 'OB/FVG 30m (fvg)', 'OB/FVG double conf 15m', 'TRIX 5m', 'ADX régime TREND']",TREND,0.0
BTC/USDT,LONG,75175.438216,75284.257027,185.5037,0.1943,0.1,0.1484,0.0,2026-04-29T18:33:09.514543+00:00,2026-04-29T18:50:46.072799+00:00,17.6,6,tp_cascade,27dd803de1e8,internal,"['EMA200-H4 haussier', 'OB/FVG 30m (tested)', 'OB/FVG double conf 15m', 'Rejet 5m/15m', 'Delta volume confirme', 'ADX régime TREND']",TREND,0.0
PAXG/USDT,SHORT,4532.199048,4528.490365,185.4998,0.0776,0.04,0.1484,0.0,2026-04-29T18:36:41.727667+00:00,2026-04-29T18:52:24.186938+00:00,15.7,5,sl,092ad204d7ac,internal,"['EMA200-H4 baissier', 'OB/FVG 30m (fvg)', 'OB/FVG double conf 15m', 'TRIX 5m', 'ADX régime TREND']",TREND,0.0
BTC/USDT,LONG,75573.3168,75338.16996,185.3715,-0.6509,-0.35,0.1483,0.0,2026-04-29T19:04:12.919071+00:00,2026-04-29T19:10:05.364053+00:00,5.9,6,sl,e2ac4b261218,internal,"['EMA200-H4 haussier', 'OB/FVG 30m (tested)', 'OB/FVG double conf 15m', 'Rejet 5m/15m', 'Delta volume confirme', 'ADX régime TREND']",TREND,0.0
PAXG/USDT,SHORT,4527.651778,4546.316154,185.4942,-0.8389,-0.45,0.1484,0.0,2026-04-29T18:54:56.221113+00:00,2026-04-29T19:14:47.724071+00:00,19.9,5,sl,91b275033a87,internal,"['EMA200-H4 baissier', 'OB/FVG 30m (fvg)', 'OB/FVG double conf 15m', 'TRIX 5m', 'ADX régime TREND']",TREND,0.0
BTC/USDT,LONG,75596.070444,75354.769994,185.1433,-0.665,-0.36,0.1481,0.0,2026-04-29T19:19:07.541661+00:00,2026-04-29T19:31:04.231546+00:00,11.9,6,sl,ad8eec16a2cb,internal,"['EMA200-H4 haussier', 'OB/FVG 30m (tested)', 'OB/FVG double conf 15m', 'Rejet 5m/15m', 'Delta volume confirme', 'ADX régime TREND']",TREND,0.0
PAXG/USDT,SHORT,4543.232424,4543.695977,185.1666,-0.0929,-0.05,0.1481,0.0,2026-04-29T19:15:10.009307+00:00,2026-04-29T19:49:18.900373+00:00,34.1,5,sl,5742714dea06,internal,"['EMA200-H4 baissier', 'OB/FVG 30m (fvg)', 'OB/FVG double conf 15m', 'TRIX 5m', 'ADX régime TREND']",TREND,0.0
BTC/USDT,LONG,75514.921784,75555.389517,184.9524,0.0252,0.01,0.148,0.0,2026-04-29T19:51:30.586707+00:00,2026-04-29T20:14:21.946726+00:00,22.9,6,sl,4d4ed722c3f6,internal,"['EMA200-H4 haussier', 'OB/FVG 30m (tested)', 'OB/FVG double conf 15m', 'Rejet 5m/15m', 'Delta volume confirme', 'ADX régime TREND']",TREND,0.0
BTC/USDT,LONG,75713.30074,75704.212965,184.9731,-0.0962,-0.05,0.148,0.0,2026-04-29T20:33:36.569943+00:00,2026-04-29T20:57:57.713398+00:00,24.4,6,sl,4f7a0fa09dba,internal,"['EMA200-H4 haussier', 'OB/FVG 30m (fvg)', 'OB/FVG double conf 15m', 'Rejet 5m/15m', 'Delta volume confirme', 'ADX régime TREND']",TREND,0.0
BTC/USDT,LONG,75717.413206,75842.364195,184.8997,0.2311,0.12,0.1479,0.0,2026-04-29T21:01:23.929434+00:00,2026-04-29T21:41:58.834500+00:00,40.6,6,tp_cascade,e59cee5d1262,internal,"['EMA200-H4 haussier', 'OB/FVG 30m (fvg)', 'OB/FVG double conf 15m', 'Rejet 5m/15m', 'Delta volume confirme', 'ADX régime TREND']",TREND,0.0
BTC/USDT,LONG,75901.153384,75878.596728,184.971,-0.129,-0.07,0.148,0.0,2026-04-29T22:03:12.751006+00:00,2026-04-29T22:25:11.012120+00:00,22.0,6,sl,c1e91816a22e,internal,"['EMA200-H4 haussier', 'OB/FVG 30m (fvg)', 'OB/FVG double conf 15m', 'Rejet 5m/15m', 'Delta volume confirme', 'ADX régime TREND']",TREND,0.0
BTC/USDT,LONG,75867.062942,75877.324073,184.8899,-0.0489,-0.03,0.1479,0.0,2026-04-29T22:29:10.834757+00:00,2026-04-29T23:21:17.961887+00:00,52.1,6,sl,5f35bc513fe1,internal,"['EMA200-H4 haussier', 'OB/FVG 30m (fvg)', 'OB/FVG double conf 15m', 'TRIX 5m', 'Delta volume confirme', 'ADX régime TREND']",TREND,0.0
PAXG/USDT,SHORT,4541.37354,4560.2345,184.9853,-0.8423,-0.46,0.148,0.0,2026-04-29T19:50:25.524024+00:00,2026-04-30T00:00:04.992766+00:00,249.7,5,sl,5ef287ff19b0,internal,"['EMA200-H4 baissier', 'OB/FVG 30m (fvg)', 'OB/FVG double conf 15m', 'TRIX 5m', 'ADX régime TREND']",TREND,0.0
BTC/USDT,LONG,75853.714938,75644.48606,184.8463,-0.5838,-0.32,0.1479,0.0,2026-04-29T23:23:44.024743+00:00,2026-04-30T00:15:35.656329+00:00,51.9,6,sl,bd12ccf755a1,internal,"['EMA200-H4 haussier', 'OB/FVG 30m (fvg)', 'OB/FVG double conf 15m', 'TRIX 5m', 'Delta volume confirme', 'ADX régime TREND']",TREND,0.0
BTC/USDT,LONG,75732.672356,75771.219208,184.5543,0.0202,0.01,0.1476,0.0,2026-04-30T00:17:56.513741+00:00,2026-04-30T00:30:25.683955+00:00,12.5,6,tp_cascade,94ec62989ade,internal,"['EMA200-H4 haussier', 'OB/FVG 30m (fvg)', 'OB/FVG double conf 15m', 'TRIX 5m', 'Delta volume confirme', 'ADX régime TREND']",TREND,0.0
BTC/USDT,LONG,75968.423722,76024.45804,184.5225,0.0624,0.03,0.1476,0.0,2026-04-30T00:33:28.954654+00:00,2026-04-30T00:39:03.450310+00:00,5.6,6,tp_cascade,63de21e446d9,internal,"['EMA200-H4 haussier', 'OB/FVG 30m (tested)', 'OB/FVG double conf 15m', 'TRIX 5m', 'Delta volume confirme', 'ADX régime TREND']",TREND,0.0
PAXG/USDT,SHORT,4552.06712,4570.770818,184.6947,-0.8328,-0.45,0.1478,0.0,2026-04-30T00:04:58.037368+00:00,2026-04-30T00:47:19.619027+00:00,42.4,5,sl,c18c8207bbc9,internal,"['EMA200-H4 baissier', 'OB/FVG 30m (fvg)', 'OB/FVG double conf 15m', 'Rejet 5m/15m', 'Delta volume confirme']",VOLATILE,0.0
BTC/USDT,LONG,76107.116888,76189.222389,184.5008,0.1252,0.07,0.1476,0.0,2026-04-30T00:43:38.567014+00:00,2026-04-30T00:53:05.662987+00:00,9.5,6,tp_cascade,6fd6fc0b4590,internal,"['EMA200-H4 haussier', 'OB/FVG 30m (tested)', 'OB/FVG double conf 15m', 'TRIX 5m', 'Delta volume confirme', 'ADX régime TREND']",TREND,0.0
BTC/USDT,LONG,76374.617292,76139.928616,184.4089,-0.6404,-0.35,0.1475,0.0,2026-04-30T00:54:06.294093+00:00,2026-04-30T01:06:00.570098+00:00,11.9,6,sl,6bcaad685e7f,internal,"['EMA200-H4 haussier', 'OB/FVG 30m (tested)', 'OB/FVG double conf 15m', 'TRIX 5m', 'Delta volume confirme', 'ADX régime TREND']",TREND,0.0
BTC/USDT,LONG,76275.467838,76256.800144,184.2661,-0.1188,-0.06,0.1474,0.0,2026-04-30T01:09:30.610658+00:00,2026-04-30T01:36:04.245191+00:00,26.6,7,sl,c6df4e9fe25f,internal,"['EMA200-H4 haussier', 'OB/FVG 30m (fvg)', 'OB/FVG double conf 15m', 'Rejet 5m/15m', 'TRIX 5m', 'Delta volume confirme', 'ADX régime RANGE']",RANGE,0.0
PAXG/USDT,SHORT,4558.653166,4577.875078,184.2249,-0.8505,-0.46,0.1474,0.0,2026-04-30T01:24:10.585356+00:00,2026-04-30T01:54:11.963056+00:00,30.0,5,sl,291834f47270,internal,"['EMA200-H4 baissier', 'OB/FVG 30m (fvg)', 'OB/FVG double conf 15m', 'Rejet 5m/15m', 'Delta volume confirme']",VOLATILE,0.0
BTC/USDT,LONG,76318.543668,76345.097141,184.1164,-0.0096,-0.01,0.1473,0.0,2026-04-30T01:39:51.036874+00:00,2026-04-30T01:56:31.944547+00:00,16.7,6,sl,57942e243267,internal,"['EMA200-H4 haussier', 'OB/FVG 30m (fvg)', 'OB/FVG double conf 15m', 'TRIX 5m', 'Delta volume confirme', 'ADX régime RANGE']",RANGE,0.0
BTC/USDT,LONG,76311.799624,76072.92884,184.0261,-0.6496,-0.35,0.1472,0.0,2026-04-30T01:57:20.675330+00:00,2026-04-30T02:29:58.088413+00:00,32.6,6,sl,2047e7530c95,internal,"['EMA200-H4 haussier', 'OB/FVG 30m (fvg)', 'OB/FVG double conf 15m', 'TRIX 5m', 'Delta volume confirme', 'ADX régime RANGE']",RANGE,0.0
BTC/USDT,LONG,75750.67315,75480.6844,183.8815,-0.7289,-0.4,0.1471,0.0,2026-04-30T02:34:05.054054+00:00,2026-04-30T02:38:36.329658+00:00,4.5,6,sl,8a77dfaf7848,internal,"['EMA200-H4 haussier', 'OB/FVG 30m (fvg)', 'OB/FVG double conf 15m', 'TRIX 5m', 'Delta volume confirme', 'ADX régime RANGE']",RANGE,0.0
BTC/USDT,LONG,75632.982578,75775.949268,183.721,0.2738,0.15,0.147,0.0,2026-04-30T02:39:08.657332+00:00,2026-04-30T03:30:01.553736+00:00,50.9,6,tp_cascade,b56e304e64a4,internal,"['EMA200-H4 haussier', 'OB/FVG 30m (fvg)', 'OB/FVG double conf 15m', 'TRIX 5m', 'Delta volume confirme', 'ADX régime RANGE']",RANGE,0.0
BTC/USDT,LONG,75892.338098,75873.239854,183.7356,-0.1198,-0.07,0.147,0.0,2026-04-30T03:31:50.369978+00:00,2026-04-30T04:03:24.186562+00:00,31.6,6,sl,8d1724b45a28,internal,"['EMA200-H4 haussier', 'OB/FVG 30m (fvg)', 'OB/FVG double conf 15m', 'TRIX 5m', 'Delta volume confirme', 'ADX régime RANGE']",RANGE,0.0
BTC/USDT,LONG,75835.634096,75614.70394,183.7433,-0.6088,-0.33,0.147,0.0,2026-04-30T04:15:59.265009+00:00,2026-04-30T04:30:39.875198+00:00,14.7,6,sl,4f3f0ef80c0b,internal,"['EMA200-H4 haussier', 'OB/FVG 30m (fvg)', 'OB/FVG double conf 15m', 'Rejet 5m/15m', 'Delta volume confirme', 'ADX régime RANGE']",RANGE,0.0
PAXG/USDT,SHORT,4555.46508,4545.655791,183.7573,0.3222,0.18,0.147,0.0,2026-04-30T03:14:15.910762+00:00,2026-04-30T04:33:48.818076+00:00,79.5,5,tp_cascade,2144b4c7e5ad,internal,"['EMA200-H4 baissier', 'OB/FVG 30m (fvg)', 'OB/FVG double conf 15m', 'TRIX 5m', 'Delta volume confirme']",VOLATILE,0.0
BTC/USDT,LONG,75668.333776,75442.247476,183.5519,-0.6218,-0.34,0.1468,0.0,2026-04-30T05:11:52.799420+00:00,2026-04-30T05:25:38.915458+00:00,13.8,6,sl,9af23ce30c0b,internal,"['EMA200-H4 haussier', 'OB/FVG 30m (fvg)', 'OB/FVG double conf 15m', 'Rejet 5m/15m', 'Delta volume confirme', 'ADX régime RANGE']",RANGE,0.0
PAXG/USDT,SHORT,4538.695148,4557.33276,183.6357,-0.8275,-0.45,0.1469,0.0,2026-04-30T04:48:59.695857+00:00,2026-04-30T05:32:23.664761+00:00,43.4,5,sl,7390b2bdbd23,internal,"['EMA200-H4 baissier', 'OB/FVG 30m (fvg)', 'OB/FVG double conf 15m', 'Rejet 5m/15m', 'Delta volume confirme']",VOLATILE,0.0
BTC/USDT,LONG,75479.690658,75550.174014,183.3946,0.0979,0.05,0.1467,0.0,2026-04-30T05:30:19.037687+00:00,2026-04-30T05:35:10.481349+00:00,4.9,6,tp_cascade,9affcd9f40de,internal,"['EMA200-H4 haussier', 'OB/FVG 30m (fvg)', 'OB/FVG double conf 15m', 'Rejet 5m/15m', 'Delta volume confirme', 'ADX régime RANGE']",RANGE,0.0
PAXG/USDT,SHORT,4552.446892,4571.351166,183.3241,-0.8346,-0.46,0.1467,0.0,2026-04-30T05:33:17.468619+00:00,2026-04-30T06:32:34.042321+00:00,59.3,6,sl,5030c95adafc,internal,"['EMA200-H4 baissier', 'OB/FVG 30m (fvg)', 'OB/FVG double conf 15m', 'TRIX 5m', 'Delta volume confirme', 'ADX régime RANGE']",RANGE,0.0
BTC/USDT,LONG,75738.926106,75715.999122,183.2459,-0.1288,-0.07,0.1466,0.0,2026-04-30T05:40:46.256429+00:00,2026-04-30T06:44:45.355643+00:00,64.0,6,sl,2e75d4e43318,internal,"['EMA200-H4 haussier', 'OB/FVG 30m (fvg)', 'OB/FVG double conf 15m', 'Rejet 5m/15m', 'Delta volume confirme', 'ADX régime RANGE']",RANGE,0.0
PAXG/USDT,SHORT,4565.449086,4585.19947,183.1353,-0.8655,-0.47,0.1465,0.0,2026-04-30T06:33:50.592422+00:00,2026-04-30T06:58:10.558349+00:00,24.3,5,sl,a1441a7cc354,internal,"['EMA200-H4 baissier', 'OB/FVG 30m (fvg)', 'OB/FVG double conf 15m', 'TRIX 5m', 'ADX régime RANGE']",RANGE,0.0
BTC/USDT,LONG,75805.746174,75762.4289,182.8605,-0.1776,-0.1,0.1463,0.0,2026-04-30T07:06:52.559162+00:00,2026-04-30T07:14:05.400254+00:00,7.2,6,sl,62e477b6087c,internal,"['EMA200-H4 haussier', 'OB/FVG 30m (fvg)', 'OB/FVG double conf 15m', 'Rejet 5m/15m', 'Delta volume confirme', 'ADX régime RANGE']",RANGE,0.0
BTC/USDT,LONG,76045.610006,76082.256374,182.8282,0.0149,0.01,0.1463,0.0,2026-04-30T07:37:14.921617+00:00,2026-04-30T07:50:09.724164+00:00,12.9,6,tp_cascade,cd54baf46dbe,internal,"['EMA200-H4 haussier', 'OB/FVG 30m (fvg)', 'OB/FVG double conf 15m', 'Rejet 5m/15m', 'Delta volume confirme', 'ADX régime RANGE']",RANGE,0.0
PAXG/USDT,SHORT,4579.040926,4598.547474,182.9116,-0.8524,-0.47,0.1463,0.0,2026-04-30T06:59:04.657787+00:00,2026-04-30T07:57:03.193283+00:00,58.0,6,sl,62ebc09aebfb,internal,"['EMA200-H4 baissier', 'OB/FVG 30m (fvg)', 'OB/FVG double conf 15m', 'TRIX 5m', 'Delta volume confirme', 'ADX régime RANGE']",RANGE,0.0
PAXG/USDT,SHORT,4593.971962,4616.007944,182.629,-0.9491,-0.52,0.1461,0.0,2026-04-30T07:57:13.935598+00:00,2026-04-30T08:04:38.370493+00:00,7.4,5,sl,732ef3394018,internal,"['EMA200-H4 baissier', 'OB/FVG 30m (fvg)', 'OB/FVG double conf 15m', 'Delta volume confirme', 'ADX régime RANGE']",RANGE,0.0
BTC/USDT,LONG,76178.599752,75975.677226,182.7243,-0.5598,-0.31,0.1462,0.0,2026-04-30T07:55:41.900084+00:00,2026-04-30T08:23:28.174054+00:00,27.8,7,sl,cf71fb06c7bf,internal,"['EMA200-H4 haussier', 'OB/FVG 30m (fvg)', 'OB/FVG double conf 15m', 'Rejet 5m/15m', 'TRIX 5m', 'Delta volume confirme', 'ADX régime RANGE']",RANGE,0.0
BTC/USDT,LONG,76066.902774,76060.454729,182.318,-0.0884,-0.05,0.1458,0.0,2026-04-30T08:23:33.673026+00:00,2026-04-30T08:30:37.268492+00:00,7.1,6,sl,81aecbfc1b74,internal,"['EMA200-H4 haussier', 'OB/FVG 30m (fvg)', 'OB/FVG double conf 15m', 'TRIX 5m', 'Delta volume confirme', 'ADX régime RANGE']",RANGE,0.0
BTC/USDT,LONG,76117.853326,76157.912886,182.2636,0.0231,0.01,0.1458,0.0,2026-04-30T08:33:37.552682+00:00,2026-04-30T09:30:27.726274+00:00,56.8,7,tp_cascade,ff2d8c961f9f,internal,"['EMA200-H4 haussier', 'OB/FVG 30m (fvg)', 'OB/FVG double conf 15m', 'Rejet 5m/15m', 'TRIX 5m', 'Delta volume confirme', 'ADX régime RANGE']",RANGE,0.0
PAXG/USDT,SHORT,4605.944774,4625.503638,182.4049,-0.8475,-0.46,0.1459,0.0,2026-04-30T08:09:29.530658+00:00,2026-04-30T09:31:11.238009+00:00,81.7,5,sl,9f38158da55e,internal,"['EMA200-H4 baissier', 'OB/FVG 30m (fvg)', 'OB/FVG double conf 15m', 'Delta volume confirme', 'ADX régime RANGE']",RANGE,0.0
BTC/USDT,LONG,76364.471208,76158.67736,182.0852,-0.5635,-0.31,0.1457,0.0,2026-04-30T09:31:22.516581+00:00,2026-04-30T09:33:54.047794+00:00,2.5,6,sl,72be3388ba38,internal,"['EMA200-H4 haussier', 'OB/FVG 30m (fvg)', 'OB/FVG double conf 15m', 'TRIX 5m', 'Delta volume confirme', 'ADX régime RANGE']",RANGE,0.0
BTC/USDT,LONG,76315.762,76095.585238,181.9783,-0.5978,-0.33,0.1456,0.0,2026-04-30T09:36:25.551683+00:00,2026-04-30T09:42:54.006936+00:00,6.5,6,sl,f0b7ebe956d8,internal,"['EMA200-H4 haussier', 'OB/FVG 30m (fvg)', 'OB/FVG double conf 15m', 'TRIX 5m', 'Delta volume confirme', 'ADX régime RANGE']",RANGE,0.0
BTC/USDT,LONG,76139.916556,76105.162005,181.8769,-0.1557,-0.09,0.1455,0.0,2026-04-30T09:46:29.756517+00:00,2026-04-30T09:53:57.164531+00:00,7.5,6,sl,234fe115bece,internal,"['EMA200-H4 haussier', 'OB/FVG 30m (fvg)', 'OB/FVG double conf 15m', 'TRIX 5m', 'Delta volume confirme', 'ADX régime RANGE']",RANGE,0.0
PAXG/USDT,SHORT,4619.746488,4621.035465,182.1073,-0.1236,-0.07,0.1457,0.0,2026-04-30T09:31:16.722550+00:00,2026-04-30T10:02:01.021736+00:00,30.7,5,sl,66e2128f9ea5,internal,"['EMA200-H4 baissier', 'OB/FVG 30m (intact)', 'OB/FVG double conf 15m', 'Delta volume confirme', 'ADX régime TREND']",TREND,0.0
BTC/USDT,LONG,76185.673994,75982.153338,181.8026,-0.5584,-0.31,0.1454,0.0,2026-04-30T09:56:57.681710+00:00,2026-04-30T10:19:58.701138+00:00,23.0,6,sl,9f315ed0f55a,internal,"['EMA200-H4 haussier', 'OB/FVG 30m (fvg)', 'OB/FVG double conf 15m', 'Rejet 5m/15m', 'TRIX 5m', 'ADX régime RANGE']",RANGE,0.0
PAXG/USDT,SHORT,4615.768876,4635.069374,181.7276,-0.8326,-0.46,0.1454,0.0,2026-04-30T10:04:31.227855+00:00,2026-04-30T10:27:39.920166+00:00,23.1,5,sl,52c3c7e58432,internal,"['EMA200-H4 baissier', 'OB/FVG 30m (tested)', 'OB/FVG double conf 15m', 'Delta volume confirme', 'ADX régime TREND']",TREND,0.0
BTC/USDT,LONG,76100.83312,76136.249458,181.5526,0.0119,0.01,0.1452,0.0,2026-04-30T10:22:35.773410+00:00,2026-04-30T11:12:27.191373+00:00,49.9,6,tp_cascade,b3001e37497c,internal,"['EMA200-H4 haussier', 'OB/FVG 30m (fvg)', 'OB/FVG double conf 15m', 'TRIX 5m', 'Delta volume confirme', 'ADX régime RANGE']",RANGE,0.0
BTC/USDT,LONG,76210.769042,76010.3664,181.3891,-0.5495,-0.3,0.1451,0.0,2026-04-30T11:14:28.245672+00:00,2026-04-30T11:32:32.408923+00:00,18.1,6,sl,678dd539e2ef,internal,"['EMA200-H4 haussier', 'OB/FVG 30m (fvg)', 'OB/FVG double conf 15m', 'TRIX 5m', 'Delta volume confirme', 'ADX régime RANGE']",RANGE,0.0
BTC/USDT,LONG,76131.881738,75916.442788,181.3396,-0.5857,-0.32,0.1451,0.0,2026-04-30T11:36:24.719992+00:00,2026-04-30T11:41:48.415795+00:00,5.4,7,sl,2266137a6f09,internal,"['EMA200-H4 haussier', 'OB/FVG 30m (fvg)', 'OB/FVG double conf 15m', 'Rejet 5m/15m', 'TRIX 5m', 'Delta volume confirme', 'ADX régime RANGE']",RANGE,0.0
PAXG/USDT,SHORT,4627.711706,4628.55772,181.3813,-0.1057,-0.06,0.1451,0.0,2026-04-30T10:29:17.482438+00:00,2026-04-30T11:49:09.349948+00:00,79.9,5,sl,dab515b97c08,internal,"['EMA200-H4 baissier', 'OB/FVG 30m (tested)', 'OB/FVG double conf 15m', 'Delta volume confirme', 'ADX régime TREND']",TREND,0.0
BTC/USDT,LONG,75943.348686,75978.691783,181.2085,0.0119,0.01,0.145,0.0,2026-04-30T11:46:31.080100+00:00,2026-04-30T11:49:14.624796+00:00,2.7,6,tp_cascade,5c6c4414aa8b,internal,"['EMA200-H4 haussier', 'OB/FVG 30m (fvg)', 'OB/FVG double conf 15m', 'Rejet 5m/15m', 'TRIX 5m', 'ADX régime RANGE']",RANGE,0.0
BTC/USDT,LONG,76066.852744,76116.657753,181.1377,0.0462,0.03,0.1449,0.0,2026-04-30T11:51:35.653288+00:00,2026-04-30T12:17:12.337740+00:00,25.6,6,tp_cascade,3d9444378663,internal,"['EMA200-H4 haussier', 'OB/FVG 30m (fvg)', 'OB/FVG double conf 15m', 'TRIX 5m', 'Delta volume confirme', 'ADX régime RANGE']",RANGE,0.0
BTC/USDT,LONG,76254.62534,76296.805833,181.0961,0.0277,0.02,0.1449,0.0,2026-04-30T12:17:24.011302+00:00,2026-04-30T12:30:59.233582+00:00,13.6,6,tp_cascade,1312133ee5f5,internal,"['EMA200-H4 haussier', 'OB/FVG 30m (fvg)', 'OB/FVG double conf 15m', 'TRIX 5m', 'Delta volume confirme', 'ADX régime RANGE']",RANGE,0.0
PAXG/USDT,SHORT,4621.42548,4640.722764,181.0954,-0.8286,-0.46,0.1449,0.0,2026-04-30T11:52:39.651978+00:00,2026-04-30T13:15:33.915389+00:00,82.9,5,sl,5fe080e0327e,internal,"['EMA200-H4 baissier', 'OB/FVG 30m (tested)', 'OB/FVG double conf 15m', 'TRIX 5m', 'ADX régime TREND']",TREND,0.0
BTC/USDT,LONG,76408.727746,76189.568814,181.0817,-0.5918,-0.33,0.1449,0.0,2026-04-30T12:33:41.354884+00:00,2026-04-30T13:26:30.558026+00:00,52.8,6,sl,1b33cc919eec,internal,"['EMA200-H4 haussier', 'OB/FVG 30m (fvg)', 'OB/FVG double conf 15m', 'TRIX 5m', 'Delta volume confirme', 'ADX régime RANGE']",RANGE,0.0
BTC/USDT,LONG,76250.462844,76214.630759,180.7929,-0.1573,-0.09,0.1446,0.0,2026-04-30T13:26:52.044596+00:00,2026-04-30T13:35:11.715226+00:00,8.3,6,sl,60ba4453e532,internal,"['EMA200-H4 haussier', 'OB/FVG 30m (fvg)', 'OB/FVG double conf 15m', 'TRIX 5m', 'Delta volume confirme', 'ADX régime RANGE']",RANGE,0.0
BTC/USDT,LONG,76393.15841,76455.480505,180.7992,0.0752,0.04,0.1446,0.0,2026-04-30T13:37:00.807862+00:00,2026-04-30T13:40:59.542992+00:00,4.0,6,tp_cascade,4b3e1cd98554,internal,"['EMA200-H4 haussier', 'OB/FVG 30m (fvg)', 'OB/FVG double conf 15m', 'TRIX 5m', 'Delta volume confirme', 'ADX régime RANGE']",RANGE,0.0
BTC/USDT,LONG,76587.52496,76554.538728,180.8174,-0.1502,-0.08,0.1447,0.0,2026-04-30T13:42:04.107713+00:00,2026-04-30T13:46:51.655215+00:00,4.8,6,sl,ab69621d941e,internal,"['EMA200-H4 haussier', 'OB/FVG 30m (tested)', 'OB/FVG double conf 15m', 'TRIX 5m', 'Delta volume confirme', 'ADX régime RANGE']",RANGE,0.0
PAXG/USDT,SHORT,4627.851622,4617.88647,180.882,0.3172,0.18,0.1447,0.0,2026-04-30T13:16:51.673855+00:00,2026-04-30T13:47:07.845182+00:00,30.3,5,tp_cascade,38359d9a4745,internal,"['EMA200-H4 baissier', 'OB/FVG 30m (tested)', 'OB/FVG double conf 15m', 'Delta volume confirme', 'ADX régime TREND']",TREND,0.0
BTC/USDT,LONG,76553.00426,76314.184,180.7814,-0.6363,-0.35,0.1446,0.0,2026-04-30T13:47:07.648419+00:00,2026-04-30T14:11:47.379581+00:00,24.7,6,sl,b50697da6bb4,internal,"['EMA200-H4 haussier', 'BOS H2/H1', 'OB/FVG 30m (tested)', 'OB/FVG double conf 15m', 'TRIX 5m', 'ADX régime RANGE']",RANGE,0.0
BTC/USDT,LONG,76412.740152,76154.439904,180.5439,-0.6825,-0.38,0.1444,0.0,2026-04-30T14:12:21.774060+00:00,2026-04-30T14:16:58.519119+00:00,4.6,6,sl,e73c2c27d812,internal,"['EMA200-H4 haussier', 'OB/FVG 30m (fvg)', 'OB/FVG double conf 15m', 'TRIX 5m', 'Delta volume confirme', 'ADX régime RANGE']",RANGE,0.0
BTC/USDT,LONG,76170.664994,76150.515403,180.3983,-0.1199,-0.07,0.1443,0.0,2026-04-30T14:17:30.806575+00:00,2026-04-30T14:26:51.919404+00:00,9.4,6,sl,0c6d56d0c8e8,internal,"['EMA200-H4 haussier', 'OB/FVG 30m (fvg)', 'OB/FVG double conf 15m', 'TRIX 5m', 'Delta volume confirme', 'ADX régime RANGE']",RANGE,0.0
BTC/USDT,LONG,76205.696,76352.533576,180.3371,0.2754,0.15,0.1443,0.0,2026-04-30T14:27:40.825500+00:00,2026-04-30T14:31:27.897376+00:00,3.8,6,tp_cascade,9d72b8dc12a1,internal,"['EMA200-H4 haussier', 'OB/FVG 30m (fvg)', 'OB/FVG double conf 15m', 'TRIX 5m', 'Delta volume confirme', 'ADX régime RANGE']",RANGE,0.0
BTC/USDT,LONG,76513.890806,76256.708506,180.4019,-0.6785,-0.38,0.1443,0.0,2026-04-30T14:32:41.494852+00:00,2026-04-30T14:34:40.160866+00:00,2.0,6,sl,dcf68b64017c,internal,"['EMA200-H4 haussier', 'BOS H2/H1', 'OB/FVG 30m (fvg)', 'OB/FVG double conf 15m', 'TRIX 5m', 'ADX régime RANGE']",RANGE,0.0
BTC/USDT,LONG,76292.337954,76278.216597,180.2879,-0.1055,-0.06,0.1442,0.0,2026-04-30T14:37:44.728935+00:00,2026-04-30T14:57:27.845567+00:00,19.7,6,sl,963492f30cfc,internal,"['EMA200-H4 haussier', 'OB/FVG 30m (fvg)', 'OB/FVG double conf 15m', 'TRIX 5m', 'Delta volume confirme', 'ADX régime RANGE']",RANGE,0.0
BTC/USDT,LONG,76374.657316,76527.985975,180.1842,0.2897,0.16,0.1441,0.0,2026-04-30T14:58:54.184186+00:00,2026-04-30T15:32:16.610057+00:00,33.4,6,tp_cascade,d1dd0c552036,internal,"['EMA200-H4 haussier', 'OB/FVG 30m (fvg)', 'OB/FVG double conf 15m', 'TRIX 5m', 'Delta volume confirme', 'ADX régime RANGE']",RANGE,0.0
PAXG/USDT,SHORT,4601.727306,4620.990932,180.7017,-0.8287,-0.46,0.1446,0.0,2026-04-30T13:58:50.241950+00:00,2026-04-30T15:32:22.111624+00:00,93.5,5,sl,dbd7e851d087,internal,"['EMA200-H4 baissier', 'OB/FVG 30m (tested)', 'OB/FVG double conf 15m', 'Delta volume confirme', 'ADX régime TREND']",TREND,0.0
BTC/USDT,LONG,76493.108344,76237.240194,180.1567,-0.6747,-0.37,0.1441,0.0,2026-04-30T15:34:59.703195+00:00,2026-04-30T16:55:13.955209+00:00,80.2,6,sl,c306638fa87f,internal,"['EMA200-H4 haussier', 'OB/FVG 30m (fvg)', 'OB/FVG double conf 15m', 'TRIX 5m', 'Delta volume confirme', 'ADX régime RANGE']",RANGE,0.0
PAXG/USDT,SHORT,4611.201618,4607.667576,180.1126,0.066,0.04,0.1441,0.0,2026-04-30T15:37:25.357529+00:00,2026-04-30T17:11:16.587048+00:00,93.9,5,sl,dcd9ea769d2b,internal,"['EMA200-H4 baissier', 'OB/FVG 30m (tested)', 'OB/FVG double conf 15m', 'Delta volume confirme', 'ADX régime TREND']",TREND,0.0
BTC/USDT,LONG,76293.888884,76080.42434,180.0487,-0.5758,-0.32,0.144,0.0,2026-04-30T16:57:50.603024+00:00,2026-04-30T17:17:30.407800+00:00,19.7,6,sl,169d5923a2d8,internal,"['EMA200-H4 haussier', 'OB/FVG 30m (fvg)', 'OB/FVG double conf 15m', 'TRIX 5m', 'Delta volume confirme', 'ADX régime RANGE']",RANGE,0.0
BTC/USDT,LONG,76185.443856,76161.371165,179.8668,-0.1288,-0.07,0.1439,0.0,2026-04-30T17:18:53.553043+00:00,2026-04-30T17:32:53.812966+00:00,14.0,6,sl,a4d560862df6,internal,"['EMA200-H4 haussier', 'OB/FVG 30m (fvg)', 'OB/FVG double conf 15m', 'TRIX 5m', 'Delta volume confirme', 'ADX régime RANGE']",RANGE,0.0
BTC/USDT,LONG,76189.116058,76252.333499,179.8027,0.0772,0.04,0.1438,0.0,2026-04-30T17:34:04.413702+00:00,2026-04-30T18:00:56.772898+00:00,26.9,6,tp_cascade,7b512508f70d,internal,"['EMA200-H4 haussier', 'OB/FVG 30m (fvg)', 'OB/FVG double conf 15m', 'TRIX 5m', 'Delta volume confirme', 'ADX régime RANGE']",RANGE,0.0
BTC/USDT,LONG,76451.19321,76241.17783,179.7551,-0.5657,-0.31,0.1438,0.0,2026-04-30T18:23:52.602402+00:00,2026-04-30T18:29:27.498432+00:00,5.6,6,sl,54b3100aa859,internal,"['EMA200-H4 haussier', 'OB/FVG 30m (fvg)', 'OB/FVG double conf 15m', 'Rejet 5m/15m', 'Delta volume confirme', 'ADX régime RANGE']",RANGE,0.0
BTC/USDT,LONG,76430.340706,76222.33914,179.6696,-0.5608,-0.31,0.1437,0.0,2026-04-30T21:24:09.068522+00:00,2026-04-30T21:52:58.431462+00:00,28.8,6,sl,95856204cc66,internal,"['EMA200-H4 haussier', 'OB/FVG 30m (fvg)', 'OB/FVG double conf 15m', 'TRIX 5m', 'Delta volume confirme', 'ADX régime RANGE']",RANGE,0.0
BTC/USDT,LONG,76331.731576,76319.967428,179.5462,-0.0995,-0.06,0.1436,0.0,2026-04-30T21:54:16.522264+00:00,2026-04-30T22:36:11.851337+00:00,41.9,6,sl,d2aa28f140b6,internal,"['EMA200-H4 haussier', 'OB/FVG 30m (fvg)', 'OB/FVG double conf 15m', 'Rejet 5m/15m', 'TRIX 5m', 'ADX régime RANGE']",RANGE,0.0
BTC/USDT,LONG,76360.999126,76160.306382,179.426,-0.5433,-0.3,0.1435,0.0,2026-04-30T22:43:55.552005+00:00,2026-04-30T22:58:49.227732+00:00,14.9,6,sl,e51b42d62c08,internal,"['EMA200-H4 haussier', 'OB/FVG 30m (fvg)', 'OB/FVG double conf 15m', 'Rejet 5m/15m', 'Delta volume confirme', 'ADX régime RANGE']",RANGE,0.0
BTC/USDT,LONG,76349.692346,76410.856096,179.3092,0.0719,0.04,0.1434,0.0,2026-05-01T05:19:17.784647+00:00,2026-05-01T05:19:22.956778+00:00,0.1,7,tp_cascade,16fe01945ebf,internal,"['EMA200-H4 haussier', 'BOS H2/H1', 'H2+H1 alignés', 'OB/FVG 30m (fvg)', 'OB/FVG double conf 15m', 'TRIX 5m', 'ADX régime RANGE']",RANGE,0.0
PAXG/USDT,SHORT,4608.263382,4598.340383,179.9597,0.3155,0.18,0.144,0.0,2026-04-30T17:13:10.612743+00:00,2026-05-01T06:20:01.861977+00:00,786.9,5,tp_cascade,d958e9bbcae3,internal,"['EMA200-H4 baissier', 'OB/FVG 30m (intact)', 'OB/FVG double conf 15m', 'TRIX 5m', 'ADX régime RANGE']",RANGE,0.0
BTC/USDT,LONG,77146.26,76919.230754,179.429,-0.5998,-0.33,0.1435,0.0,2026-05-01T05:24:18.421147+00:00,2026-05-01T06:42:09.394141+00:00,77.8,8,sl,17f5b87deb89,internal,"['EMA200-H4 haussier', 'BOS H2/H1', 'H2+H1 alignés', 'OB/FVG 30m (fvg)', 'OB/FVG double conf 15m', 'TRIX 5m', 'Delta volume confirme', 'ADX régime RANGE']",RANGE,0.0
BTC/USDT,LONG,77112.249606,77148.136661,179.3239,0.0118,0.01,0.1435,0.0,2026-05-01T06:45:09.542499+00:00,2026-05-02T04:56:09.075853+00:00,1331.0,6,tp_cascade,59e959ef0dfc,internal,"['EMA200-H4 haussier', 'BOS H2/H1', 'OB/FVG 30m (fvg)', 'OB/FVG double conf 15m', 'TRIX 5m', 'ADX régime RANGE']",RANGE,0.0
PAXG/USDT,SHORT,4586.356534,4596.648023,179.467,-0.4745,-0.26,0.1436,0.0,2026-05-01T06:36:08.675524+00:00,2026-05-02T04:57:03.230912+00:00,1340.9,5,sl,4952bf457370,internal,"['EMA200-H4 baissier', 'BOS H2/H1', 'OB/FVG 30m (fvg)', 'TRIX 5m', 'ADX régime RANGE']",RANGE,0.0
BTC/USDT,LONG,78183.872194,78143.397748,179.2194,-0.1645,-0.09,0.1434,0.0,2026-05-02T05:10:09.150539+00:00,2026-05-02T05:59:58.096643+00:00,49.8,6,sl,077d0efcd868,internal,"['EMA200-H4 haussier', 'OB/FVG 30m (fvg)', 'OB/FVG double conf 15m', 'Rejet 5m/15m', 'TRIX 5m', 'ADX régime TREND']",TREND,0.0
BTC/USDT,LONG,78206.705886,78243.102321,179.1393,0.0117,0.01,0.1433,0.0,2026-05-02T06:25:18.517750+00:00,2026-05-02T06:59:33.092722+00:00,34.2,6,tp_cascade,b20f94f86699,internal,"['EMA200-H4 haussier', 'OB/FVG 30m (fvg)', 'OB/FVG double conf 15m', 'TRIX 5m', 'Delta volume confirme', 'ADX régime RANGE']",RANGE,0.0
BTC/USDT,LONG,78389.185308,78183.201916,179.1282,-0.5423,-0.3,0.1433,0.0,2026-05-02T07:00:42.422384+00:00,2026-05-02T07:42:43.541707+00:00,42.0,6,sl,f88044c89c54,internal,"['EMA200-H4 haussier', 'OB/FVG 30m (fvg)', 'OB/FVG double conf 15m', 'Rejet 5m/15m', 'Delta volume confirme', 'ADX régime RANGE']",RANGE,0.0
BTC/USDT,LONG,78248.340852,78237.630573,179.0049,-0.0961,-0.05,0.1432,0.0,2026-05-02T08:03:17.767958+00:00,2026-05-02T09:30:12.967564+00:00,86.9,6,sl,2895fa2d2bfa,internal,"['EMA200-H4 haussier', 'OB/FVG 30m (fvg)', 'OB/FVG double conf 15m', 'Rejet 5m/15m', 'Delta volume confirme', 'ADX régime RANGE']",RANGE,0.0
BTC/USDT,LONG,78331.72085,78292.982198,178.9617,-0.1601,-0.09,0.1432,0.0,2026-05-02T09:34:26.176185+00:00,2026-05-02T09:39:59.566528+00:00,5.6,6,sl,f20e2af302a7,internal,"['EMA200-H4 haussier', 'OB/FVG 30m (fvg)', 'OB/FVG double conf 15m', 'TRIX 5m', 'Delta volume confirme', 'ADX régime RANGE']",RANGE,0.0
BTC/USDT,LONG,78348.991206,78385.453825,178.9155,0.0117,0.01,0.1431,0.0,2026-05-02T09:42:13.051559+00:00,2026-05-02T16:29:00.304033+00:00,406.8,6,tp_cascade,58adab8fcaa2,internal,"['EMA200-H4 haussier', 'OB/FVG 30m (fvg)', 'OB/FVG double conf 15m', 'TRIX 5m', 'Delta volume confirme', 'ADX régime RANGE']",RANGE,0.0
BTC/USDT,LONG,78530.450016,78321.708762,178.9073,-0.5471,-0.31,0.1431,0.0,2026-05-02T16:33:56.753298+00:00,2026-05-02T18:00:40.635325+00:00,86.7,6,sl,41a48912f0fb,internal,"['EMA200-H4 haussier', 'OB/FVG 30m (fvg)', 'OB/FVG double conf 15m', 'TRIX 5m', 'Delta volume confirme', 'ADX régime RANGE']",RANGE,0.0
BTC/USDT,LONG,78393.55793,78330.603522,178.8125,-0.2151,-0.12,0.143,0.006,2026-05-02T18:05:11.879072+00:00,2026-05-03T04:38:57.054044+00:00,633.8,6,sl,03f2dcdace3d,internal,"['EMA200-H4 haussier', 'OB/FVG 30m (fvg)', 'OB/FVG double conf 15m', 'TRIX 5m', 'Delta volume confirme', 'ADX régime RANGE']",RANGE,0.0
BTC/USDT,LONG,78275.827334,78068.590724,178.7363,-0.5447,-0.3,0.143,0.0,2026-05-03T05:28:43.625030+00:00,2026-05-03T06:25:05.989312+00:00,56.4,6,sl,33d2e2f1c214,internal,"['EMA200-H4 haussier', 'OB/FVG 30m (fvg)', 'OB/FVG double conf 15m', 'Rejet 5m/15m', 'Delta volume confirme', 'ADX régime RANGE']",RANGE,0.0
BTC/USDT,LONG,78162.21921,78198.594941,178.6046,0.0117,0.01,0.1429,0.0,2026-05-03T06:29:20.960522+00:00,2026-05-03T16:54:03.168459+00:00,624.7,6,tp_cascade,2df2bdd0d6f2,internal,"['EMA200-H4 haussier', 'OB/FVG 30m (fvg)', 'OB/FVG double conf 15m', 'Rejet 5m/15m', 'Delta volume confirme', 'ADX régime RANGE']",RANGE,0.0
PAXG/USDT,SHORT,4599.03892,4619.790212,179.169,-0.8801,-0.49,0.1433,-0.0179,2026-05-02T05:11:05.380415+00:00,2026-05-03T16:54:15.236643+00:00,2143.2,6,sl,d310aaa2ae3a,internal,"['EMA200-H4 baissier', 'OB/FVG 30m (fvg)', 'OB/FVG double conf 15m', 'TRIX 5m', 'Delta volume confirme', 'ADX régime RANGE']",RANGE,0.0
BTC/USDT,LONG,78740.66607,78530.233572,178.4413,-0.5483,-0.31,0.1428,0.0,2026-05-03T16:58:08.330088+00:00,2026-05-03T17:02:10.811822+00:00,4.0,6,sl,4e87ded946a1,internal,"['EMA200-H4 haussier (dist=5.24%)', 'OB/FVG 30m (fvg)', 'OB/FVG double conf 15m', 'TRIX 5m', 'ADX régime TREND', 'RSI divergence bullish']",TREND,0.0
BTC/USDT,LONG,78777.238,78740.693455,178.3068,-0.1541,-0.09,0.1426,0.0,2026-05-03T17:22:44.389327+00:00,2026-05-03T17:46:08.627498+00:00,23.4,6,sl,66eca256c49a,internal,"['EMA200-H4 haussier (dist=5.29%)', 'OB/FVG 30m (fvg)', 'OB/FVG double conf 15m', 'Rejet 5m/15m', 'Delta volume confirme', 'ADX régime TREND']",TREND,0.0
BTC/USDT,LONG,78836.283406,78625.276512,178.2347,-0.5483,-0.31,0.1426,0.0,2026-05-03T17:46:21.506644+00:00,2026-05-03T18:11:45.935416+00:00,25.4,6,sl,fde67020feeb,internal,"['EMA200-H4 haussier (dist=5.37%)', 'OB/FVG 30m (fvg)', 'OB/FVG double conf 15m', 'TRIX 5m', 'Delta volume confirme', 'ADX régime TREND']",TREND,0.0
BTC/USDT,LONG,78698.620858,78664.08075,178.1043,-0.1494,-0.08,0.1425,0.0,2026-05-03T18:16:07.634950+00:00,2026-05-03T18:35:27.148852+00:00,19.3,7,sl,8eb5023f2eb5,internal,"['EMA200-H4 haussier (dist=5.18%)', 'OB/FVG 30m (fvg)', 'OB/FVG double conf 15m', 'Rejet 5m/15m', 'TRIX 5m', 'ADX régime TREND', 'RSI divergence bullish']",TREND,0.0
BTC/USDT,LONG,78744.7185,78781.365269,178.0437,0.0117,0.01,0.1424,0.0,2026-05-03T18:38:50.977733+00:00,2026-05-04T02:31:40.204679+00:00,472.8,6,tp_cascade,647616ddd1ab,internal,"['EMA200-H4 haussier (dist=5.25%)', 'OB/FVG 30m (fvg)', 'OB/FVG double conf 15m', 'TRIX 5m', 'Delta volume confirme', 'ADX régime TREND']",TREND,0.0
PAXG/USDT,SHORT,4612.800658,4602.867898,178.4051,0.3128,0.18,0.1427,-0.0178,2026-05-03T16:58:51.806501+00:00,2026-05-04T02:31:52.929899+00:00,573.0,6,tp_cascade,bb7b3309f5fe,internal,"['EMA200-H4 baissier (dist=1.98%)', 'OB/FVG 30m (tested)', 'OB/FVG double conf 15m', 'Rejet 5m/15m', 'TRIX 5m', 'Delta volume confirme']",RANGE,0.0
BTC/USDT,LONG,79925.596602,79977.356377,178.0993,0.0441,0.02,0.1425,0.0,2026-05-04T02:36:36.798163+00:00,2026-05-04T02:40:57.471576+00:00,4.3,8,tp_cascade,de361eac99d4,internal,"['EMA200-H4 haussier (dist=6.72%)', 'BOS H2/H1', 'H2+H1 alignés', 'OB/FVG 30m (tested)', 'OB/FVG double conf 15m', 'Rejet 5m/15m', 'TRIX 5m', 'ADX régime TREND']",TREND,0.0
BTC/USDT,LONG,80192.906892,80145.263313,178.0643,-0.177,-0.1,0.1425,0.0,2026-05-04T02:41:39.298507+00:00,2026-05-04T02:42:52.395453+00:00,1.2,6,sl,998ba4901256,internal,"['EMA200-H4 haussier (dist=7.07%)', 'BOS H2/H1', 'H2+H1 alignés', 'TRIX 5m', 'Delta volume confirme', 'ADX régime TREND']",TREND,0.0
BTC/USDT,LONG,80112.048406,80164.4832,177.984,0.0453,0.03,0.1424,0.0,2026-05-04T02:46:39.515069+00:00,2026-05-04T02:51:52.341025+00:00,5.2,7,tp_cascade,04b38e69e697,internal,"['EMA200-H4 haussier (dist=6.96%)', 'BOS H2/H1', 'H2+H1 alignés', 'OB/FVG 30m (tested)', 'OB/FVG double conf 15m', 'TRIX 5m', 'ADX régime TREND']",TREND,0.0
PAXG/USDT,SHORT,4587.64576,4606.56228,178.1442,-0.8058,-0.45,0.1425,0.0,2026-05-04T02:36:24.157551+00:00,2026-05-04T02:55:09.237419+00:00,18.8,8,sl,ea3a317c4e1c,internal,"['EMA200-H4 baissier (dist=2.45%)', 'BOS H2/H1', 'H2+H1 alignés', 'OB/FVG 30m (tested)', 'OB/FVG double conf 15m', 'Rejet 5m/15m', 'TRIX 5m', 'ADX régime TREND']",TREND,0.0
BTC/USDT,LONG,80414.359684,80186.689102,177.8729,-0.5747,-0.32,0.1423,0.0,2026-05-04T02:56:52.056497+00:00,2026-05-04T02:59:08.998792+00:00,2.3,6,sl,c14642a55bba,internal,"['EMA200-H4 haussier (dist=7.36%)', 'BOS H2/H1', 'H2+H1 alignés', 'TRIX 5m', 'Delta volume confirme', 'ADX régime TREND']",TREND,0.0
BTC/USDT,LONG,80103.313168,80071.342253,177.7819,-0.1421,-0.08,0.1422,0.0,2026-05-04T03:01:52.115179+00:00,2026-05-04T03:04:53.607916+00:00,3.0,7,sl,40dcfc40bee6,internal,"['EMA200-H4 haussier (dist=6.95%)', 'BOS H2/H1', 'H2+H1 alignés', 'OB/FVG 30m (tested)', 'OB/FVG double conf 15m', 'TRIX 5m', 'ADX régime TREND']",TREND,0.0
BTC/USDT,LONG,80284.701936,80341.946525,177.7429,0.0557,0.03,0.1422,0.0,2026-05-04T03:07:07.854933+00:00,2026-05-04T04:35:08.418494+00:00,88.0,6,tp_cascade,a0ec611d482e,internal,"['EMA200-H4 haussier (dist=7.19%)', 'BOS H2/H1', 'H2+H1 alignés', 'TRIX 5m', 'Delta volume confirme', 'ADX régime TREND']",TREND,0.0
BTC/USDT,LONG,80353.703312,80112.233802,177.7073,-0.6051,-0.34,0.1422,0.0,2026-05-04T04:40:07.163816+00:00,2026-05-04T05:11:15.363455+00:00,31.1,8,sl,86c9f2f516ef,internal,"['EMA200-H4 haussier (dist=7.20%)', 'BOS H2/H1', 'H2+H1 alignés', 'OB/FVG 30m (tested)', 'OB/FVG double conf 15m', 'TRIX 5m', 'Delta volume confirme', 'ADX régime TREND']",TREND,0.0
BTC/USDT,LONG,80185.022164,79952.0,177.6225,-0.5872,-0.33,0.1421,0.0,2026-05-04T05:15:24.187392+00:00,2026-05-04T05:26:43.010190+00:00,11.3,6,sl,9928d2ce3b10,internal,"['EMA200-H4 haussier (dist=6.98%)', 'BOS H2/H1', 'OB/FVG 30m (tested)', 'OB/FVG double conf 15m', 'TRIX 5m', 'ADX régime TREND']",TREND,0.0
BTC/USDT,LONG,80042.556736,79803.319262,177.5156,-0.6016,-0.34,0.142,0.0,2026-05-04T05:30:32.999366+00:00,2026-05-04T06:15:26.910042+00:00,44.9,7,sl,6a3758e0fca4,internal,"['EMA200-H4 haussier (dist=6.79%)', 'BOS H2/H1', 'OB/FVG 30m (tested)', 'OB/FVG double conf 15m', 'TRIX 5m', 'Delta volume confirme', 'ADX régime TREND']",TREND,0.0
BTC/USDT,LONG,79863.119138,79631.732276,177.3799,-0.5849,-0.33,0.1419,0.0,2026-05-04T06:17:47.382445+00:00,2026-05-04T06:25:22.870336+00:00,7.6,6,sl,255fa56f61fe,internal,"['EMA200-H4 haussier (dist=6.55%)', 'BOS H2/H1', 'OB/FVG 30m (tested)', 'OB/FVG double conf 15m', 'TRIX 5m', 'ADX régime TREND']",TREND,0.0
PAXG/USDT,SHORT,4601.847234,4591.938077,177.9085,0.312,0.18,0.1423,0.0,2026-05-04T02:56:29.690672+00:00,2026-05-04T06:38:16.158170+00:00,221.8,8,tp_cascade,39f2c6dab353,internal,"['EMA200-H4 baissier (dist=2.15%)', 'BOS H2/H1', 'H2+H1 alignés', 'OB/FVG 30m (fvg)', 'OB/FVG double conf 15m', 'Rejet 5m/15m', 'TRIX 5m', 'ADX régime TREND']",TREND,0.0
PAXG/USDT,SHORT,4581.34954,4560.017403,177.2492,0.7545,0.43,0.1418,-0.0354,2026-05-04T07:22:13.609424+00:00,2026-05-05T06:22:14.676409+00:00,1380.0,8,tp_cascade,df3676e49342,internal,"['EMA200-H4 baissier (dist=2.57%)', 'BOS H2/H1', 'H2+H1 alignés', 'OB/FVG 30m (tested)', 'OB/FVG double conf 15m', 'TRIX 5m', 'Delta volume confirme', 'ADX régime TREND']",TREND,0.0
BTC/USDT,LONG,81047.54937,81160.821538,177.393,0.1769,0.1,0.1419,0.0,2026-05-05T07:21:38.649824+00:00,2026-05-05T13:06:53.596859+00:00,345.2,8,tp_cascade,91919aa12624,internal,"['EMA200-H4 haussier (dist=7.75%)', 'BOS H2/H1', 'OB/FVG 30m (tested)', 'OB/FVG double conf 15m', 'TRIX 5m', 'ADX régime TREND', 'OB L2 imbalance 917.73', 'OB wall ask @ 80950']",TREND,0.0
PAXG/USDT,SHORT,4545.87084,4570.34056,177.3575,-1.0256,-0.58,0.1419,0.0,2026-05-05T07:21:38.726715+00:00,2026-05-05T13:06:53.662958+00:00,345.2,6,sl,c117cb4b4cf2,internal,"['EMA200-H4 baissier (dist=3.12%)', 'OB/FVG 30m (fvg)', 'OB/FVG double conf 15m', 'Delta volume confirme', 'RSI divergence bearish', 'OB wall ask @ 4549']",RANGE,0.0
BTC/USDT,LONG,81424.8256,81187.648166,177.1949,-0.587,-0.33,0.1418,0.0,2026-05-05T14:06:38.498151+00:00,2026-05-05T14:07:53.848804+00:00,1.3,9,sl,af4aa324ad3b,internal,"['EMA200-H4 haussier (dist=8.06%)', 'BOS H2/H1', 'H2+H1 alignés', 'OB/FVG 30m (fvg)', 'OB/FVG double conf 15m', 'TRIX 5m', 'ADX régime TREND', 'OB L2 imbalance 3.04', 'OB wall ask @ 81329']",TREND,0.0
BTC/USDT,LONG,81156.234542,81042.937511,177.0279,-0.3179,-0.18,0.1416,0.0,2026-05-05T16:43:27.345520+00:00,2026-05-11T03:38:28.249101+00:00,7855.0,7,sl,4a3af8e9977d,internal,"['EMA200-H4 haussier (dist=7.63%)', 'OB/FVG 30m (fvg)', 'OB/FVG double conf 15m', 'TRIX 5m', 'Delta volume confirme', 'ADX régime TREND', 'OB L2 imbalance 219.98']",TREND,0.0
PAXG/USDT,SHORT,4571.435492,4597.536034,177.0633,-1.0818,-0.61,0.1416,0.0,2026-05-05T16:43:27.078464+00:00,2026-05-11T03:38:58.564599+00:00,7855.5,7,sl,6bd67b48a6ff,internal,"['EMA200-H4 baissier (dist=3.51%)', 'OB/FVG 30m (fvg)', 'OB/FVG double conf 15m', 'TRIX 5m', 'Liquidity sweep', 'OB L2 imbalance 0.00', 'OB wall ask @ 4550']",RANGE,0.0
BTC/USDT,LONG,80838.17382,80958.006933,176.8083,0.1914,0.11,0.1414,0.0,2026-05-11T04:40:27.146041+00:00,2026-05-11T14:15:19.897793+00:00,574.9,7,tp_cascade,e9a73137b3f3,internal,"['EMA200-H4 haussier (dist=4.94%)', 'OB/FVG 30m (fvg)', 'OB/FVG double conf 15m', 'TRIX 5m', 'Delta volume confirme', 'RSI divergence bullish', 'OB wall bid @ 80790']",RANGE,0.0
PAXG/USDT,SHORT,4675.94275,4733.428024,176.755,-2.2437,-1.27,0.1414,0.0,2026-05-11T03:42:53.282553+00:00,2026-05-11T14:15:19.943975+00:00,632.4,7,sl,7df594edd948,internal,"['EMA200-H4 baissier (dist=0.34%)', 'OB/FVG 30m (intact)', 'OB/FVG double conf 15m', 'Rejet 5m/15m', 'TRIX 5m', 'Delta volume confirme', 'OB wall ask @ 4680']",VOLATILE,0.0
BTC/USDT,LONG,81198.369808,81320.731068,176.281,0.1951,0.11,0.141,0.0,2026-05-11T14:15:23.632696+00:00,2026-05-11T16:49:21.868200+00:00,154.0,7,tp_cascade,6d09f7910220,internal,"['EMA200-H4 haussier (dist=5.31%)', 'OB/FVG 30m (fvg)', 'OB/FVG double conf 15m', 'TRIX 5m', 'RSI divergence bullish', 'OB L2 imbalance 9.18', 'OB wall ask @ 81100']",RANGE,25.0
PAXG/USDT,LONG,4733.428024,4710.783143,176.3163,-0.914,-0.52,0.1411,0.0,2026-05-11T14:15:23.455843+00:00,2026-05-11T16:49:21.923489+00:00,154.0,8,sl,19e83948f919,internal,"['EMA200-H4 haussier (dist=0.78%)', 'BOS H2/H1', 'H2+H1 alignés', 'OB/FVG 30m (fvg)', 'OB/FVG double conf 15m', 'TRIX 5m', 'EMA200-1D aligné', 'OB L2 imbalance 23.12']",VOLATILE,25.0
PAXG/USDT,LONG,4716.439477,4694.461632,176.1443,-0.8913,-0.51,0.1409,0.0,2026-05-11T16:49:25.242285+00:00,2026-05-12T06:00:28.349477+00:00,791.1,6,sl,d53f4728b41b,internal,"['EMA200-H4 haussier (dist=0.42%)', 'OB/FVG 30m (fvg)', 'OB/FVG double conf 15m', 'TRIX 5m', 'EMA200-1D aligné', 'ADX régime TREND']",TREND,25.0
BTC/USDT,LONG,81144.80769,80930.382618,175.9519,-0.5353,-0.3,0.1408,0.0,2026-05-13T06:17:09.619848+00:00,2026-05-13T06:53:07.910694+00:00,36.0,7,sl,5eae60a2bf0b,internal,"['EMA200-H4 haussier (dist=4.61%)', 'OB/FVG 30m (fvg)', 'OB/FVG double conf 15m', 'TRIX 5m', 'Delta volume confirme', 'OB L2 imbalance 478.07', 'OB wall ask @ 81060']",RANGE,47.5
BTC/USDT,LONG,81064.619606,80840.596522,175.8308,-0.5562,-0.32,0.1407,0.0,2026-05-13T07:14:28.506945+00:00,2026-05-13T07:30:26.039414+00:00,16.0,7,sl,6473b98c5a90,internal,"['EMA200-H4 haussier (dist=4.51%)', 'OB/FVG 30m (fvg)', 'OB/FVG double conf 15m', 'Rejet 5m/15m', 'RSI divergence bullish', 'OB L2 imbalance 236.27', 'OB wall ask @ 80972']",RANGE,0.0
PAXG/USDT,SHORT,4527.242024,4533.998768,175.7055,-0.3325,-0.19,0.1406,-1.1948,2026-05-16T14:01:35.497151+00:00,2026-06-08T10:43:03.472760+00:00,32921.5,6,time_stop,2eecfcc490ab,internal,"['EMA200-H4 baissier (dist=3.54%)', 'EMA200-1D aligné', 'Delta volume confirme', 'RSI divergence bearish', 'OB L2 imbalance 0.01', 'OB wall ask @ 4529']",RANGE,0.0
PAXG/USDT,SHORT,4528.561232,4507.474863,175.8639,0.7485,0.43,0.1407,0.0,2026-06-08T10:43:04.069178+00:00,2026-06-08T10:44:23.388100+00:00,1.3,8,tp_cascade,658b68cd49a3,internal,"['EMA200-H4 baissier (dist=3.21%)', 'OB/FVG 30m (fvg)', 'OB/FVG double conf 15m', 'TRIX 5m', 'EMA200-1D aligné', 'Delta volume confirme', 'ADX régime TREND', 'OB L2 imbalance 0.32', 'OB wall ask @ 4297']",TREND,0.0
BTC/USDT,SHORT,63573.453028,63337.374837,175.9643,0.5831,0.33,0.1408,0.0,2026-06-08T11:46:58.253642+00:00,2026-06-08T12:04:20.765498+00:00,17.4,7,tp_cascade,bc24afa7ba42,internal,"['EMA200-H4 baissier (dist=11.97%)', 'OB/FVG 30m (tested)', 'OB/FVG double conf 15m', 'Rejet 5m/15m', 'EMA200-1D aligné', 'Delta volume confirme', 'ADX régime TREND', 'OB wall ask @ 63577']",TREND,0.0
PAXG/USDT,SHORT,4315.669044,4324.34305,175.9995,-0.4241,-0.24,0.1408,-0.4048,2026-06-08T11:46:50.590461+00:00,2026-06-16T04:26:20.921678+00:00,11079.5,7,time_stop,016a6f6e6224,internal,"['EMA200-H4 baissier (dist=4.45%)', 'OB/FVG 30m (fvg)', 'OB/FVG double conf 15m', 'EMA200-1D aligné', 'Delta volume confirme', 'ADX régime TREND', 'OB L2 imbalance 0.03']",TREND,0.0
PAXG/USDT,SHORT,4319.15695,4313.206372,176.0841,0.1722,0.1,0.1409,-0.4754,2026-06-16T04:26:21.073937+00:00,2026-06-25T06:48:31.136296+00:00,13102.2,6,time_stop,38f115a9f9f6,internal,"['EMA200-H4 baissier (dist=4.38%)', 'OB/FVG 30m (fvg)', 'OB/FVG double conf 15m', 'Rejet 5m/15m', 'EMA200-1D aligné', 'ADX régime TREND']",TREND,0.0
PAXG/USDT,SHORT,3980.81008,4078.625708,176.1995,-4.4,-2.5,0.141,-0.1762,2026-06-25T06:49:04.968927+00:00,2026-06-28T21:23:17.770500+00:00,5194.2,7,time_stop,9a51448c2573,internal,"['EMA200-H4 baissier (dist=11.08%)', 'OB/FVG 30m (tested)', 'OB/FVG double conf 15m', 'TRIX 5m', 'EMA200-1D aligné', 'Delta volume confirme', 'ADX régime TREND', 'OB L2 imbalance 0.08']",TREND,0.0
BTC/USDT,SHORT,59629.201,59785.85,175.3056,-0.5307,-0.3,0.1402,0.0,2026-06-28T21:23:24.187613+00:00,2026-06-28T21:37:39.865310+00:00,14.3,7,sl,aa763cb5db85,internal,"['EMA200-H4 baissier (dist=8.98%)', 'BOS H2/H1', 'OB/FVG 30m (fvg)', 'OB/FVG double conf 15m', 'TRIX 5m', 'EMA200-1D aligné', 'ADX régime TREND', 'OB wall ask @ 59643']",TREND,0.0
BTC/USDT,SHORT,60047.9496,59887.755407,175.3212,0.3976,0.23,0.1402,0.0,2026-06-29T06:58:27.148818+00:00,2026-07-01T06:44:42.814162+00:00,2866.3,7,tp_cascade,745bd0f519c3,internal,"['EMA200-H4 baissier (dist=8.19%)', 'OB/FVG 30m (fvg)', 'OB/FVG double conf 15m', 'EMA200-1D aligné', 'Delta volume confirme', 'ADX régime TREND', 'OB L2 imbalance 0.02', 'OB wall ask @ 60047']",TREND,0.0
PAXG/USDT,SHORT,4073.734292,4054.765734,175.3407,0.7464,0.43,0.1403,-0.0175,2026-06-28T21:23:20.246214+00:00,2026-07-01T06:44:42.864422+00:00,3441.4,8,tp_cascade,db9e807ce803,internal,"['EMA200-H4 baissier (dist=5.37%)', 'OB/FVG 30m (tested)', 'OB/FVG double conf 15m', 'Rejet 5m/15m', 'TRIX 5m', 'EMA200-1D aligné', 'Delta volume confirme', 'ADX régime TREND', 'OB L2 imbalance 0.54']",TREND,0.0
PAXG/USDT,SHORT,3968.602819,3984.919518,175.4247,-0.7914,-0.45,0.1403,0.0,2026-07-01T06:45:07.335842+00:00,2026-07-01T09:45:51.266093+00:00,180.7,7,sl,9badd45c3045,internal,"['EMA200-H4 baissier (dist=6.07%)', 'OB/FVG 30m (fvg)', 'OB/FVG double conf 15m', 'TRIX 5m', 'EMA200-1D aligné', 'Delta volume confirme', 'ADX régime TREND', 'OB wall ask @ 3974']",TREND,25.0
BTC/USDT,SHORT,58843.602642,59007.3832,175.2174,-0.5578,-0.32,0.1402,0.0,2026-07-01T09:46:49.129388+00:00,2026-07-01T09:55:46.791070+00:00,9.0,7,sl,fc4eff6081ff,internal,"['EMA200-H4 baissier (dist=9.05%)', 'OB/FVG 30m (fvg)', 'OB/FVG double conf 15m', 'Rejet 5m/15m', 'TRIX 5m', 'EMA200-1D aligné', 'Delta volume confirme', 'OB wall ask @ 58854']",RANGE,0.0
PAXG/USDT,SHORT,3980.140482,3996.686574,175.2524,-0.7987,-0.46,0.1402,0.0,2026-07-01T09:46:47.826954+00:00,2026-07-01T10:56:39.899845+00:00,69.9,6,sl,4990388f58a6,internal,"['EMA200-H4 baissier (dist=5.74%)', 'OB/FVG 30m (fvg)', 'OB/FVG double conf 15m', 'Rejet 5m/15m', 'EMA200-1D aligné', 'ADX régime TREND', 'OB wall ask @ 3983']",TREND,0.0
BTC/USDT,LONG,50030.0,48470.9,1200.0,-37.876,-3.16,0.96,0.0,2026-07-01T12:40:27.071367+00:00,2026-07-01T12:40:27.073370+00:00,0.0,8,sl,test_BTC/USDT_ACHAT,test,[],,0.0
BTC/USDT,LONG,50030.0,52468.5,1200.0,58.0089,4.83,0.96,0.0,2026-07-01T12:40:27.091367+00:00,2026-07-01T12:40:27.094894+00:00,0.0,8,tp_cascade,test_BTC/USDT_ACHAT,test,[],,0.0
BTC/USDT,SHORT,49970.0,51530.9,1200.0,-37.9641,-3.16,0.96,0.0,2026-07-01T12:40:27.099894+00:00,2026-07-01T12:40:27.101894+00:00,0.0,8,sl,test_BTC/USDT_VENTE,test,[],,0.0
BTC/USDT,LONG,50030.0,51968.8,1200.0,46.0233,3.84,0.96,0.0,2026-07-01T12:40:27.105894+00:00,2026-07-01T12:40:27.110893+00:00,0.0,8,tp_cascade,test_BTC/USDT_ACHAT,test,[],,0.0
BTC/USDT,LONG,50030.0,52468.5,1200.0,58.0089,4.83,0.96,0.0,2026-07-01T12:40:27.117420+00:00,2026-07-01T12:40:27.118417+00:00,0.0,8,tp_cascade,test_BTC/USDT_ACHAT,test,[],,0.0
ETH/USDT,LONG,4002.4,3797.72,1206.9035,-62.203,-5.15,0.9655,0.0,2026-07-01T12:40:27.121421+00:00,2026-07-01T12:40:27.123421+00:00,0.0,8,sl,test_ETH/USDT_ACHAT,test,[],,0.0
BTC/USDT,LONG,50030.0,51968.8,1200.0,46.0233,3.84,0.96,0.0,2026-07-01T12:40:27.127946+00:00,2026-07-01T12:40:27.129947+00:00,0.0,8,tp_cascade,test_BTC/USDT_ACHAT,test,[],,0.0
BTC/USDT,LONG,50030.0,50969.4,1200.0,22.0521,1.84,0.96,0.0,2026-07-01T12:40:27.134055+00:00,2026-07-01T12:40:27.136581+00:00,0.0,8,manual,test_BTC/USDT_ACHAT,test,[],,0.0
BTC/USDT,LONG,50030.0,48470.9,1200.0,-37.876,-3.16,0.96,0.0,2026-07-01T12:42:15.318935+00:00,2026-07-01T12:42:15.320934+00:00,0.0,8,sl,test_BTC/USDT_ACHAT,test,[],,0.0
BTC/USDT,LONG,50030.0,52468.5,1200.0,58.0089,4.83,0.96,0.0,2026-07-01T12:42:15.339858+00:00,2026-07-01T12:42:15.344855+00:00,0.0,8,tp_cascade,test_BTC/USDT_ACHAT,test,[],,0.0
BTC/USDT,SHORT,49970.0,51530.9,1200.0,-37.9641,-3.16,0.96,0.0,2026-07-01T12:42:15.350074+00:00,2026-07-01T12:42:15.352074+00:00,0.0,8,sl,test_BTC/USDT_VENTE,test,[],,0.0
BTC/USDT,LONG,50030.0,51968.8,1200.0,46.0233,3.84,0.96,0.0,2026-07-01T12:42:15.357074+00:00,2026-07-01T12:42:15.360786+00:00,0.0,8,tp_cascade,test_BTC/USDT_ACHAT,test,[],,0.0
BTC/USDT,LONG,50030.0,52468.5,1200.0,58.0089,4.83,0.96,0.0,2026-07-01T12:42:15.366818+00:00,2026-07-01T12:42:15.368818+00:00,0.0,8,tp_cascade,test_BTC/USDT_ACHAT,test,[],,0.0
ETH/USDT,LONG,4002.4,3797.72,1206.9035,-62.203,-5.15,0.9655,0.0,2026-07-01T12:42:15.371379+00:00,2026-07-01T12:42:15.372377+00:00,0.0,8,sl,test_ETH/USDT_ACHAT,test,[],,0.0
BTC/USDT,LONG,50030.0,51968.8,1200.0,46.0233,3.84,0.96,0.0,2026-07-01T12:42:15.377373+00:00,2026-07-01T12:42:15.379503+00:00,0.0,8,tp_cascade,test_BTC/USDT_ACHAT,test,[],,0.0
BTC/USDT,LONG,50030.0,50969.4,1200.0,22.0521,1.84,0.96,0.0,2026-07-01T12:42:15.383032+00:00,2026-07-01T12:42:15.385032+00:00,0.0,8,manual,test_BTC/USDT_ACHAT,test,[],,0.0
BTC/USDT,LONG,50030.0,48470.9,6000.0,-189.3798,-3.16,4.8,0.0,2026-07-01T12:42:36.600313+00:00,2026-07-01T12:42:36.601311+00:00,0.0,8,sl,test_BTC/USDT_ACHAT,test,[],,0.0
BTC/USDT,LONG,50030.0,52468.5,6000.0,290.0445,4.83,4.7998,0.0,2026-07-01T12:42:36.616830+00:00,2026-07-01T12:42:36.621350+00:00,0.0,8,tp_cascade,test_BTC/USDT_ACHAT,test,[],,0.0
BTC/USDT,SHORT,49970.0,51530.9,6000.0,-189.8205,-3.16,4.8,0.0,2026-07-01T12:42:36.625350+00:00,2026-07-01T12:42:36.626350+00:00,0.0,8,sl,test_BTC/USDT_VENTE,test,[],,0.0
BTC/USDT,LONG,50030.0,51968.8,6000.0,230.1165,3.84,4.7998,0.0,2026-07-01T12:42:36.629869+00:00,2026-07-01T12:42:36.633868+00:00,0.0,8,tp_cascade,test_BTC/USDT_ACHAT,test,[],,0.0
BTC/USDT,LONG,50030.0,52468.5,6000.0,290.0445,4.83,4.7998,0.0,2026-07-01T12:42:36.638868+00:00,2026-07-01T12:42:36.640874+00:00,0.0,8,tp_cascade,test_BTC/USDT_ACHAT,test,[],,0.0
ETH/USDT,LONG,4002.4,3797.72,6346.6134,-327.1001,-5.15,5.0773,0.0,2026-07-01T12:42:36.642874+00:00,2026-07-01T12:42:36.643875+00:00,0.0,8,sl,test_ETH/USDT_ACHAT,test,[],,0.0
BTC/USDT,LONG,50030.0,51968.8,6000.0,230.1165,3.84,4.7998,0.0,2026-07-01T12:42:36.647875+00:00,2026-07-01T12:42:36.648874+00:00,0.0,8,tp_cascade,test_BTC/USDT_ACHAT,test,[],,0.0
BTC/USDT,LONG,50030.0,50969.4,6000.0,110.2604,1.84,4.8,0.0,2026-07-01T12:42:36.652393+00:00,2026-07-01T12:42:36.654393+00:00,0.0,8,manual,test_BTC/USDT_ACHAT,test,[],,0.0
BTC/USDT,LONG,50030.0,48470.9,1200.0,-37.876,-3.16,0.96,0.0,2026-07-01T12:51:12.373778+00:00,2026-07-01T12:51:12.375780+00:00,0.0,8,sl,test_BTC/USDT_ACHAT,test,[],,0.0
BTC/USDT,LONG,50030.0,52468.5,1200.0,58.0089,4.83,0.96,0.0,2026-07-01T12:51:12.391132+00:00,2026-07-01T12:51:12.395658+00:00,0.0,8,tp_cascade,test_BTC/USDT_ACHAT,test,[],,0.0
BTC/USDT,SHORT,49970.0,51530.9,1200.0,-37.9641,-3.16,0.96,0.0,2026-07-01T12:51:12.400660+00:00,2026-07-01T12:51:12.401656+00:00,0.0,8,sl,test_BTC/USDT_VENTE,test,[],,0.0
BTC/USDT,LONG,50030.0,51968.8,1200.0,46.0233,3.84,0.96,0.0,2026-07-01T12:51:12.406031+00:00,2026-07-01T12:51:12.410232+00:00,0.0,8,tp_cascade,test_BTC/USDT_ACHAT,test,[],,0.0
BTC/USDT,LONG,50030.0,52468.5,1200.0,58.0089,4.83,0.96,0.0,2026-07-01T12:51:12.416263+00:00,2026-07-01T12:51:12.417265+00:00,0.0,8,tp_cascade,test_BTC/USDT_ACHAT,test,[],,0.0
ETH/USDT,LONG,4002.4,3797.72,1206.9035,-62.203,-5.15,0.9655,0.0,2026-07-01T12:51:12.420262+00:00,2026-07-01T12:51:12.421261+00:00,0.0,8,sl,test_ETH/USDT_ACHAT,test,[],,0.0
BTC/USDT,LONG,50030.0,51968.8,1200.0,46.0233,3.84,0.96,0.0,2026-07-01T12:51:12.425444+00:00,2026-07-01T12:51:12.427446+00:00,0.0,8,tp_cascade,test_BTC/USDT_ACHAT,test,[],,0.0
BTC/USDT,LONG,50030.0,50969.4,1200.0,22.0521,1.84,0.96,0.0,2026-07-01T12:51:12.430963+00:00,2026-07-01T12:51:12.432967+00:00,0.0,8,manual,test_BTC/USDT_ACHAT,test,[],,0.0
PAXG/USDT,LONG,4680.216446,4037.576,600.0,-82.626,-13.77,0.48,0.0,2026-04-06T08:17:36.410558+00:00,2026-07-01T13:06:39.123837+00:00,124129.0,7,time_stop,0451f4280510,internal,[],,0.0
BTC/USDT,LONG,50030.0,48470.9,1200.0,-37.876,-3.16,0.96,0.0,2026-07-01T13:34:31.255407+00:00,2026-07-01T13:34:31.257407+00:00,0.0,8,sl,test_BTC/USDT_ACHAT,test,[],,0.0
BTC/USDT,LONG,50030.0,52468.5,1200.0,58.0089,4.83,0.96,0.0,2026-07-01T13:34:31.275446+00:00,2026-07-01T13:34:31.280447+00:00,0.0,8,tp_cascade,test_BTC/USDT_ACHAT,test,[],,0.0
BTC/USDT,SHORT,49970.0,51530.9,1200.0,-37.9641,-3.16,0.96,0.0,2026-07-01T13:34:31.285448+00:00,2026-07-01T13:34:31.286460+00:00,0.0,8,sl,test_BTC/USDT_VENTE,test,[],,0.0
BTC/USDT,LONG,50030.0,51968.8,1200.0,46.0233,3.84,0.96,0.0,2026-07-01T13:34:31.291449+00:00,2026-07-01T13:34:31.295980+00:00,0.0,8,tp_cascade,test_BTC/USDT_ACHAT,test,[],,0.0
BTC/USDT,LONG,50030.0,52468.5,1200.0,58.0089,4.83,0.96,0.0,2026-07-01T13:34:31.302032+00:00,2026-07-01T13:34:31.373775+00:00,0.0,8,tp_cascade,test_BTC/USDT_ACHAT,test,[],,0.0
ETH/USDT,LONG,4002.4,3797.72,1206.9035,-62.203,-5.15,0.9655,0.0,2026-07-01T13:34:31.376776+00:00,2026-07-01T13:34:31.378289+00:00,0.0,8,sl,test_ETH/USDT_ACHAT,test,[],,0.0
BTC/USDT,LONG,50030.0,51968.8,1200.0,46.0233,3.84,0.96,0.0,2026-07-01T13:34:31.382305+00:00,2026-07-01T13:34:31.384306+00:00,0.0,8,tp_cascade,test_BTC/USDT_ACHAT,test,[],,0.0
BTC/USDT,LONG,50030.0,50969.4,1200.0,22.0521,1.84,0.96,0.0,2026-07-01T13:34:31.389820+00:00,2026-07-01T13:34:31.390823+00:00,0.0,8,manual,test_BTC/USDT_ACHAT,test,[],,0.0
PAXG/USDT,SHORT,4059.362969,4084.108996,200.0,-1.2992,-0.65,0.16,0.0,2026-07-01T13:43:54.136010+00:00,2026-07-01T13:43:57.506542+00:00,0.1,7,sl,a01e55c78fa0,internal,"['EMA200-H4 baissier (dist=5.76%)', 'OB/FVG 30m (fvg)', 'OB/FVG double conf 15m', 'EMA200-1D aligné', 'Delta volume confirme', 'ADX régime TREND', 'RSI divergence bearish', 'OB L2 imbalance 0.03']",TREND,25.0
BTC/USDT,SHORT,59192.473194,59445.635994,199.7242,-0.9341,-0.47,0.1598,0.0,2026-07-01T13:48:05.110630+00:00,2026-07-01T13:49:38.174990+00:00,1.6,7,sl,0f9dd49eabd3,internal,"['EMA200-H4 baissier (dist=8.39%)', 'OB/FVG 30m (tested)', 'OB/FVG double conf 15m', 'TRIX 5m', 'EMA200-1D aligné', 'Volume spike', 'OB L2 imbalance 0.33', 'OB wall bid @ 59233']",RANGE,42.4
BTC/USDT,SHORT,59398.969222,59721.11118,199.5538,-1.1621,-0.58,0.1596,0.0,2026-07-01T13:53:15.334120+00:00,2026-07-01T14:10:52.880492+00:00,17.6,7,sl,0e573d6952c1,internal,"['EMA200-H4 baissier (dist=8.07%)', 'OB/FVG 30m (tested)', 'OB/FVG double conf 15m', 'TRIX 5m', 'EMA200-1D aligné', 'Delta volume confirme', 'OB L2 imbalance 0.18', 'OB wall ask @ 58957']",RANGE,42.4
PAXG/USDT,SHORT,4088.525412,4069.487995,199.6451,0.8497,0.43,0.1597,-0.02,2026-07-01T13:49:02.493349+00:00,2026-07-01T21:54:12.447694+00:00,485.2,6,tp_cascade,1d20e57b9137,internal,"['EMA200-H4 baissier (dist=5.08%)', 'OB/FVG 30m (tested)', 'EMA200-1D aligné', 'ADX régime TREND', 'RSI divergence bearish', 'OB L2 imbalance 0.17', 'OB wall ask @ 4091']",TREND,42.4
BTC/USDT,SHORT,60798.389066,61255.611328,199.4082,-1.5794,-0.79,0.1595,0.0,2026-07-01T22:19:43.116153+00:00,2026-07-01T22:21:21.591315+00:00,1.6,8,sl,a3719633632f,internal,"['EMA200-H4 baissier (dist=5.85%)', 'OB/FVG 30m (tested)', 'OB/FVG double conf 15m', 'EMA200-1D aligné', 'Delta volume confirme', 'ADX régime TREND', 'Volume spike', 'OB L2 imbalance 0.03', 'OB wall ask @ 60798']",TREND,52.5
PAXG/USDT,SHORT,4034.767686,4177.50511,199.431,-7.135,-3.58,0.1595,0.0,2026-07-01T22:00:02.382341+00:00,2026-07-05T16:21:28.198895+00:00,5421.4,7,time_stop,12190637ad61,internal,"['EMA200-H4 baissier (dist=6.22%)', 'OB/FVG 30m (fvg)', 'OB/FVG double conf 15m', 'TRIX 5m', 'EMA200-1D aligné', 'Delta volume confirme', 'ADX régime TREND', 'OB wall ask @ 4037']",TREND,53.8
BTC/USDT,SHORT,62586.435594,62758.302402,197.6865,-0.6219,-0.31,0.1581,0.0,2026-07-05T16:30:42.517625+00:00,2026-07-05T17:04:57.949532+00:00,34.3,7,sl,413a97642b73,internal,"['EMA200-H4 baissier (dist=2.33%)', 'OB/FVG 30m (fvg)', 'OB/FVG double conf 15m', 'Rejet 5m/15m', 'EMA200-1D aligné', 'Delta volume confirme', 'OB L2 imbalance 0.22', 'OB wall ask @ 62592']",RANGE,27.6
BTC/USDT,SHORT,62683.187508,62846.865508,197.5345,-0.5948,-0.3,0.158,0.0,2026-07-05T17:15:46.159517+00:00,2026-07-05T17:22:57.609401+00:00,7.2,7,sl,681aae65c093,internal,"['EMA200-H4 baissier (dist=2.17%)', 'OB/FVG 30m (fvg)', 'OB/FVG double conf 15m', 'TRIX 5m', 'EMA200-1D aligné', 'Delta volume confirme', 'RSI divergence bearish', 'OB wall ask @ 62689']",RANGE,30.2
BTC/USDT,SHORT,62621.4046,62797.656,197.3869,-0.6345,-0.32,0.1579,0.0,2026-07-05T17:49:12.741948+00:00,2026-07-05T19:28:23.413714+00:00,99.2,7,sl,735f9797c429,internal,"['EMA200-H4 baissier (dist=2.27%)', 'OB/FVG 30m (fvg)', 'OB/FVG double conf 15m', 'TRIX 5m', 'EMA200-1D aligné', 'Delta volume confirme', 'OB L2 imbalance 0.59', 'OB wall ask @ 62627']",RANGE,36.6
BTC/USDT,SHORT,62738.744154,63388.01,197.2435,-2.1201,-1.07,0.1578,-0.0197,2026-07-05T19:44:05.816359+00:00,2026-07-06T04:21:35.526776+00:00,517.5,7,sl,f7b11b187280,internal,"['EMA200-H4 baissier (dist=2.09%)', 'OB/FVG 30m (fvg)', 'OB/FVG double conf 15m', 'EMA200-1D aligné', 'Delta volume confirme', 'RSI divergence bearish', 'OB L2 imbalance 0.21', 'OB wall ask @ 62743']",RANGE,27.8
PAXG/USDT,SHORT,4172.49511,4153.066746,197.6562,0.8412,0.43,0.1581,-0.0198,2026-07-05T16:21:33.909331+00:00,2026-07-06T05:59:52.507831+00:00,818.3,6,tp_cascade,5a4b39378ca7,internal,"['EMA200-H4 baissier (dist=0.79%)', 'OB/FVG 30m (tested)', 'OB/FVG double conf 15m', 'EMA200-1D aligné', 'Delta volume confirme', 'OB L2 imbalance 0.42', 'OB wall ask @ 4168']",VOLATILE,25.0
PAXG/USDT,SHORT,4139.684698,4155.421758,197.0827,-0.828,-0.42,0.1577,0.0,2026-07-06T06:02:37.207537+00:00,2026-07-06T06:32:39.878228+00:00,30.0,6,sl,6b3c956ba30d,internal,"['EMA200-H4 baissier (dist=1.53%)', 'BOS H2/H1', 'H2+H1 alignés', 'TRIX 5m', 'EMA200-1D aligné', 'Delta volume confirme', 'OB L2 imbalance 0.14']",VOLATILE,28.2
BTC/USDT,SHORT,63312.059958,63224.577901,196.9163,0.1934,0.1,0.1575,0.0,2026-07-06T04:22:54.044582+00:00,2026-07-07T09:45:14.202671+00:00,1762.3,7,sl,ea391db69bb3,internal,"['EMA200-H4 baissier (dist=1.17%)', 'OB/FVG 30m (fvg)', 'OB/FVG double conf 15m', 'TRIX 5m', 'EMA200-1D aligné', 'Delta volume confirme', 'ADX régime TREND', 'OB wall ask @ 63319']",TREND,29.8
BTC/USDT,SHORT,63258.0224,63457.85188,197.0072,-0.7011,-0.36,0.1576,0.0,2026-07-07T09:50:32.431205+00:00,2026-07-07T10:02:54.791894+00:00,12.4,7,sl,e1616f57756b,internal,"['EMA200-H4 baissier (dist=1.19%)', 'OB/FVG 30m (fvg)', 'OB/FVG double conf 15m', 'TRIX 5m', 'EMA200-1D aligné', 'Delta volume confirme', 'RSI divergence bearish', 'OB wall bid @ 63296']",RANGE,30.4
PAXG/USDT,SHORT,4149.938542,4144.240556,196.9725,0.1917,0.1,0.1576,0.0,2026-07-06T06:34:51.577130+00:00,2026-07-07T11:59:04.914781+00:00,1764.2,6,sl,1dc98c6664e8,internal,"['EMA200-H4 baissier (dist=1.29%)', 'BOS H2/H1', 'H2+H1 alignés', 'OB/FVG 30m (tested)', 'OB/FVG double conf 15m', 'TRIX 5m', 'EMA200-1D aligné']",VOLATILE,29.6
BTC/USDT,SHORT,63403.03534,63552.618706,196.8271,-0.5431,-0.28,0.1575,0.0,2026-07-07T10:03:27.853831+00:00,2026-07-07T12:05:06.112386+00:00,121.6,7,sl,4a92ccc47dcc,internal,"['EMA200-H4 baissier (dist=0.96%)', 'OB/FVG 30m (fvg)', 'OB/FVG double conf 15m', 'TRIX 5m', 'EMA200-1D aligné', 'Delta volume confirme', 'Volume spike', 'OB wall ask @ 63405']",RANGE,37.0
PAXG/USDT,SHORT,4151.067864,4167.639084,196.6192,-0.8636,-0.44,0.1573,0.0,2026-07-07T12:03:34.256036+00:00,2026-07-07T12:09:45.308749+00:00,6.2,6,sl,f1c4cd763c1e,internal,"['EMA200-H4 baissier (dist=1.17%)', 'OB/FVG 30m (fvg)', 'OB/FVG double conf 15m', 'EMA200-1D aligné', 'Delta volume confirme', 'ADX régime TREND', 'RSI divergence bearish']",TREND,0.0
BTC/USDT,SHORT,63683.7668,63856.280794,196.458,-0.6108,-0.31,0.1572,0.0,2026-07-07T12:07:03.044234+00:00,2026-07-07T12:12:11.713560+00:00,5.1,7,sl,4834c70561ac,internal,"['EMA200-H4 baissier (dist=0.53%)', 'OB/FVG 30m (fvg)', 'OB/FVG double conf 15m', 'EMA200-1D aligné', 'Delta volume confirme', 'Volume spike', 'OB L2 imbalance 0.66', 'OB wall ask @ 63683']",RANGE,0.0
PAXG/USDT,SHORT,4162.740856,4183.108458,196.2768,-1.0389,-0.53,0.157,0.0,2026-07-07T12:10:02.726620+00:00,2026-07-07T13:45:30.446001+00:00,95.5,6,sl,889961900341,internal,"['EMA200-H4 baissier (dist=0.90%)', 'OB/FVG 30m (fvg)', 'OB/FVG double conf 15m', 'EMA200-1D aligné', 'ADX régime TREND', 'OB L2 imbalance 0.15', 'OB wall ask @ 4165']",TREND,0.0
BTC/USDT,SHORT,63538.084262,63087.224604,196.2227,1.3139,0.67,0.157,0.0,2026-07-07T12:42:56.692641+00:00,2026-07-07T14:00:15.506778+00:00,77.3,7,tp_cascade,10b2b8f64655,internal,"['EMA200-H4 baissier (dist=0.75%)', 'OB/FVG 30m (fvg)', 'OB/FVG double conf 15m', 'Rejet 5m/15m', 'EMA200-1D aligné', 'Delta volume confirme', 'RSI divergence bearish', 'OB wall ask @ 63549']",RANGE,0.0
BTC/USDT,SHORT,63004.184794,63170.469554,196.4157,-0.597,-0.3,0.1571,0.0,2026-07-07T14:01:24.892611+00:00,2026-07-07T14:05:39.818844+00:00,4.2,7,sl,4fe2a33ccd8b,internal,"['EMA200-H4 baissier (dist=1.58%)', 'OB/FVG 30m (fvg)', 'OB/FVG double conf 15m', 'TRIX 5m', 'EMA200-1D aligné', 'Delta volume confirme', 'Volume spike', 'OB wall ask @ 62917']",RANGE,36.1
BTC/USDT,SHORT,63062.14,63228.154144,196.3351,-0.5954,-0.3,0.1571,0.0,2026-07-07T14:07:34.829210+00:00,2026-07-07T14:30:35.924751+00:00,23.0,7,sl,e3289e0062a3,internal,"['EMA200-H4 baissier (dist=1.49%)', 'OB/FVG 30m (fvg)', 'OB/FVG double conf 15m', 'Rejet 5m/15m', 'TRIX 5m', 'EMA200-1D aligné', 'Delta volume confirme', 'OB L2 imbalance 0.64', 'OB wall ask @ 62917']",RANGE,36.1
BTC/USDT,SHORT,63082.128,62998.298502,196.2194,0.1823,0.09,0.157,0.0,2026-07-07T14:35:22.619263+00:00,2026-07-07T14:46:23.125587+00:00,11.0,7,sl,523c25244ec1,internal,"['EMA200-H4 baissier (dist=1.46%)', 'OB/FVG 30m (fvg)', 'OB/FVG double conf 15m', 'Rejet 5m/15m', 'TRIX 5m', 'EMA200-1D aligné', 'Delta volume confirme', 'OB L2 imbalance 0.21', 'OB wall ask @ 63118']",RANGE,44.0
BTC/USDT,SHORT,63163.958872,63374.70202,196.2152,-0.7331,-0.37,0.157,0.0,2026-07-07T14:48:58.135727+00:00,2026-07-07T14:51:11.097544+00:00,2.2,7,sl,aed4dcb3b167,internal,"['EMA200-H4 baissier (dist=1.33%)', 'OB/FVG 30m (fvg)', 'OB/FVG double conf 15m', 'TRIX 5m', 'EMA200-1D aligné', 'Delta volume confirme', 'Volume spike', 'OB L2 imbalance 0.60', 'OB wall ask @ 63172']",RANGE,45.9
PAXG/USDT,SHORT,4178.091738,4146.854821,196.2013,1.3884,0.71,0.157,0.0,2026-07-07T13:45:33.491263+00:00,2026-07-07T15:54:37.592352+00:00,129.1,7,tp_cascade,58df57a7219e,internal,"['EMA200-H4 baissier (dist=2.21%)', 'OB/FVG 30m (fvg)', 'OB/FVG double conf 15m', 'TRIX 5m', 'EMA200-1D aligné', 'Delta volume confirme', 'OB L2 imbalance 0.07', 'OB wall ask @ 4174']",VOLATILE,25.0
PAXG/USDT,SHORT,4131.939348,4159.394042,196.0906,-1.3814,-0.7,0.1569,0.0,2026-07-07T15:58:15.893604+00:00,2026-07-07T17:20:25.563636+00:00,82.2,7,sl,f887ef162a5a,internal,"['EMA200-H4 baissier (dist=3.28%)', 'OB/FVG 30m (tested)', 'OB/FVG double conf 15m', 'TRIX 5m', 'EMA200-1D aligné', 'ADX régime TREND', 'OB L2 imbalance 0.46', 'OB wall ask @ 4135']",TREND,22.4
PAXG/USDT,SHORT,4154.405762,4123.345957,195.7987,1.3856,0.71,0.1566,0.0,2026-07-07T17:20:28.197010+00:00,2026-07-07T19:07:18.112951+00:00,106.8,6,tp_cascade,b4c14fd0800f,internal,"['EMA200-H4 baissier (dist=2.73%)', 'OB/FVG 30m (fvg)', 'OB/FVG double conf 15m', 'TRIX 5m', 'EMA200-1D aligné', 'ADX régime TREND', 'OB wall ask @ 4139']",TREND,25.0
PAXG/USDT,SHORT,4103.156628,4118.769585,196.0601,-0.8245,-0.42,0.1568,0.0,2026-07-07T19:09:03.404818+00:00,2026-07-07T19:24:56.943717+00:00,15.9,6,sl,662c50a90059,internal,"['EMA200-H4 baissier (dist=3.92%)', 'TRIX 5m', 'EMA200-1D aligné', 'Delta volume confirme', 'ADX régime TREND', 'OB L2 imbalance 0.14', 'OB wall ask @ 4108']",TREND,45.3
PAXG/USDT,SHORT,4113.830025,4129.376042,195.8795,-0.8186,-0.42,0.1567,0.0,2026-07-07T19:24:59.181526+00:00,2026-07-07T20:06:21.704679+00:00,41.4,7,sl,20fd7667a0da,internal,"['EMA200-H4 baissier (dist=3.67%)', 'BOS H2/H1', 'H2+H1 alignés', 'OB/FVG 30m (fvg)', 'OB/FVG double conf 15m', 'TRIX 5m', 'EMA200-1D aligné', 'ADX régime TREND', 'OB wall ask @ 4098']",TREND,25.0
BTC/USDT,SHORT,63581.828,63738.860384,195.8747,-0.5621,-0.29,0.1567,0.0,2026-07-08T00:28:52.966472+00:00,2026-07-08T00:43:42.763017+00:00,14.8,7,sl,01de88adbf35,internal,"['EMA200-H4 baissier (dist=0.73%)', 'OB/FVG 30m (fvg)', 'OB/FVG double conf 15m', 'Rejet 5m/15m', 'TRIX 5m', 'EMA200-1D aligné', 'Delta volume confirme', 'RSI divergence bearish', 'Volume spike', 'OB wall ask @ 63580']",RANGE,0.0
PAXG/USDT,SHORT,4124.423762,4118.704703,195.7002,0.1931,0.1,0.1566,0.0,2026-07-07T20:06:24.324355+00:00,2026-07-08T03:01:57.411327+00:00,415.6,7,sl,9b8d0f164e18,internal,"['EMA200-H4 baissier (dist=3.42%)', 'BOS H2/H1', 'H2+H1 alignés', 'OB/FVG 30m (fvg)', 'OB/FVG double conf 15m', 'TRIX 5m', 'EMA200-1D aligné', 'ADX régime TREND']",TREND,25.0
BTC/USDT,LONG,50030.0,48470.9,1200.0,-37.876,-3.16,0.96,0.0,2026-07-08T06:42:49.397489+00:00,2026-07-08T06:42:49.399510+00:00,0.0,8,sl,test_BTC/USDT_ACHAT,test,[],,0.0
BTC/USDT,LONG,50030.0,52468.5,1200.0,58.0089,4.83,0.96,0.0,2026-07-08T06:42:49.415786+00:00,2026-07-08T06:42:49.421724+00:00,0.0,8,tp_cascade,test_BTC/USDT_ACHAT,test,[],,0.0
BTC/USDT,SHORT,49970.0,51530.9,1200.0,-37.9641,-3.16,0.96,0.0,2026-07-08T06:42:49.427644+00:00,2026-07-08T06:42:49.429701+00:00,0.0,8,sl,test_BTC/USDT_VENTE,test,[],,0.0
BTC/USDT,LONG,50030.0,51968.8,1200.0,46.0233,3.84,0.96,0.0,2026-07-08T06:42:49.433534+00:00,2026-07-08T06:42:49.438110+00:00,0.0,8,tp_cascade,test_BTC/USDT_ACHAT,test,[],,0.0
BTC/USDT,LONG,50030.0,52468.5,1200.0,58.0089,4.83,0.96,0.0,2026-07-08T06:42:49.444124+00:00,2026-07-08T06:42:49.446178+00:00,0.0,8,tp_cascade,test_BTC/USDT_ACHAT,test,[],,0.0
ETH/USDT,LONG,4002.4,3797.72,1206.9035,-62.203,-5.15,0.9655,0.0,2026-07-08T06:42:49.448704+00:00,2026-07-08T06:42:49.449705+00:00,0.0,8,sl,test_ETH/USDT_ACHAT,test,[],,0.0
BTC/USDT,LONG,50030.0,51968.8,1200.0,46.0233,3.84,0.96,0.0,2026-07-08T06:42:49.453226+00:00,2026-07-08T06:42:49.454738+00:00,0.0,8,tp_cascade,test_BTC/USDT_ACHAT,test,[],,0.0
BTC/USDT,LONG,50030.0,50969.4,1200.0,22.0521,1.84,0.96,0.0,2026-07-08T06:42:49.459388+00:00,2026-07-08T06:42:49.461387+00:00,0.0,8,manual,test_BTC/USDT_ACHAT,test,[],,0.0
PAXG/USDT,SHORT,4095.910978,4065.28851,200.0,1.4153,0.71,0.16,0.0,2026-07-08T08:17:27.689576+00:00,2026-07-08T08:56:50.944228+00:00,39.4,6,tp_cascade,e214a0a4222b,internal,"['EMA200-H4 baissier (dist=4.00%)', 'OB/FVG 30m (fvg)', 'OB/FVG double conf 15m', 'TRIX 5m', 'EMA200-1D aligné', 'Delta volume confirme', 'OB L2 imbalance 0.27', 'OB wall ask @ 4100']",RANGE,0.0
BTC/USDT,SHORT,62442.512,61999.426416,200.0086,1.3392,0.67,0.16,0.0,2026-07-08T08:20:22.590935+00:00,2026-07-08T09:15:29.509226+00:00,55.1,7,tp_cascade,33d8035ab5e1,internal,"['EMA200-H4 baissier (dist=2.39%)', 'BOS H2/H1', 'H2+H1 alignés', 'OB/FVG 30m (fvg)', 'OB/FVG double conf 15m', 'TRIX 5m', 'EMA200-1D aligné', 'Delta volume confirme', 'ADX régime TREND', 'Volume spike', 'OB wall ask @ 62458']",TREND,0.0
PAXG/USDT,SHORT,4048.099682,4066.4384,200.4963,-0.9885,-0.49,0.1604,0.0,2026-07-08T09:01:23.037726+00:00,2026-07-08T10:51:09.318838+00:00,109.8,6,sl,97800d063af5,internal,"['EMA200-H4 baissier (dist=5.10%)', 'BOS H2/H1', 'H2+H1 alignés', 'TRIX 5m', 'EMA200-1D aligné', 'Delta volume confirme', 'OB L2 imbalance 0.12', 'OB wall ask @ 4051']",RANGE,24.4
PAXG/USDT,SHORT,4061.5616,4076.624508,200.3052,-0.823,-0.41,0.1602,0.0,2026-07-08T10:51:12.222294+00:00,2026-07-08T12:19:03.623640+00:00,87.9,6,sl,73abdd2556bb,internal,"['EMA200-H4 baissier (dist=4.79%)', 'BOS H2/H1', 'OB/FVG 30m (intact)', 'OB/FVG double conf 15m', 'TRIX 5m', 'EMA200-1D aligné', 'ADX régime TREND', 'OB L2 imbalance 0.24']",TREND,25.0
PAXG/USDT,SHORT,4071.735492,4041.293756,200.1245,1.4162,0.71,0.1601,0.0,2026-07-08T12:19:10.418484+00:00,2026-07-08T15:15:33.944498+00:00,176.4,7,tp_cascade,08eae66ddd50,internal,"['EMA200-H4 baissier (dist=4.51%)', 'BOS H2/H1', 'OB/FVG 30m (fvg)', 'OB/FVG double conf 15m', 'TRIX 5m', 'EMA200-1D aligné', 'ADX régime TREND', 'OB L2 imbalance 0.05', 'OB wall ask @ 4074']",TREND,0.0
PAXG/USDT,SHORT,4028.38152,4043.394582,200.3918,-0.827,-0.41,0.1603,0.0,2026-07-08T15:19:47.606197+00:00,2026-07-08T16:11:31.148352+00:00,51.7,6,sl,97b3ac239b17,internal,"['EMA200-H4 baissier (dist=5.52%)', 'BOS H2/H1', 'TRIX 5m', 'EMA200-1D aligné', 'Delta volume confirme', 'ADX régime TREND', 'OB L2 imbalance 0.30', 'OB wall ask @ 4034']",TREND,0.0
PAXG/USDT,SHORT,4034.717716,4052.9303,200.2103,-0.9838,-0.49,0.1602,0.0,2026-07-08T16:15:23.976000+00:00,2026-07-08T16:20:38.641954+00:00,5.2,7,sl,ae0b23ee1f43,internal,"['EMA200-H4 baissier (dist=5.32%)', 'BOS H2/H1', 'H2+H1 alignés', 'OB/FVG 30m (tested)', 'OB/FVG double conf 15m', 'TRIX 5m', 'EMA200-1D aligné', 'Delta volume confirme', 'ADX régime TREND']",TREND,0.0
PAXG/USDT,SHORT,4048.0697,4063.966918,199.9976,-0.8654,-0.43,0.16,0.0,2026-07-08T16:21:07.872410+00:00,2026-07-08T16:55:13.792673+00:00,34.1,6,sl,9c59bca256b2,internal,"['EMA200-H4 baissier (dist=5.01%)', 'OB/FVG 30m (fvg)', 'OB/FVG double conf 15m', 'TRIX 5m', 'EMA200-1D aligné', 'ADX régime TREND', 'OB L2 imbalance 0.07', 'OB wall ask @ 4040']",TREND,25.0
PAXG/USDT,SHORT,4059.292962,4077.244929,199.8085,-0.9636,-0.48,0.1598,0.0,2026-07-08T17:00:26.858142+00:00,2026-07-08T17:21:37.741849+00:00,21.2,6,sl,a417aa50af37,internal,"['EMA200-H4 baissier (dist=4.75%)', 'OB/FVG 30m (fvg)', 'OB/FVG double conf 15m', 'TRIX 5m', 'EMA200-1D aligné', 'ADX régime TREND', 'OB L2 imbalance 0.20', 'OB wall ask @ 4062']",TREND,0.0
PAXG/USDT,SHORT,4067.528018,4083.538654,199.5998,-0.8655,-0.43,0.1597,0.0,2026-07-08T17:27:11.314221+00:00,2026-07-08T18:46:33.419753+00:00,79.4,6,sl,47af4cbfad48,internal,"['EMA200-H4 baissier (dist=4.55%)', 'OB/FVG 30m (fvg)', 'OB/FVG double conf 15m', 'TRIX 5m', 'EMA200-1D aligné', 'ADX régime TREND', 'OB L2 imbalance 0.32', 'OB wall ask @ 4070']",TREND,28.0
PAXG/USDT,SHORT,4081.959354,4077.149986,199.4107,0.1552,0.08,0.1595,0.0,2026-07-08T19:38:43.110664+00:00,2026-07-09T06:00:14.174090+00:00,621.5,6,sl,4b7f65441713,internal,"['EMA200-H4 baissier (dist=4.22%)', 'OB/FVG 30m (fvg)', 'OB/FVG double conf 15m', 'EMA200-1D aligné', 'Delta volume confirme', 'RSI divergence bearish', 'OB L2 imbalance 0.03', 'OB wall ask @ 4083']",RANGE,40.3
PAXG/USDT,SHORT,4083.188616,4099.218056,199.4258,-0.8627,-0.43,0.1595,0.0,2026-07-09T06:07:52.680241+00:00,2026-07-09T06:25:59.435294+00:00,18.1,6,sl,07320b236546,internal,"['EMA200-H4 baissier (dist=3.98%)', 'OB/FVG 30m (fvg)', 'OB/FVG double conf 15m', 'EMA200-1D aligné', 'Delta volume confirme', 'RSI divergence bearish', 'OB L2 imbalance 0.60', 'OB wall ask @ 4087']",RANGE,0.0
PAXG/USDT,SHORT,4096.79045,4112.075766,199.2373,-0.8231,-0.41,0.1594,0.0,2026-07-09T07:23:25.762929+00:00,2026-07-09T08:26:59.091962+00:00,63.6,6,sl,2bc8972044ac,internal,"['EMA200-H4 baissier (dist=3.67%)', 'OB/FVG 30m (fvg)', 'OB/FVG double conf 15m', 'EMA200-1D aligné', 'Delta volume confirme', 'RSI divergence bearish', 'OB L2 imbalance 0.04', 'OB wall ask @ 4099']",RANGE,0.0
PAXG/USDT,SHORT,4102.157228,4118.329516,199.0568,-0.8644,-0.43,0.1592,0.0,2026-07-09T08:56:34.367942+00:00,2026-07-09T12:40:19.751561+00:00,223.8,6,sl,3a3e5ec825b9,internal,"['EMA200-H4 baissier (dist=3.51%)', 'OB/FVG 30m (fvg)', 'OB/FVG double conf 15m', 'EMA200-1D aligné', 'Delta volume confirme', 'RSI divergence bearish', 'OB L2 imbalance 0.10', 'OB wall ask @ 4105']",RANGE,0.0
PAXG/USDT,SHORT,4121.935354,4139.4822,198.868,-0.9261,-0.47,0.1591,0.0,2026-07-09T14:02:20.019944+00:00,2026-07-09T17:16:59.656277+00:00,194.7,6,sl,74eaf0389a13,internal,"['EMA200-H4 baissier (dist=3.02%)', 'OB/FVG 30m (tested)', 'OB/FVG double conf 15m', 'EMA200-1D aligné', 'Delta volume confirme', 'ADX régime TREND', 'RSI divergence bearish', 'OB L2 imbalance 0.60']",TREND,47.2
PAXG/USDT,SHORT,4127.132234,4148.587758,198.6668,-1.1123,-0.56,0.1589,0.0,2026-07-09T17:52:26.799079+00:00,2026-07-09T18:09:56.847062+00:00,17.5,6,sl,4046a1703882,internal,"['EMA200-H4 baissier (dist=2.87%)', 'OB/FVG 30m (tested)', 'OB/FVG double conf 15m', 'EMA200-1D aligné', 'Delta volume confirme', 'ADX régime TREND', 'RSI divergence bearish', 'OB L2 imbalance 0.01', 'OB wall ask @ 4130']",TREND,0.0
BTC/USDT,LONG,64186.18862,64042.5514,198.4285,-0.5234,-0.26,0.1587,0.0,2026-07-10T05:50:01.498808+00:00,2026-07-10T06:04:02.462025+00:00,14.0,7,sl,e8cc8373abd9,internal,"['EMA200-H4 haussier (dist=0.38%)', 'BOS H2/H1', 'H2+H1 alignés', 'OB/FVG 30m (tested)', 'OB/FVG double conf 15m', 'Rejet 5m/15m', 'TRIX 5m', 'Delta volume confirme', 'ADX régime TREND', 'OB L2 imbalance 44.67', 'OB wall ask @ 64129']",TREND,0.0
PAXG/USDT,SHORT,4094.481836,4110.500561,198.3079,-0.8552,-0.43,0.1586,0.0,2026-07-10T08:04:15.575283+00:00,2026-07-10T08:22:16.015452+00:00,18.0,6,sl,aef800a212f9,internal,"['EMA200-H4 baissier (dist=2.16%)', 'BOS H2/H1', 'OB/FVG 30m (fvg)', 'OB/FVG double conf 15m', 'Rejet 5m/15m', 'TRIX 5m', 'EMA200-1D aligné', 'Delta volume confirme', 'OB L2 imbalance 0.05', 'OB wall ask @ 4098']",RANGE,0.0
BTC/USDT,LONG,64246.514794,64335.956626,198.121,0.1966,0.1,0.1585,0.0,2026-07-10T09:03:43.534182+00:00,2026-07-10T14:10:27.562827+00:00,306.7,7,sl,36dd91243db4,internal,"['EMA200-H4 haussier (dist=0.48%)', 'BOS H2/H1', 'H2+H1 alignés', 'OB/FVG 30m (fvg)', 'OB/FVG double conf 15m', 'Rejet 5m/15m', 'TRIX 5m', 'Delta volume confirme', 'Volume spike', 'OB L2 imbalance 215.04', 'OB wall ask @ 64183']",VOLATILE,41.5
BTC/USDT,SHORT,62586.415606,62754.289996,198.0227,-0.6104,-0.31,0.1584,0.0,2026-07-13T05:02:12.694076+00:00,2026-07-13T05:02:17.200023+00:00,0.1,8,sl,09e6d2c776d5,internal,"['EMA200-H4 baissier (dist=1.92%)', 'BOS H2/H1', 'H2+H1 alignés', 'OB/FVG 30m (fvg)', 'OB/FVG double conf 15m', 'TRIX 5m', 'EMA200-1D aligné', 'Delta volume confirme', 'ADX régime TREND', 'Volume spike', 'OB L2 imbalance 0.03', 'OB wall ask @ 62627']",TREND,46.1
PAXG/USDT,SHORT,4048.429484,4063.756792,198.1445,-0.8294,-0.42,0.1585,0.0,2026-07-13T04:46:04.637824+00:00,2026-07-13T05:07:39.568818+00:00,21.6,6,sl,9ba4c1dd2e96,internal,"['EMA200-H4 baissier (dist=2.96%)', 'BOS H2/H1', 'H2+H1 alignés', 'OB/FVG 30m (fvg)', 'OB/FVG double conf 15m', 'Rejet 5m/15m', 'TRIX 5m', 'EMA200-1D aligné', 'Delta volume confirme', 'OB L2 imbalance 0.00']",VOLATILE,47.3
BTC/USDT,SHORT,62728.14052,62873.691594,197.892,-0.5383,-0.27,0.1583,0.0,2026-07-13T05:07:14.664826+00:00,2026-07-13T05:10:20.910698+00:00,3.1,7,sl,b7001ab45312,internal,"['EMA200-H4 baissier (dist=1.70%)', 'BOS H2/H1', 'H2+H1 alignés', 'OB/FVG 30m (tested)', 'OB/FVG double conf 15m', 'Rejet 5m/15m', 'TRIX 5m', 'EMA200-1D aligné', 'ADX régime TREND', 'OB L2 imbalance 0.47', 'OB wall bid @ 62766']",TREND,46.1
BTC/USDT,SHORT,62722.353994,62867.687994,197.7013,-0.5372,-0.27,0.1582,0.0,2026-07-13T05:17:09.512515+00:00,2026-07-13T05:20:09.536084+00:00,3.0,7,sl,61187b7e07ab,internal,"['EMA200-H4 baissier (dist=1.71%)', 'BOS H2/H1', 'H2+H1 alignés', 'OB/FVG 30m (tested)', 'OB/FVG double conf 15m', 'TRIX 5m', 'EMA200-1D aligné', 'Delta volume confirme', 'ADX régime TREND', 'OB L2 imbalance 0.03', 'OB wall ask @ 62726']",TREND,46.7
BTC/USDT,SHORT,62782.317994,62928.904702,197.5781,-0.5403,-0.27,0.1581,0.0,2026-07-13T05:22:10.409644+00:00,2026-07-13T07:23:48.137504+00:00,121.6,7,sl,6e364b168f74,internal,"['EMA200-H4 baissier (dist=1.61%)', 'BOS H2/H1', 'H2+H1 alignés', 'OB/FVG 30m (tested)', 'OB/FVG double conf 15m', 'TRIX 5m', 'EMA200-1D aligné', 'Delta volume confirme', 'ADX régime TREND', 'OB L2 imbalance 0.35', 'OB wall ask @ 62794']",TREND,46.7
BTC/USDT,SHORT,62985.366092,63126.012896,197.4542,-0.5199,-0.26,0.158,0.0,2026-07-13T07:41:25.373136+00:00,2026-07-13T08:26:09.158426+00:00,44.7,7,sl,918880d07392,internal,"['EMA200-H4 baissier (dist=1.30%)', 'BOS H2/H1', 'OB/FVG 30m (fvg)', 'OB/FVG double conf 15m', 'TRIX 5m', 'EMA200-1D aligné', 'Delta volume confirme', 'ADX régime TREND', 'RSI divergence bearish', 'Volume spike', 'OB wall ask @ 62984']",TREND,0.0
BTC/USDT,SHORT,62436.525594,62582.166784,197.4773,-0.5396,-0.27,0.158,0.0,2026-07-13T13:20:06.072776+00:00,2026-07-13T13:24:36.110431+00:00,4.5,7,sl,e0269fa74138,internal,"['EMA200-H4 baissier (dist=2.08%)', 'BOS H2/H1', 'OB/FVG 30m (fvg)', 'OB/FVG double conf 15m', 'TRIX 5m', 'EMA200-1D aligné', 'Delta volume confirme', 'ADX régime TREND', 'Volume spike', 'OB L2 imbalance 0.49', 'OB wall ask @ 62438']",TREND,0.0
PAXG/USDT,SHORT,4071.415684,4040.976332,197.4149,1.397,0.71,0.1579,0.0,2026-07-13T08:19:55.989490+00:00,2026-07-13T14:07:59.999142+00:00,348.1,6,tp_cascade,6051b1a14065,internal,"['EMA200-H4 baissier (dist=2.38%)', 'OB/FVG 30m (fvg)', 'OB/FVG double conf 15m', 'Rejet 5m/15m', 'TRIX 5m', 'EMA200-1D aligné', 'Delta volume confirme', 'ADX régime TREND', 'RSI divergence bearish', 'OB L2 imbalance 0.15', 'OB wall ask @ 4073']",TREND,0.0
BTC/USDT,SHORT,62314.908608,62529.54523,197.3783,-0.7588,-0.38,0.1579,0.0,2026-07-13T13:48:14.173787+00:00,2026-07-13T14:20:26.057957+00:00,32.2,7,sl,d4bca7fcbdfa,internal,"['EMA200-H4 baissier (dist=2.27%)', 'BOS H2/H1', 'H2+H1 alignés', 'Rejet 5m/15m', 'TRIX 5m', 'EMA200-1D aligné', 'Delta volume confirme', 'ADX régime TREND', 'Volume spike', 'OB wall ask @ 62336']",TREND,0.0
BTC/USDT,SHORT,62330.589194,62234.973426,197.4171,0.2239,0.11,0.1579,-0.0066,2026-07-13T16:50:09.505818+00:00,2026-07-14T05:37:49.186432+00:00,767.7,7,sl,b137d2c4b290,internal,"['EMA200-H4 baissier (dist=2.23%)', 'BOS H2/H1', 'OB/FVG 30m (fvg)', 'OB/FVG double conf 15m', 'Rejet 5m/15m', 'TRIX 5m', 'EMA200-1D aligné', 'Delta volume confirme', 'ADX régime TREND', 'OB L2 imbalance 0.62', 'OB wall ask @ 62346']",TREND,0.0
PAXG/USDT,SHORT,4012.820862,4017.033236,197.3068,-0.286,-0.14,0.1578,-0.0132,2026-07-13T15:24:50.771137+00:00,2026-07-14T05:37:58.463655+00:00,853.1,6,sl,6be8cfcadfc3,internal,"['EMA200-H4 baissier (dist=5.11%)', 'BOS H2/H1', 'H2+H1 alignés', 'OB/FVG 30m (tested)', 'OB/FVG double conf 15m', 'TRIX 5m', 'EMA200-1D aligné', 'Delta volume confirme', 'ADX régime TREND', 'OB L2 imbalance 0.05', 'OB wall ask @ 4015']",TREND,45.7
PAXG/USDT,SHORT,4049.328944,4019.05472,197.2667,1.3959,0.71,0.1578,-0.0329,2026-07-15T19:29:42.778652+00:00,2026-07-16T12:41:03.634602+00:00,1031.3,6,tp_cascade,ec2efd1023a7,internal,"['EMA200-H4 baissier (dist=2.46%)', 'OB/FVG 30m (fvg)', 'OB/FVG double conf 15m', 'TRIX 5m', 'EMA200-1D aligné', 'Delta volume confirme', 'Liquidity sweep', 'ADX régime TREND', 'OB L2 imbalance 0.51', 'OB wall ask @ 4052']",TREND,47.4
PAXG/USDT,SHORT,3972.66497,3987.380994,197.5367,-0.8108,-0.41,0.158,0.0,2026-07-16T20:30:35.896353+00:00,2026-07-16T21:45:38.291932+00:00,75.0,6,sl,485d8beeb186,internal,"['EMA200-H4 baissier (dist=5.23%)', 'BOS H2/H1', 'H2+H1 alignés', 'OB/FVG 30m (tested)', 'OB/FVG double conf 15m', 'TRIX 5m', 'EMA200-1D aligné', 'Delta volume confirme', 'ADX régime TREND', 'OB L2 imbalance 0.04', 'OB wall ask @ 3975']",TREND,0.0
BTC/USDT,LONG,50030.0,48470.9,1200.0,-37.876,-3.16,0.96,0.0,2026-07-17T11:03:41.184031+00:00,2026-07-17T11:03:41.187123+00:00,0.0,8,sl,test_BTC/USDT_ACHAT,test,[],,0.0
BTC/USDT,LONG,50030.0,52468.5,1200.0,58.0089,4.83,0.96,0.0,2026-07-17T11:03:41.210143+00:00,2026-07-17T11:03:41.219015+00:00,0.0,8,tp_cascade,test_BTC/USDT_ACHAT,test,[],,0.0
BTC/USDT,SHORT,49970.0,51530.9,1200.0,-37.9641,-3.16,0.96,0.0,2026-07-17T11:03:41.224985+00:00,2026-07-17T11:03:41.227984+00:00,0.0,8,sl,test_BTC/USDT_VENTE,test,[],,0.0
BTC/USDT,LONG,50030.0,51968.8,1200.0,46.0233,3.84,0.96,0.0,2026-07-17T11:03:41.234066+00:00,2026-07-17T11:03:41.241307+00:00,0.0,8,tp_cascade,test_BTC/USDT_ACHAT,test,[],,0.0
BTC/USDT,LONG,50030.0,52468.5,1200.0,58.0089,4.83,0.96,0.0,2026-07-17T11:03:41.249742+00:00,2026-07-17T11:03:41.252953+00:00,0.0,8,tp_cascade,test_BTC/USDT_ACHAT,test,[],,0.0
ETH/USDT,LONG,4002.4,3797.72,1206.9035,-62.203,-5.15,0.9655,0.0,2026-07-17T11:03:41.257299+00:00,2026-07-17T11:03:41.260298+00:00,0.0,8,sl,test_ETH/USDT_ACHAT,test,[],,0.0
BTC/USDT,LONG,50030.0,51968.8,1200.0,46.0233,3.84,0.96,0.0,2026-07-17T11:03:41.266861+00:00,2026-07-17T11:03:41.268859+00:00,0.0,8,tp_cascade,test_BTC/USDT_ACHAT,test,[],,0.0
BTC/USDT,LONG,50030.0,50969.4,1200.0,22.0521,1.84,0.96,0.0,2026-07-17T11:03:41.275365+00:00,2026-07-17T11:03:41.277365+00:00,0.0,8,manual,test_BTC/USDT_ACHAT,test,[],,0.0
BTC/USDT,LONG,50030.0,48470.9,1200.0,-37.876,-3.16,0.96,0.0,2026-07-18T07:12:01.250433+00:00,2026-07-18T07:12:01.252670+00:00,0.0,8,sl,test_BTC/USDT_ACHAT,test,[],,0.0
BTC/USDT,LONG,50030.0,52468.5,1200.0,58.0089,4.83,0.96,0.0,2026-07-18T07:12:01.285066+00:00,2026-07-18T07:12:01.294210+00:00,0.0,8,tp_cascade,test_BTC/USDT_ACHAT,test,[],,0.0
BTC/USDT,SHORT,49970.0,51530.9,1200.0,-37.9641,-3.16,0.96,0.0,2026-07-18T07:12:01.302437+00:00,2026-07-18T07:12:01.304845+00:00,0.0,8,sl,test_BTC/USDT_VENTE,test,[],,0.0
BTC/USDT,LONG,50030.0,51968.8,1200.0,46.0233,3.84,0.96,0.0,2026-07-18T07:12:01.312101+00:00,2026-07-18T07:12:01.319810+00:00,0.0,8,tp_cascade,test_BTC/USDT_ACHAT,test,[],,0.0
BTC/USDT,LONG,50030.0,52468.5,1200.0,58.0089,4.83,0.96,0.0,2026-07-18T07:12:01.328513+00:00,2026-07-18T07:12:01.334457+00:00,0.0,8,tp_cascade,test_BTC/USDT_ACHAT,test,[],,0.0
ETH/USDT,LONG,4002.4,3797.72,1206.9035,-62.203,-5.15,0.9655,0.0,2026-07-18T07:12:01.340008+00:00,2026-07-18T07:12:01.342421+00:00,0.0,8,sl,test_ETH/USDT_ACHAT,test,[],,0.0
BTC/USDT,LONG,50030.0,51968.8,1200.0,46.0233,3.84,0.96,0.0,2026-07-18T07:12:01.348937+00:00,2026-07-18T07:12:01.351936+00:00,0.0,8,tp_cascade,test_BTC/USDT_ACHAT,test,[],,0.0
BTC/USDT,LONG,50030.0,50969.4,1200.0,22.0521,1.84,0.96,0.0,2026-07-18T07:12:01.364017+00:00,2026-07-18T07:12:01.367117+00:00,0.0,8,manual,test_BTC/USDT_ACHAT,test,[],,0.0
PAXG/USDT,SHORT,4009.582806,4024.743398,200.0,-0.8362,-0.42,0.16,0.0,2026-07-20T05:15:34.320365+00:00,2026-07-20T08:16:24.005439+00:00,180.8,6,sl,2827dc0f4907,internal,"['EMA200-H4 baissier (dist=2.60%)', 'OB/FVG 30m (fvg)', 'OB/FVG double conf 15m', 'EMA200-1D aligné', 'Delta volume confirme', 'Liquidity sweep', 'Sweep + displacement', 'OB L2 imbalance 0.12', 'OB wall ask @ 4012']",VOLATILE,44.2
PAXG/USDT,SHORT,4004.136076,4065.925723,199.8168,-3.1634,-1.58,0.1599,0.0,2026-07-20T13:11:54.185153+00:00,2026-07-21T05:53:51.186584+00:00,1002.0,6,sl,5b808d1a97ac,internal,"['EMA200-H4 baissier (dist=4.21%)', 'OB/FVG 30m (fvg)', 'OB/FVG double conf 15m', 'TRIX 5m', 'EMA200-1D aligné', 'Delta volume confirme', 'Liquidity sweep', 'ADX régime TREND', 'OB L2 imbalance 0.08', 'OB wall ask @ 4006']",TREND,0.0
BTC/USDT,LONG,50030.0,48470.9,1200.0,-37.876,-3.16,0.96,0.0,2026-07-21T06:05:31.035111+00:00,2026-07-21T06:05:31.037340+00:00,0.0,8,sl,test_BTC/USDT_ACHAT,test,[],,0.0
BTC/USDT,LONG,50030.0,52468.5,1200.0,58.0089,4.83,0.96,0.0,2026-07-21T06:05:31.056395+00:00,2026-07-21T06:05:31.065174+00:00,0.0,8,tp_cascade,test_BTC/USDT_ACHAT,test,[],,0.0
BTC/USDT,SHORT,49970.0,51530.9,1200.0,-37.9641,-3.16,0.96,0.0,2026-07-21T06:05:31.070203+00:00,2026-07-21T06:05:31.071416+00:00,0.0,8,sl,test_BTC/USDT_VENTE,test,[],,0.0
BTC/USDT,LONG,50030.0,51968.8,1200.0,46.0233,3.84,0.96,0.0,2026-07-21T06:05:31.078010+00:00,2026-07-21T06:05:31.084526+00:00,0.0,8,tp_cascade,test_BTC/USDT_ACHAT,test,[],,0.0
BTC/USDT,LONG,50030.0,52468.5,1200.0,58.0089,4.83,0.96,0.0,2026-07-21T06:05:31.091795+00:00,2026-07-21T06:05:31.095124+00:00,0.0,8,tp_cascade,test_BTC/USDT_ACHAT,test,[],,0.0
ETH/USDT,LONG,4002.4,3797.72,1206.9035,-62.203,-5.15,0.9655,0.0,2026-07-21T06:05:31.098721+00:00,2026-07-21T06:05:31.100720+00:00,0.0,8,sl,test_ETH/USDT_ACHAT,test,[],,0.0
BTC/USDT,LONG,50030.0,51968.8,1200.0,46.0233,3.84,0.96,0.0,2026-07-21T06:05:31.105764+00:00,2026-07-21T06:05:31.108773+00:00,0.0,8,tp_cascade,test_BTC/USDT_ACHAT,test,[],,0.0
BTC/USDT,LONG,50030.0,50969.4,1200.0,22.0521,1.84,0.96,0.0,2026-07-21T06:05:31.114549+00:00,2026-07-21T06:05:31.116555+00:00,0.0,8,manual,test_BTC/USDT_ACHAT,test,[],,0.0
BTC/USDT,LONG,50030.0,48470.9,1200.0,-37.876,-3.16,0.96,0.0,2026-07-21T06:52:17.467932+00:00,2026-07-21T06:52:17.469937+00:00,0.0,8,sl,test_BTC/USDT_ACHAT,test,[],,0.0
BTC/USDT,LONG,50030.0,52468.5,1200.0,58.0089,4.83,0.96,0.0,2026-07-21T06:52:17.496136+00:00,2026-07-21T06:52:17.504694+00:00,0.0,8,tp_cascade,test_BTC/USDT_ACHAT,test,[],,0.0
BTC/USDT,SHORT,49970.0,51530.9,1200.0,-37.9641,-3.16,0.96,0.0,2026-07-21T06:52:17.511888+00:00,2026-07-21T06:52:17.514862+00:00,0.0,8,sl,test_BTC/USDT_VENTE,test,[],,0.0
BTC/USDT,LONG,50030.0,51968.8,1200.0,46.0233,3.84,0.96,0.0,2026-07-21T06:52:17.522000+00:00,2026-07-21T06:52:17.530724+00:00,0.0,8,tp_cascade,test_BTC/USDT_ACHAT,test,[],,0.0
BTC/USDT,LONG,50030.0,52468.5,1200.0,58.0089,4.83,0.96,0.0,2026-07-21T06:52:17.539898+00:00,2026-07-21T06:52:17.542381+00:00,0.0,8,tp_cascade,test_BTC/USDT_ACHAT,test,[],,0.0
ETH/USDT,LONG,4002.4,3797.72,1206.9035,-62.203,-5.15,0.9655,0.0,2026-07-21T06:52:17.547853+00:00,2026-07-21T06:52:17.550407+00:00,0.0,8,sl,test_ETH/USDT_ACHAT,test,[],,0.0
BTC/USDT,LONG,50030.0,51968.8,1200.0,46.0233,3.84,0.96,0.0,2026-07-21T06:52:17.557861+00:00,2026-07-21T06:52:17.560380+00:00,0.0,8,tp_cascade,test_BTC/USDT_ACHAT,test,[],,0.0
BTC/USDT,LONG,50030.0,50969.4,1200.0,22.0521,1.84,0.96,0.0,2026-07-21T06:52:17.567901+00:00,2026-07-21T06:52:17.571458+00:00,0.0,8,manual,test_BTC/USDT_ACHAT,test,[],,0.0
BTC/USDT,LONG,50030.0,48470.9,1200.0,-37.876,-3.16,0.96,0.0,2026-07-21T07:16:07.265779+00:00,2026-07-21T07:16:07.269230+00:00,0.0,8,sl,test_BTC/USDT_ACHAT,test,[],,0.0
BTC/USDT,LONG,50030.0,52468.5,1200.0,58.0089,4.83,0.96,0.0,2026-07-21T07:16:07.292801+00:00,2026-07-21T07:16:07.303191+00:00,0.0,8,tp_cascade,test_BTC/USDT_ACHAT,test,[],,0.0
BTC/USDT,SHORT,49970.0,51530.9,1200.0,-37.9641,-3.16,0.96,0.0,2026-07-21T07:16:07.310195+00:00,2026-07-21T07:16:07.314225+00:00,0.0,8,sl,test_BTC/USDT_VENTE,test,[],,0.0
BTC/USDT,LONG,50030.0,51968.8,1200.0,46.0233,3.84,0.96,0.0,2026-07-21T07:16:07.320241+00:00,2026-07-21T07:16:07.332367+00:00,0.0,8,tp_cascade,test_BTC/USDT_ACHAT,test,[],,0.0
BTC/USDT,LONG,50030.0,52468.5,1200.0,58.0089,4.83,0.96,0.0,2026-07-21T07:16:07.339401+00:00,2026-07-21T07:16:07.343924+00:00,0.0,8,tp_cascade,test_BTC/USDT_ACHAT,test,[],,0.0
ETH/USDT,LONG,4002.4,3797.72,1206.9035,-62.203,-5.15,0.9655,0.0,2026-07-21T07:16:07.348436+00:00,2026-07-21T07:16:07.351823+00:00,0.0,8,sl,test_ETH/USDT_ACHAT,test,[],,0.0
BTC/USDT,LONG,50030.0,51968.8,1200.0,46.0233,3.84,0.96,0.0,2026-07-21T07:16:07.358938+00:00,2026-07-21T07:16:07.363183+00:00,0.0,8,tp_cascade,test_BTC/USDT_ACHAT,test,[],,0.0
BTC/USDT,LONG,50030.0,50969.4,1200.0,22.0521,1.84,0.96,0.0,2026-07-21T07:16:07.368733+00:00,2026-07-21T07:16:07.371723+00:00,0.0,8,manual,test_BTC/USDT_ACHAT,test,[],,0.0
BTC/USDT,LONG,50030.0,48470.9,1200.0,-37.876,-3.16,0.96,0.0,2026-07-21T07:42:58.333578+00:00,2026-07-21T07:42:58.337085+00:00,0.0,8,sl,test_BTC/USDT_ACHAT,test,[],,0.0
BTC/USDT,LONG,50030.0,52468.5,1200.0,58.0089,4.83,0.96,0.0,2026-07-21T07:42:58.360051+00:00,2026-07-21T07:42:58.369996+00:00,0.0,8,tp_cascade,test_BTC/USDT_ACHAT,test,[],,0.0
BTC/USDT,SHORT,49970.0,51530.9,1200.0,-37.9641,-3.16,0.96,0.0,2026-07-21T07:42:58.376030+00:00,2026-07-21T07:42:58.378024+00:00,0.0,8,sl,test_BTC/USDT_VENTE,test,[],,0.0
BTC/USDT,LONG,50030.0,51968.8,1200.0,46.0233,3.84,0.96,0.0,2026-07-21T07:42:58.385023+00:00,2026-07-21T07:42:58.393180+00:00,0.0,8,tp_cascade,test_BTC/USDT_ACHAT,test,[],,0.0
BTC/USDT,LONG,50030.0,52468.5,1200.0,58.0089,4.83,0.96,0.0,2026-07-21T07:42:58.400648+00:00,2026-07-21T07:42:58.403661+00:00,0.0,8,tp_cascade,test_BTC/USDT_ACHAT,test,[],,0.0
ETH/USDT,LONG,4002.4,3797.72,1206.9035,-62.203,-5.15,0.9655,0.0,2026-07-21T07:42:58.406508+00:00,2026-07-21T07:42:58.410231+00:00,0.0,8,sl,test_ETH/USDT_ACHAT,test,[],,0.0
BTC/USDT,LONG,50030.0,51968.8,1200.0,46.0233,3.84,0.96,0.0,2026-07-21T07:42:58.416293+00:00,2026-07-21T07:42:58.418910+00:00,0.0,8,tp_cascade,test_BTC/USDT_ACHAT,test,[],,0.0
BTC/USDT,LONG,50030.0,50969.4,1200.0,22.0521,1.84,0.96,0.0,2026-07-21T07:42:58.424400+00:00,2026-07-21T07:42:58.427292+00:00,0.0,8,manual,test_BTC/USDT_ACHAT,test,[],,0.0
BTC/USDT,LONG,50030.0,48470.9,1200.0,-37.876,-3.16,0.96,0.0,2026-07-23T05:43:51.221596+00:00,2026-07-23T05:43:51.224927+00:00,0.0,8,sl,test_BTC/USDT_ACHAT,test,[],,0.0
BTC/USDT,LONG,50030.0,52468.5,1200.0,58.0089,4.83,0.96,0.0,2026-07-23T05:43:51.249645+00:00,2026-07-23T05:43:51.258148+00:00,0.0,8,tp_cascade,test_BTC/USDT_ACHAT,test,[],,0.0
BTC/USDT,SHORT,49970.0,51530.9,1200.0,-37.9641,-3.16,0.96,0.0,2026-07-23T05:43:51.265320+00:00,2026-07-23T05:43:51.268109+00:00,0.0,8,sl,test_BTC/USDT_VENTE,test,[],,0.0
BTC/USDT,LONG,50030.0,51968.8,1200.0,46.0233,3.84,0.96,0.0,2026-07-23T05:43:51.273799+00:00,2026-07-23T05:43:51.281165+00:00,0.0,8,tp_cascade,test_BTC/USDT_ACHAT,test,[],,0.0
BTC/USDT,LONG,50030.0,52468.5,1200.0,58.0089,4.83,0.96,0.0,2026-07-23T05:43:51.288350+00:00,2026-07-23T05:43:51.290754+00:00,0.0,8,tp_cascade,test_BTC/USDT_ACHAT,test,[],,0.0
ETH/USDT,LONG,4002.4,3797.72,1206.9035,-62.203,-5.15,0.9655,0.0,2026-07-23T05:43:51.294528+00:00,2026-07-23T05:43:51.297537+00:00,0.0,8,sl,test_ETH/USDT_ACHAT,test,[],,0.0
BTC/USDT,LONG,50030.0,51968.8,1200.0,46.0233,3.84,0.96,0.0,2026-07-23T05:43:51.303769+00:00,2026-07-23T05:43:51.306093+00:00,0.0,8,tp_cascade,test_BTC/USDT_ACHAT,test,[],,0.0
BTC/USDT,LONG,50030.0,50969.4,1200.0,22.0521,1.84,0.96,0.0,2026-07-23T05:43:51.311601+00:00,2026-07-23T05:43:51.313598+00:00,0.0,8,manual,test_BTC/USDT_ACHAT,test,[],,0.0
PAXG/USDT,SHORT,4090.584176,4105.9621,200.0,-0.8319,-0.42,0.16,0.0,2026-07-27T01:29:24.072032+00:00,2026-07-27T02:00:05.274515+00:00,30.7,6,sl,ab0733b8773c,internal,"['OB/FVG 30m (tested)', 'OB/FVG double conf 15m', 'EMA200-1D aligné', 'Delta volume confirme', 'Liquidity sweep', 'RSI divergence bearish', 'Sweep + displacement', 'OB L2 imbalance 0.32', 'OB wall ask @ 4093']",VOLATILE,0.0
